  0
SECTION
  2
HEADER
  9
$ACADVER
  1
AC1032
  9
$ACADMAINTVER
 90
4
  9
$DWGCODEPAGE
  3
ANSI_1252
  9
$LASTSAVEDBY
  1
ezdxf
  9
$REQUIREDVERSIONS
160
0
  9
$INSBASE
 10
0.0
 20
0.0
 30
0.0
  9
$EXTMIN
 10
1e+20
 20
1e+20
 30
1e+20
  9
$EXTMAX
 10
-1e+20
 20
-1e+20
 30
-1e+20
  9
$LIMMIN
 10
0.0
 20
0.0
  9
$LIMMAX
 10
420.0
 20
297.0
  9
$ORTHOMODE
 70
0
  9
$REGENMODE
 70
1
  9
$FILLMODE
 70
1
  9
$QTEXTMODE
 70
0
  9
$MIRRTEXT
 70
1
  9
$LTSCALE
 40
1.0
  9
$ATTMODE
 70
1
  9
$TEXTSIZE
 40
2.5
  9
$TRACEWID
 40
1.0
  9
$TEXTSTYLE
  7
OpenSans
  9
$CLAYER
  8
0
  9
$CELTYPE
  6
ByLayer
  9
$CECOLOR
 62
256
  9
$CELTSCALE
 40
1.0
  9
$DISPSILH
 70
0
  9
$DIMSCALE
 40
1.0
  9
$DIMASZ
 40
0.175
  9
$DIMEXO
 40
0.125
  9
$DIMDLI
 40
3.75
  9
$DIMRND
 40
0.0
  9
$DIMDLE
 40
0.0
  9
$DIMEXE
 40
0.375
  9
$DIMTP
 40
0.0
  9
$DIMTM
 40
0.0
  9
$DIMTXT
 40
0.25
  9
$DIMCEN
 40
2.5
  9
$DIMTSZ
 40
0.0
  9
$DIMTOL
 70
0
  9
$DIMLIM
 70
0
  9
$DIMTIH
 70
0
  9
$DIMTOH
 70
0
  9
$DIMSE1
 70
0
  9
$DIMSE2
 70
0
  9
$DIMTAD
 70
1
  9
$DIMZIN
 70
12
  9
$DIMBLK
  1
ARCHTICK
  9
$DIMASO
 70
1
  9
$DIMSHO
 70
1
  9
$DIMPOST
  1

  9
$DIMAPOST
  1

  9
$DIMALT
 70
0
  9
$DIMALTD
 70
3
  9
$DIMALTF
 40
0.03937007874
  9
$DIMLFAC
 40
100.0
  9
$DIMTOFL
 70
1
  9
$DIMTVP
 40
0.0
  9
$DIMTIX
 70
0
  9
$DIMSOXD
 70
0
  9
$DIMSAH
 70
0
  9
$DIMBLK1
  1

  9
$DIMBLK2
  1

  9
$DIMSTYLE
  2
EZDXF
  9
$DIMCLRD
 70
0
  9
$DIMCLRE
 70
0
  9
$DIMCLRT
 70
0
  9
$DIMTFAC
 40
0.5
  9
$DIMGAP
 40
0.1
  9
$DIMJUST
 70
0
  9
$DIMSD1
 70
0
  9
$DIMSD2
 70
0
  9
$DIMTOLJ
 70
0
  9
$DIMTZIN
 70
8
  9
$DIMALTZ
 70
0
  9
$DIMALTTZ
 70
0
  9
$DIMUPT
 70
1
  9
$DIMDEC
 70
2
  9
$DIMTDEC
 70
2
  9
$DIMALTU
 70
2
  9
$DIMALTTD
 70
3
  9
$DIMTXSTY
  7
OpenSansCondensed-Light
  9
$DIMAUNIT
 70
0
  9
$DIMADEC
 70
2
  9
$DIMALTRND
 40
0.0
  9
$DIMAZIN
 70
3
  9
$DIMDSEP
 70
46
  9
$DIMATFIT
 70
3
  9
$DIMFRAC
 70
0
  9
$DIMLDRBLK
  1

  9
$DIMLUNIT
 70
2
  9
$DIMLWD
 70
-2
  9
$DIMLWE
 70
-2
  9
$DIMTMOVE
 70
2
  9
$DIMFXL
 40
1.0
  9
$DIMFXLON
 70
0
  9
$DIMJOGANG
 40
0.785398163397
  9
$DIMTFILL
 70
0
  9
$DIMTFILLCLR
 70
0
  9
$DIMARCSYM
 70
0
  9
$DIMLTYPE
  6

  9
$DIMLTEX1
  6

  9
$DIMLTEX2
  6

  9
$DIMTXTDIRECTION
 70
0
  9
$LUNITS
 70
2
  9
$LUPREC
 70
4
  9
$SKETCHINC
 40
1.0
  9
$FILLETRAD
 40
10.0
  9
$AUNITS
 70
0
  9
$AUPREC
 70
2
  9
$MENU
  1
.
  9
$ELEVATION
 40
0.0
  9
$PELEVATION
 40
0.0
  9
$THICKNESS
 40
0.0
  9
$LIMCHECK
 70
0
  9
$CHAMFERA
 40
0.0
  9
$CHAMFERB
 40
0.0
  9
$CHAMFERC
 40
0.0
  9
$CHAMFERD
 40
0.0
  9
$SKPOLY
 70
0
  9
$TDCREATE
 40
2461286.9228125
  9
$TDUCREATE
 40
2458532.153996898
  9
$TDUPDATE
 40
2461286.9228125
  9
$TDUUPDATE
 40
2458532.1544311
  9
$TDINDWG
 40
0.0
  9
$TDUSRTIMER
 40
0.0
  9
$USRTIMER
 70
1
  9
$ANGBASE
 50
0.0
  9
$ANGDIR
 70
0
  9
$PDMODE
 70
0
  9
$PDSIZE
 40
0.0
  9
$PLINEWID
 40
0.0
  9
$SPLFRAME
 70
0
  9
$SPLINETYPE
 70
6
  9
$SPLINESEGS
 70
8
  9
$HANDSEED
  5
CAF
  9
$SURFTAB1
 70
6
  9
$SURFTAB2
 70
6
  9
$SURFTYPE
 70
6
  9
$SURFU
 70
6
  9
$SURFV
 70
6
  9
$UCSBASE
  2

  9
$UCSNAME
  2

  9
$UCSORG
 10
0.0
 20
0.0
 30
0.0
  9
$UCSXDIR
 10
1.0
 20
0.0
 30
0.0
  9
$UCSYDIR
 10
0.0
 20
1.0
 30
0.0
  9
$UCSORTHOREF
  2

  9
$UCSORTHOVIEW
 70
0
  9
$UCSORGTOP
 10
0.0
 20
0.0
 30
0.0
  9
$UCSORGBOTTOM
 10
0.0
 20
0.0
 30
0.0
  9
$UCSORGLEFT
 10
0.0
 20
0.0
 30
0.0
  9
$UCSORGRIGHT
 10
0.0
 20
0.0
 30
0.0
  9
$UCSORGFRONT
 10
0.0
 20
0.0
 30
0.0
  9
$UCSORGBACK
 10
0.0
 20
0.0
 30
0.0
  9
$PUCSBASE
  2

  9
$PUCSNAME
  2

  9
$PUCSORG
 10
0.0
 20
0.0
 30
0.0
  9
$PUCSXDIR
 10
1.0
 20
0.0
 30
0.0
  9
$PUCSYDIR
 10
0.0
 20
1.0
 30
0.0
  9
$PUCSORTHOREF
  2

  9
$PUCSORTHOVIEW
 70
0
  9
$PUCSORGTOP
 10
0.0
 20
0.0
 30
0.0
  9
$PUCSORGBOTTOM
 10
0.0
 20
0.0
 30
0.0
  9
$PUCSORGLEFT
 10
0.0
 20
0.0
 30
0.0
  9
$PUCSORGRIGHT
 10
0.0
 20
0.0
 30
0.0
  9
$PUCSORGFRONT
 10
0.0
 20
0.0
 30
0.0
  9
$PUCSORGBACK
 10
0.0
 20
0.0
 30
0.0
  9
$USERI1
 70
0
  9
$USERI2
 70
0
  9
$USERI3
 70
0
  9
$USERI4
 70
0
  9
$USERI5
 70
0
  9
$USERR1
 40
0.0
  9
$USERR2
 40
0.0
  9
$USERR3
 40
0.0
  9
$USERR4
 40
0.0
  9
$USERR5
 40
0.0
  9
$WORLDVIEW
 70
1
  9
$SHADEDGE
 70
3
  9
$SHADEDIF
 70
70
  9
$TILEMODE
 70
1
  9
$MAXACTVP
 70
64
  9
$PINSBASE
 10
0.0
 20
0.0
 30
0.0
  9
$PLIMCHECK
 70
0
  9
$PEXTMIN
 10
1e+20
 20
1e+20
 30
1e+20
  9
$PEXTMAX
 10
-1e+20
 20
-1e+20
 30
-1e+20
  9
$PLIMMIN
 10
0.0
 20
0.0
  9
$PLIMMAX
 10
420.0
 20
297.0
  9
$UNITMODE
 70
0
  9
$VISRETAIN
 70
1
  9
$PLINEGEN
 70
0
  9
$PSLTSCALE
 70
1
  9
$TREEDEPTH
 70
3020
  9
$CMLSTYLE
  2
Standard
  9
$CMLJUST
 70
0
  9
$CMLSCALE
 40
20.0
  9
$PROXYGRAPHICS
 70
1
  9
$MEASUREMENT
 70
1
  9
$CELWEIGHT
370
-1
  9
$ENDCAPS
280
0
  9
$JOINSTYLE
280
0
  9
$LWDISPLAY
290
0
  9
$INSUNITS
 70
4
  9
$HYPERLINKBASE
  1

  9
$STYLESHEET
  1

  9
$XEDIT
290
1
  9
$CEPSNTYPE
380
0
  9
$PSTYLEMODE
290
1
  9
$FINGERPRINTGUID
  2
{800904C2-193E-47B9-9A99-0294D54F910E}
  9
$VERSIONGUID
  2
{03CFEDEA-B92F-4498-820E-0E630F1300CD}
  9
$EXTNAMES
290
1
  9
$PSVPSCALE
 40
0.0
  9
$OLESTARTUP
290
0
  9
$SORTENTS
280
127
  9
$INDEXCTL
280
0
  9
$HIDETEXT
280
1
  9
$XCLIPFRAME
280
1
  9
$HALOGAP
280
0
  9
$OBSCOLOR
 70
257
  9
$OBSLTYPE
280
0
  9
$INTERSECTIONDISPLAY
280
0
  9
$INTERSECTIONCOLOR
 70
257
  9
$DIMASSOC
280
2
  9
$PROJECTNAME
  1

  9
$CAMERADISPLAY
290
0
  9
$LENSLENGTH
 40
50.0
  9
$CAMERAHEIGHT
 40
0.0
  9
$STEPSPERSEC
 40
24.0
  9
$STEPSIZE
 40
100.0
  9
$3DDWFPREC
 40
2.0
  9
$PSOLWIDTH
 40
0.005
  9
$PSOLHEIGHT
 40
0.08
  9
$LOFTANG1
 40
1.570796326795
  9
$LOFTANG2
 40
1.570796326795
  9
$LOFTMAG1
 40
0.0
  9
$LOFTMAG2
 40
0.0
  9
$LOFTPARAM
 70
7
  9
$LOFTNORMALS
280
1
  9
$LATITUDE
 40
37.795
  9
$LONGITUDE
 40
-122.394
  9
$NORTHDIRECTION
 40
0.0
  9
$TIMEZONE
 70
-8000
  9
$LIGHTGLYPHDISPLAY
280
1
  9
$TILEMODELIGHTSYNCH
280
1
  9
$CMATERIAL
347
20
  9
$SOLIDHIST
280
0
  9
$SHOWHIST
280
1
  9
$DWFFRAME
280
2
  9
$DGNFRAME
280
2
  9
$REALWORLDSCALE
290
1
  9
$INTERFERECOLOR
 62
256
  9
$CSHADOW
280
0
  9
$SHADOWPLANELOCATION
 40
0.0
  0
ENDSEC
  0
SECTION
  2
CLASSES
  0
CLASS
  1
ACDBDICTIONARYWDFLT
  2
AcDbDictionaryWithDefault
  3
ObjectDBX Classes
 90
0
 91
0
280
0
281
0
  0
CLASS
  1
SUN
  2
AcDbSun
  3
SCENEOE
 90
1153
 91
0
280
0
281
0
  0
CLASS
  1
VISUALSTYLE
  2
AcDbVisualStyle
  3
ObjectDBX Classes
 90
4095
 91
0
280
0
281
0
  0
CLASS
  1
MATERIAL
  2
AcDbMaterial
  3
ObjectDBX Classes
 90
1153
 91
0
280
0
281
0
  0
CLASS
  1
SCALE
  2
AcDbScale
  3
ObjectDBX Classes
 90
1153
 91
0
280
0
281
0
  0
CLASS
  1
TABLESTYLE
  2
AcDbTableStyle
  3
ObjectDBX Classes
 90
4095
 91
0
280
0
281
0
  0
CLASS
  1
MLEADERSTYLE
  2
AcDbMLeaderStyle
  3
ACDB_MLEADERSTYLE_CLASS
 90
4095
 91
0
280
0
281
0
  0
CLASS
  1
DICTIONARYVAR
  2
AcDbDictionaryVar
  3
ObjectDBX Classes
 90
0
 91
0
280
0
281
0
  0
CLASS
  1
CELLSTYLEMAP
  2
AcDbCellStyleMap
  3
ObjectDBX Classes
 90
1152
 91
0
280
0
281
0
  0
CLASS
  1
MENTALRAYRENDERSETTINGS
  2
AcDbMentalRayRenderSettings
  3
SCENEOE
 90
1024
 91
0
280
0
281
0
  0
CLASS
  1
ACDBDETAILVIEWSTYLE
  2
AcDbDetailViewStyle
  3
ObjectDBX Classes
 90
1025
 91
0
280
0
281
0
  0
CLASS
  1
ACDBSECTIONVIEWSTYLE
  2
AcDbSectionViewStyle
  3
ObjectDBX Classes
 90
1025
 91
0
280
0
281
0
  0
CLASS
  1
RASTERVARIABLES
  2
AcDbRasterVariables
  3
ISM
 90
0
 91
0
280
0
281
0
  0
CLASS
  1
ACDBPLACEHOLDER
  2
AcDbPlaceHolder
  3
ObjectDBX Classes
 90
0
 91
0
280
0
281
0
  0
CLASS
  1
LAYOUT
  2
AcDbLayout
  3
ObjectDBX Classes
 90
0
 91
0
280
0
281
0
  0
ENDSEC
  0
SECTION
  2
TABLES
  0
TABLE
  2
VPORT
  5
8
330
0
100
AcDbSymbolTable
 70
1
  0
VPORT
  5
23
330
8
100
AcDbSymbolTableRecord
100
AcDbViewportTableRecord
  2
*Active
 70
0
 10
0.0
 20
0.0
 11
1.0
 21
1.0
 12
0.0
 22
0.0
 13
0.0
 23
0.0
 14
0.5
 24
0.5
 15
0.5
 25
0.5
 16
0.0
 26
0.0
 36
1.0
 17
0.0
 27
0.0
 37
0.0
 40
1000.0
 41
1.34
 42
50.0
 43
0.0
 44
0.0
 50
0.0
 51
0.0
 71
0
 72
1000
 73
1
 74
3
 75
0
 76
0
 77
0
 78
0
281
0
 65
0
146
0.0
  0
ENDTAB
  0
TABLE
  2
LTYPE
  5
2
330
0
100
AcDbSymbolTable
 70
21
  0
LTYPE
  5
24
330
2
100
AcDbSymbolTableRecord
100
AcDbLinetypeTableRecord
  2
ByBlock
 70
0
  3

 72
65
 73
0
 40
0.0
  0
LTYPE
  5
25
330
2
100
AcDbSymbolTableRecord
100
AcDbLinetypeTableRecord
  2
ByLayer
 70
0
  3

 72
65
 73
0
 40
0.0
  0
LTYPE
  5
26
330
2
100
AcDbSymbolTableRecord
100
AcDbLinetypeTableRecord
  2
Continuous
 70
0
  3

 72
65
 73
0
 40
0.0
  0
LTYPE
  5
2F
330
2
100
AcDbSymbolTableRecord
100
AcDbLinetypeTableRecord
  2
CENTER
 70
0
  3
Center ____ _ ____ _ ____ _ ____ _ ____ _ ____
 72
65
 73
4
 40
5.08
 49
3.175
 74
0
 49
-0.635
 74
0
 49
0.635
 74
0
 49
-0.635
 74
0
  0
LTYPE
  5
30
330
2
100
AcDbSymbolTableRecord
100
AcDbLinetypeTableRecord
  2
CENTERX2
 70
0
  3
Center (2x) ________  __  ________  __  ________
 72
65
 73
4
 40
8.89
 49
6.35
 74
0
 49
-0.635
 74
0
 49
1.27
 74
0
 49
-0.635
 74
0
  0
LTYPE
  5
31
330
2
100
AcDbSymbolTableRecord
100
AcDbLinetypeTableRecord
  2
CENTER2
 70
0
  3
Center (.5x) ____ _ ____ _ ____ _ ____ _ ____
 72
65
 73
4
 40
2.54
 49
1.587
 74
0
 49
-0.318
 74
0
 49
0.318
 74
0
 49
-0.318
 74
0
  0
LTYPE
  5
32
330
2
100
AcDbSymbolTableRecord
100
AcDbLinetypeTableRecord
  2
DASHED
 70
0
  3
Dashed __ __ __ __ __ __ __ __ __ __ __ __ __ _
 72
65
 73
2
 40
1.524
 49
1.27
 74
0
 49
-0.254
 74
0
  0
LTYPE
  5
33
330
2
100
AcDbSymbolTableRecord
100
AcDbLinetypeTableRecord
  2
DASHEDX2
 70
0
  3
Dashed (2x) ____  ____  ____  ____  ____  ____
 72
65
 73
2
 40
3.048
 49
2.54
 74
0
 49
-0.508
 74
0
  0
LTYPE
  5
34
330
2
100
AcDbSymbolTableRecord
100
AcDbLinetypeTableRecord
  2
DASHED2
 70
0
  3
Dashed (.5x) _ _ _ _ _ _ _ _ _ _ _ _ _ _
 72
65
 73
2
 40
0.762
 49
0.635
 74
0
 49
-0.127
 74
0
  0
LTYPE
  5
35
330
2
100
AcDbSymbolTableRecord
100
AcDbLinetypeTableRecord
  2
PHANTOM
 70
0
  3
Phantom ______  __  __  ______  __  __  ______
 72
65
 73
6
 40
6.35
 49
3.175
 74
0
 49
-0.635
 74
0
 49
0.635
 74
0
 49
-0.635
 74
0
 49
0.635
 74
0
 49
-0.635
 74
0
  0
LTYPE
  5
36
330
2
100
AcDbSymbolTableRecord
100
AcDbLinetypeTableRecord
  2
PHANTOMX2
 70
0
  3
Phantom (2x)____________    ____    ____    ____________
 72
65
 73
6
 40
10.795
 49
6.35
 74
0
 49
-0.635
 74
0
 49
1.27
 74
0
 49
-0.635
 74
0
 49
1.27
 74
0
 49
-0.635
 74
0
  0
LTYPE
  5
37
330
2
100
AcDbSymbolTableRecord
100
AcDbLinetypeTableRecord
  2
PHANTOM2
 70
0
  3
Phantom (.5x) ___ _ _ ___ _ _ ___ _ _ ___ _ _ ___
 72
65
 73
6
 40
3.175
 49
1.587
 74
0
 49
-0.318
 74
0
 49
0.318
 74
0
 49
-0.318
 74
0
 49
0.318
 74
0
 49
-0.318
 74
0
  0
LTYPE
  5
38
330
2
100
AcDbSymbolTableRecord
100
AcDbLinetypeTableRecord
  2
DASHDOT
 70
0
  3
Dash dot __ . __ . __ . __ . __ . __ . __ . __
 72
65
 73
4
 40
3.556
 49
2.54
 74
0
 49
-0.508
 74
0
 49
0.0
 74
0
 49
-0.508
 74
0
  0
LTYPE
  5
39
330
2
100
AcDbSymbolTableRecord
100
AcDbLinetypeTableRecord
  2
DASHDOTX2
 70
0
  3
Dash dot (2x) ____  .  ____  .  ____  .  ____
 72
65
 73
4
 40
6.096
 49
5.08
 74
0
 49
-0.508
 74
0
 49
0.0
 74
0
 49
-0.508
 74
0
  0
LTYPE
  5
3A
330
2
100
AcDbSymbolTableRecord
100
AcDbLinetypeTableRecord
  2
DASHDOT2
 70
0
  3
Dash dot (.5x) _ . _ . _ . _ . _ . _ . _ . _
 72
65
 73
4
 40
1.778
 49
1.27
 74
0
 49
-0.254
 74
0
 49
0.0
 74
0
 49
-0.254
 74
0
  0
LTYPE
  5
3B
330
2
100
AcDbSymbolTableRecord
100
AcDbLinetypeTableRecord
  2
DOT
 70
0
  3
Dot .  .  .  .  .  .  .  .  .  .  .  .  .  .  .  .
 72
65
 73
2
 40
0.508
 49
0.0
 74
0
 49
-0.508
 74
0
  0
LTYPE
  5
3C
330
2
100
AcDbSymbolTableRecord
100
AcDbLinetypeTableRecord
  2
DOTX2
 70
0
  3
Dot (2x) .    .    .    .    .    .    .    . 
 72
65
 73
2
 40
1.016
 49
0.0
 74
0
 49
-1.016
 74
0
  0
LTYPE
  5
3D
330
2
100
AcDbSymbolTableRecord
100
AcDbLinetypeTableRecord
  2
DOT2
 70
0
  3
Dot (.5) . . . . . . . . . . . . . . . . . . . 
 72
65
 73
2
 40
0.254
 49
0.0
 74
0
 49
-0.254
 74
0
  0
LTYPE
  5
3E
330
2
100
AcDbSymbolTableRecord
100
AcDbLinetypeTableRecord
  2
DIVIDE
 70
0
  3
Divide __ . . __ . . __ . . __ . . __ . . __
 72
65
 73
6
 40
4.064
 49
2.54
 74
0
 49
-0.508
 74
0
 49
0.0
 74
0
 49
-0.508
 74
0
 49
0.0
 74
0
 49
-0.508
 74
0
  0
LTYPE
  5
3F
330
2
100
AcDbSymbolTableRecord
100
AcDbLinetypeTableRecord
  2
DIVIDEX2
 70
0
  3
Divide (2x) ____  . .  ____  . .  ____  . .  ____
 72
65
 73
6
 40
6.604
 49
5.08
 74
0
 49
-0.508
 74
0
 49
0.0
 74
0
 49
-0.508
 74
0
 49
0.0
 74
0
 49
-0.508
 74
0
  0
LTYPE
  5
40
330
2
100
AcDbSymbolTableRecord
100
AcDbLinetypeTableRecord
  2
DIVIDE2
 70
0
  3
Divide(.5x) _ . _ . _ . _ . _ . _ . _ . _
 72
65
 73
6
 40
2.032
 49
1.27
 74
0
 49
-0.254
 74
0
 49
0.0
 74
0
 49
-0.254
 74
0
 49
0.0
 74
0
 49
-0.254
 74
0
  0
ENDTAB
  0
TABLE
  2
LAYER
  5
1
330
0
100
AcDbSymbolTable
 70
10
  0
LAYER
  5
27
330
1
100
AcDbSymbolTableRecord
100
AcDbLayerTableRecord
  2
0
 70
0
 62
7
  6
Continuous
370
-3
390
13
347
21
  0
LAYER
  5
28
330
1
100
AcDbSymbolTableRecord
100
AcDbLayerTableRecord
  2
Defpoints
 70
0
 62
7
  6
Continuous
290
0
370
-3
390
13
347
21
  0
LAYER
  5
8C
330
1
100
AcDbSymbolTableRecord
100
AcDbLayerTableRecord
  2
SD_RESULT_WALER
 70
0
 62
7
  6
Continuous
370
-3
390
13
347
21
  0
LAYER
  5
8D
330
1
100
AcDbSymbolTableRecord
100
AcDbLayerTableRecord
  2
SD_RESULT_SUPPORT
 70
0
 62
7
  6
Continuous
370
-3
390
13
347
21
  0
LAYER
  5
8E
330
1
100
AcDbSymbolTableRecord
100
AcDbLayerTableRecord
  2
ES-圍令L1H350x350
 70
0
 62
7
  6
Continuous
370
-3
390
13
347
21
  0
LAYER
  5
8F
330
1
100
AcDbSymbolTableRecord
100
AcDbLayerTableRecord
  2
ES-LH350x350
 70
0
 62
7
  6
Continuous
370
-3
390
13
347
21
  0
LAYER
  5
90
330
1
100
AcDbSymbolTableRecord
100
AcDbLayerTableRecord
  2
ES-大斜撐_支撐350x350
 70
0
 62
7
  6
Continuous
370
-3
390
13
347
21
  0
LAYER
  5
91
330
1
100
AcDbSymbolTableRecord
100
AcDbLayerTableRecord
  2
ES-中間樁NO
 70
0
 62
7
  6
Continuous
370
-3
390
13
347
21
  0
LAYER
  5
92
330
1
100
AcDbSymbolTableRecord
100
AcDbLayerTableRecord
  2
ES-C250x90
 70
0
 62
7
  6
Continuous
370
-3
390
13
347
21
  0
LAYER
  5
93
330
1
100
AcDbSymbolTableRecord
100
AcDbLayerTableRecord
  2
!T1 (站體)_角撐
 70
0
 62
7
  6
Continuous
370
-3
390
13
347
21
  0
ENDTAB
  0
TABLE
  2
STYLE
  5
5
330
0
100
AcDbSymbolTable
 70
26
  0
STYLE
  5
29
330
5
100
AcDbSymbolTableRecord
100
AcDbTextStyleTableRecord
  2
Standard
 70
0
 40
0.0
 41
1.0
 50
0.0
 71
0
 42
2.5
  3
txt
  4

  0
STYLE
  5
41
330
5
100
AcDbSymbolTableRecord
100
AcDbTextStyleTableRecord
  2
OpenSans-Light
 70
0
 40
0.0
 41
1.0
 50
0.0
 71
0
 42
2.5
  3
OpenSans-Light.ttf
  4

  0
STYLE
  5
42
330
5
100
AcDbSymbolTableRecord
100
AcDbTextStyleTableRecord
  2
OpenSans-Light-Italic
 70
0
 40
0.0
 41
1.0
 50
0.0
 71
0
 42
2.5
  3
OpenSans-LightItalic.ttf
  4

  0
STYLE
  5
43
330
5
100
AcDbSymbolTableRecord
100
AcDbTextStyleTableRecord
  2
OpenSans
 70
0
 40
0.0
 41
1.0
 50
0.0
 71
0
 42
2.5
  3
OpenSans-Regular.ttf
  4

  0
STYLE
  5
44
330
5
100
AcDbSymbolTableRecord
100
AcDbTextStyleTableRecord
  2
OpenSans-Italic
 70
0
 40
0.0
 41
1.0
 50
0.0
 71
0
 42
2.5
  3
OpenSans-Italic.ttf
  4

  0
STYLE
  5
45
330
5
100
AcDbSymbolTableRecord
100
AcDbTextStyleTableRecord
  2
OpenSans-SemiBold
 70
0
 40
0.0
 41
1.0
 50
0.0
 71
0
 42
2.5
  3
OpenSans-SemiBold.ttf
  4

  0
STYLE
  5
46
330
5
100
AcDbSymbolTableRecord
100
AcDbTextStyleTableRecord
  2
OpenSans-SemiBoldItalic
 70
0
 40
0.0
 41
1.0
 50
0.0
 71
0
 42
2.5
  3
OpenSans-SemiBoldItalic.ttf
  4

  0
STYLE
  5
47
330
5
100
AcDbSymbolTableRecord
100
AcDbTextStyleTableRecord
  2
OpenSans-Bold
 70
0
 40
0.0
 41
1.0
 50
0.0
 71
0
 42
2.5
  3
OpenSans-Bold.ttf
  4

  0
STYLE
  5
48
330
5
100
AcDbSymbolTableRecord
100
AcDbTextStyleTableRecord
  2
OpenSans-BoldItalic
 70
0
 40
0.0
 41
1.0
 50
0.0
 71
0
 42
2.5
  3
OpenSans-BoldItalic.ttf
  4

  0
STYLE
  5
49
330
5
100
AcDbSymbolTableRecord
100
AcDbTextStyleTableRecord
  2
OpenSans-ExtraBold
 70
0
 40
0.0
 41
1.0
 50
0.0
 71
0
 42
2.5
  3
OpenSans-ExtraBold.ttf
  4

  0
STYLE
  5
4A
330
5
100
AcDbSymbolTableRecord
100
AcDbTextStyleTableRecord
  2
OpenSans-ExtraBoldItalic
 70
0
 40
0.0
 41
1.0
 50
0.0
 71
0
 42
2.5
  3
OpenSans-ExtraBoldItalic.ttf
  4

  0
STYLE
  5
4B
330
5
100
AcDbSymbolTableRecord
100
AcDbTextStyleTableRecord
  2
OpenSansCondensed-Bold
 70
0
 40
0.0
 41
1.0
 50
0.0
 71
0
 42
2.5
  3
OpenSansCondensed-Bold.ttf
  4

  0
STYLE
  5
4C
330
5
100
AcDbSymbolTableRecord
100
AcDbTextStyleTableRecord
  2
OpenSansCondensed-Light
 70
0
 40
0.0
 41
1.0
 50
0.0
 71
0
 42
2.5
  3
OpenSansCondensed-Light.ttf
  4

  0
STYLE
  5
4D
330
5
100
AcDbSymbolTableRecord
100
AcDbTextStyleTableRecord
  2
OpenSansCondensed-Italic
 70
0
 40
0.0
 41
1.0
 50
0.0
 71
0
 42
2.5
  3
OpenSansCondensed-LightItalic.ttf
  4

  0
STYLE
  5
4E
330
5
100
AcDbSymbolTableRecord
100
AcDbTextStyleTableRecord
  2
LiberationSans
 70
0
 40
0.0
 41
1.0
 50
0.0
 71
0
 42
2.5
  3
LiberationSans-Regular.ttf
  4

  0
STYLE
  5
4F
330
5
100
AcDbSymbolTableRecord
100
AcDbTextStyleTableRecord
  2
LiberationSans-Bold
 70
0
 40
0.0
 41
1.0
 50
0.0
 71
0
 42
2.5
  3
LiberationSans-Bold.ttf
  4

  0
STYLE
  5
50
330
5
100
AcDbSymbolTableRecord
100
AcDbTextStyleTableRecord
  2
LiberationSans-BoldItalic
 70
0
 40
0.0
 41
1.0
 50
0.0
 71
0
 42
2.5
  3
LiberationSans-BoldItalic.ttf
  4

  0
STYLE
  5
51
330
5
100
AcDbSymbolTableRecord
100
AcDbTextStyleTableRecord
  2
LiberationSans-Italic
 70
0
 40
0.0
 41
1.0
 50
0.0
 71
0
 42
2.5
  3
LiberationSans-Italic.ttf
  4

  0
STYLE
  5
52
330
5
100
AcDbSymbolTableRecord
100
AcDbTextStyleTableRecord
  2
LiberationSerif
 70
0
 40
0.0
 41
1.0
 50
0.0
 71
0
 42
2.5
  3
LiberationSerif-Regular.ttf
  4

  0
STYLE
  5
53
330
5
100
AcDbSymbolTableRecord
100
AcDbTextStyleTableRecord
  2
LiberationSerif-Bold
 70
0
 40
0.0
 41
1.0
 50
0.0
 71
0
 42
2.5
  3
LiberationSerif-Bold.ttf
  4

  0
STYLE
  5
54
330
5
100
AcDbSymbolTableRecord
100
AcDbTextStyleTableRecord
  2
LiberationSerif-BoldItalic
 70
0
 40
0.0
 41
1.0
 50
0.0
 71
0
 42
2.5
  3
LiberationSerif-BoldItalic.ttf
  4

  0
STYLE
  5
55
330
5
100
AcDbSymbolTableRecord
100
AcDbTextStyleTableRecord
  2
LiberationSerif-Italic
 70
0
 40
0.0
 41
1.0
 50
0.0
 71
0
 42
2.5
  3
LiberationSerif-Italic.ttf
  4

  0
STYLE
  5
56
330
5
100
AcDbSymbolTableRecord
100
AcDbTextStyleTableRecord
  2
LiberationMono
 70
0
 40
0.0
 41
1.0
 50
0.0
 71
0
 42
2.5
  3
LiberationMono-Regular.ttf
  4

  0
STYLE
  5
57
330
5
100
AcDbSymbolTableRecord
100
AcDbTextStyleTableRecord
  2
LiberationMono-Bold
 70
0
 40
0.0
 41
1.0
 50
0.0
 71
0
 42
2.5
  3
LiberationMono-Bold.ttf
  4

  0
STYLE
  5
58
330
5
100
AcDbSymbolTableRecord
100
AcDbTextStyleTableRecord
  2
LiberationMono-BoldItalic
 70
0
 40
0.0
 41
1.0
 50
0.0
 71
0
 42
2.5
  3
LiberationMono-BoldItalic.ttf
  4

  0
STYLE
  5
59
330
5
100
AcDbSymbolTableRecord
100
AcDbTextStyleTableRecord
  2
LiberationMono-Italic
 70
0
 40
0.0
 41
1.0
 50
0.0
 71
0
 42
2.5
  3
LiberationMono-Italic.ttf
  4

  0
ENDTAB
  0
TABLE
  2
VIEW
  5
7
330
0
100
AcDbSymbolTable
 70
0
  0
ENDTAB
  0
TABLE
  2
UCS
  5
6
330
0
100
AcDbSymbolTable
 70
0
  0
ENDTAB
  0
TABLE
  2
APPID
  5
3
330
0
100
AcDbSymbolTable
 70
4
  0
APPID
  5
2A
330
3
100
AcDbSymbolTableRecord
100
AcDbRegAppTableRecord
  2
ACAD
 70
0
  0
APPID
  5
8A
330
3
100
AcDbSymbolTableRecord
100
AcDbRegAppTableRecord
  2
SUPPORT_DISTRIBUTION_UV
 70
0
  0
APPID
  5
CAC
330
3
100
AcDbSymbolTableRecord
100
AcDbRegAppTableRecord
  2
HATCHBACKGROUNDCOLOR
 70
0
  0
APPID
  5
CAD
330
3
100
AcDbSymbolTableRecord
100
AcDbRegAppTableRecord
  2
EZDXF
 70
0
  0
ENDTAB
  0
TABLE
  2
DIMSTYLE
  5
4
330
0
100
AcDbSymbolTable
 70
13
100
AcDbDimStyleTable
  0
DIMSTYLE
105
2B
330
4
100
AcDbSymbolTableRecord
100
AcDbDimStyleTableRecord
  2
Standard
 70
0
 40
1.0
 41
2.5
 42
0.625
 43
3.75
 44
1.25
 45
0.0
 46
0.0
 47
0.0
 48
0.0
 49
2.5
140
2.5
141
2.5
142
0.0
143
0.03937007874
144
1.0
145
0.0
146
1.0
147
0.625
148
0.0
 69
0
 70
0
 71
0
 72
0
 73
0
 74
0
 75
0
 76
0
 77
1
 78
8
 79
3
170
0
171
3
172
1
173
0
174
0
175
0
176
0
177
0
178
0
179
2
271
2
272
2
273
2
274
3
275
0
276
0
277
2
278
44
279
0
280
0
281
0
282
0
283
0
284
8
285
0
286
0
288
0
289
3
290
0
371
-2
372
-2
  0
DIMSTYLE
105
73
330
4
100
AcDbSymbolTableRecord
100
AcDbDimStyleTableRecord
  2
EZDXF
 70
0
 40
1.0
 41
0.175
 42
0.125
 43
3.75
 44
0.375
 45
0.0
 46
0.0
 47
0.0
 48
0.0
 49
2.5
140
0.25
141
2.5
142
0.0
143
0.03937007874
144
100.0
145
0.0
146
0.5
147
0.1
148
0.0
 69
0
 70
0
 71
0
 72
0
 73
0
 74
0
 75
0
 76
0
 77
1
 78
12
 79
3
170
0
171
3
172
1
173
0
174
0
175
0
176
0
177
0
178
0
179
2
271
2
272
2
273
2
274
3
275
0
276
0
277
2
278
46
279
2
280
0
281
0
282
0
283
0
284
8
285
0
286
0
288
1
289
3
290
0
340
4C
342
74
371
-2
372
-2
  0
DIMSTYLE
105
7C
330
4
100
AcDbSymbolTableRecord
100
AcDbDimStyleTableRecord
  2
EZ_M_100_H25_CM
 70
0
 40
1.0
 41
0.25
 42
0.125
 43
3.75
 44
0.375
 45
0.0
 46
0.0
 47
0.0
 48
0.0
 49
2.5
140
0.25
141
2.5
142
0.125
143
0.03937007874
144
100.0
145
0.0
146
0.5
147
0.1
148
0.0
 69
0
 70
0
 71
0
 72
0
 73
0
 74
0
 75
0
 76
0
 77
1
 78
12
 79
3
170
0
171
3
172
1
173
0
174
0
175
0
176
0
177
0
178
0
179
2
271
2
272
2
273
2
274
3
275
0
276
0
277
2
278
46
279
2
280
0
281
0
282
0
283
0
284
8
285
0
286
0
288
1
289
3
290
0
340
4C
371
-2
372
-2
  0
DIMSTYLE
105
7D
330
4
100
AcDbSymbolTableRecord
100
AcDbDimStyleTableRecord
  2
EZ_M_50_H25_CM
 70
0
 40
1.0
 41
0.125
 42
0.0625
 43
3.75
 44
0.1875
 45
0.0
 46
0.0
 47
0.0
 48
0.0
 49
2.5
140
0.125
141
2.5
142
0.0625
143
0.03937007874
144
100.0
145
0.0
146
0.5
147
0.05
148
0.0
 69
0
 70
0
 71
0
 72
0
 73
0
 74
0
 75
0
 76
0
 77
1
 78
12
 79
3
170
0
171
3
172
1
173
0
174
0
175
0
176
0
177
0
178
0
179
2
271
2
272
2
273
2
274
3
275
0
276
0
277
2
278
46
279
2
280
0
281
0
282
0
283
0
284
8
285
0
286
0
288
1
289
3
290
0
340
4C
371
-2
372
-2
  0
DIMSTYLE
105
7E
330
4
100
AcDbSymbolTableRecord
100
AcDbDimStyleTableRecord
  2
EZ_M_25_H25_CM
 70
0
 40
1.0
 41
0.0625
 42
0.03125
 43
3.75
 44
0.09375
 45
0.0
 46
0.0
 47
0.0
 48
0.0
 49
2.5
140
0.0625
141
2.5
142
0.03125
143
0.03937007874
144
100.0
145
0.0
146
0.5
147
0.025
148
0.0
 69
0
 70
0
 71
0
 72
0
 73
0
 74
0
 75
0
 76
0
 77
1
 78
12
 79
3
170
0
171
3
172
1
173
0
174
0
175
0
176
0
177
0
178
0
179
2
271
2
272
2
273
2
274
3
275
0
276
0
277
2
278
46
279
2
280
0
281
0
282
0
283
0
284
8
285
0
286
0
288
1
289
3
290
0
340
4C
371
-2
372
-2
  0
DIMSTYLE
105
7F
330
4
100
AcDbSymbolTableRecord
100
AcDbDimStyleTableRecord
  2
EZ_M_20_H25_CM
 70
0
 40
1.0
 41
0.05
 42
0.025
 43
3.75
 44
0.07500000000000001
 45
0.0
 46
0.0
 47
0.0
 48
0.0
 49
2.5
140
0.05
141
2.5
142
0.025
143
0.03937007874
144
100.0
145
0.0
146
0.5
147
0.020000000000000004
148
0.0
 69
0
 70
0
 71
0
 72
0
 73
0
 74
0
 75
0
 76
0
 77
1
 78
12
 79
3
170
0
171
3
172
1
173
0
174
0
175
0
176
0
177
0
178
0
179
2
271
2
272
2
273
2
274
3
275
0
276
0
277
2
278
46
279
2
280
0
281
0
282
0
283
0
284
8
285
0
286
0
288
1
289
3
290
0
340
4C
371
-2
372
-2
  0
DIMSTYLE
105
80
330
4
100
AcDbSymbolTableRecord
100
AcDbDimStyleTableRecord
  2
EZ_M_10_H25_CM
 70
0
 40
1.0
 41
0.025
 42
0.0125
 43
3.75
 44
0.037500000000000006
 45
0.0
 46
0.0
 47
0.0
 48
0.0
 49
2.5
140
0.025
141
2.5
142
0.0125
143
0.03937007874
144
100.0
145
0.0
146
0.5
147
0.010000000000000002
148
0.0
 69
0
 70
0
 71
0
 72
0
 73
0
 74
0
 75
0
 76
0
 77
1
 78
12
 79
3
170
0
171
3
172
1
173
0
174
0
175
0
176
0
177
0
178
0
179
2
271
2
272
2
273
2
274
3
275
0
276
0
277
2
278
46
279
2
280
0
281
0
282
0
283
0
284
8
285
0
286
0
288
1
289
3
290
0
340
4C
371
-2
372
-2
  0
DIMSTYLE
105
81
330
4
100
AcDbSymbolTableRecord
100
AcDbDimStyleTableRecord
  2
EZ_M_5_H25_CM
 70
0
 40
1.0
 41
0.0125
 42
0.00625
 43
3.75
 44
0.018750000000000003
 45
0.0
 46
0.0
 47
0.0
 48
0.0
 49
2.5
140
0.0125
141
2.5
142
0.00625
143
0.03937007874
144
100.0
145
0.0
146
0.5
147
0.005000000000000001
148
0.0
 69
0
 70
0
 71
0
 72
0
 73
0
 74
0
 75
0
 76
0
 77
1
 78
12
 79
3
170
0
171
3
172
1
173
0
174
0
175
0
176
0
177
0
178
0
179
2
271
2
272
2
273
2
274
3
275
0
276
0
277
2
278
46
279
2
280
0
281
0
282
0
283
0
284
8
285
0
286
0
288
1
289
3
290
0
340
4C
371
-2
372
-2
  0
DIMSTYLE
105
82
330
4
100
AcDbSymbolTableRecord
100
AcDbDimStyleTableRecord
  2
EZ_M_1_H25_CM
 70
0
 40
1.0
 41
0.0025
 42
0.00125
 43
3.75
 44
0.00375
 45
0.0
 46
0.0
 47
0.0
 48
0.0
 49
2.5
140
0.0025
141
2.5
142
0.00125
143
0.03937007874
144
100.0
145
0.0
146
0.5
147
0.001
148
0.0
 69
0
 70
0
 71
0
 72
0
 73
0
 74
0
 75
0
 76
0
 77
1
 78
12
 79
3
170
0
171
3
172
1
173
0
174
0
175
0
176
0
177
0
178
0
179
2
271
2
272
2
273
2
274
3
275
0
276
0
277
2
278
46
279
2
280
0
281
0
282
0
283
0
284
8
285
0
286
0
288
1
289
3
290
0
340
4C
371
-2
372
-2
  0
DIMSTYLE
105
83
330
4
100
AcDbSymbolTableRecord
100
AcDbDimStyleTableRecord
  2
EZ_RADIUS
 70
0
 40
1.0
 41
0.25
 42
0.125
 43
3.75
 44
0.375
 45
0.0
 46
0.0
 47
0.0
 48
0.0
 49
2.5
140
0.25
141
0.0
142
0.0
143
0.03937007874
144
100.0
145
0.0
146
0.5
147
0.1
148
0.0
 69
0
 70
0
 71
0
 72
0
 73
0
 74
0
 75
0
 76
0
 77
1
 78
12
 79
3
170
0
171
3
172
0
173
0
174
0
175
0
176
0
177
0
178
0
179
2
271
2
272
2
273
2
274
3
275
0
276
0
277
2
278
46
279
1
280
0
281
0
282
0
283
0
284
8
285
0
286
0
288
1
289
3
290
0
340
4C
342
84
371
-2
372
-2
  0
DIMSTYLE
105
88
330
4
100
AcDbSymbolTableRecord
100
AcDbDimStyleTableRecord
  2
EZ_RADIUS_INSIDE
 70
0
 40
1.0
 41
0.25
 42
0.125
 43
3.75
 44
0.375
 45
0.0
 46
0.0
 47
0.0
 48
0.0
 49
2.5
140
0.25
141
0.0
142
0.0
143
0.03937007874
144
100.0
145
0.0
146
0.5
147
0.1
148
0.0
 69
0
 70
0
 71
0
 72
0
 73
0
 74
0
 75
0
 76
0
 77
0
 78
12
 79
3
170
0
171
3
172
0
173
0
174
1
175
0
176
0
177
0
178
0
179
2
271
2
272
2
273
2
274
3
275
0
276
0
277
2
278
46
279
0
280
0
281
0
282
0
283
0
284
8
285
0
286
0
288
1
289
0
290
0
340
4C
342
84
371
-2
372
-2
  0
DIMSTYLE
105
89
330
4
100
AcDbSymbolTableRecord
100
AcDbDimStyleTableRecord
  2
EZ_CURVED
 70
0
 40
1.0
 41
0.25
 42
0.125
 43
3.75
 44
0.375
 45
0.0
 46
0.0
 47
0.0
 48
0.0
 49
2.5
140
0.25
141
2.5
142
0.0
143
0.03937007874
144
100.0
145
0.0
146
0.5
147
0.1
148
0.0
 69
0
 70
0
 71
0
 72
0
 73
0
 74
0
 75
0
 76
0
 77
1
 78
12
 79
2
 90
2
170
0
171
3
172
1
173
0
174
0
175
0
176
0
177
0
178
0
179
2
271
2
272
2
273
2
274
3
275
0
276
0
277
2
278
46
279
2
280
0
281
0
282
0
283
0
284
8
285
0
286
0
288
1
289
3
290
0
340
4C
371
-2
372
-2
  0
DIMSTYLE
105
8B
330
4
100
AcDbSymbolTableRecord
100
AcDbDimStyleTableRecord
  2
SUPPORT_SEGMENT
 70
0
 40
1.0
 41
150.0
 42
100.0
 43
3.75
 44
150.0
 45
0.0
 46
0.0
 47
0.0
 48
0.0
 49
2.5
140
250.0
141
2.5
142
0.0
143
0.03937007874
144
1.0
145
0.0
146
1.0
147
75.0
148
0.0
 69
0
 70
0
 71
0
 72
0
 73
0
 74
0
 75
0
 76
0
 77
1
 78
8
 79
3
170
0
171
3
172
1
173
0
174
0
175
0
176
0
177
0
178
0
179
2
271
0
272
2
273
2
274
3
275
0
276
0
277
2
278
44
279
0
280
0
281
0
282
0
283
0
284
8
285
0
286
0
288
0
289
3
290
0
371
-2
372
-2
  0
ENDTAB
  0
TABLE
  2
BLOCK_RECORD
  5
9
330
0
100
AcDbSymbolTable
 70
86
  0
BLOCK_RECORD
  5
17
330
9
100
AcDbSymbolTableRecord
100
AcDbBlockTableRecord
  2
*Model_Space
340
1A
 70
0
280
1
281
0
  0
BLOCK_RECORD
  5
1B
330
9
100
AcDbSymbolTableRecord
100
AcDbBlockTableRecord
  2
*Paper_Space
340
1E
 70
0
280
1
281
0
  0
BLOCK_RECORD
  5
74
330
9
100
AcDbSymbolTableRecord
100
AcDbBlockTableRecord
  2
_ARCHTICK
340
0
 70
0
280
1
281
0
  0
BLOCK_RECORD
  5
78
330
9
100
AcDbSymbolTableRecord
100
AcDbBlockTableRecord
  2
_CLOSEDFILLED
340
0
 70
0
280
1
281
0
  0
BLOCK_RECORD
  5
84
330
9
100
AcDbSymbolTableRecord
100
AcDbBlockTableRecord
  2
_CLOSEDBLANK
340
0
 70
0
280
1
281
0
  0
BLOCK_RECORD
  5
724
330
9
100
AcDbSymbolTableRecord
100
AcDbBlockTableRecord
  2
SUPPORT_JACK
340
0
 70
0
280
1
281
0
  0
BLOCK_RECORD
  5
770
330
9
100
AcDbSymbolTableRecord
100
AcDbBlockTableRecord
  2
*D1
340
0
 70
0
280
1
281
0
  0
BLOCK_RECORD
  5
780
330
9
100
AcDbSymbolTableRecord
100
AcDbBlockTableRecord
  2
*D2
340
0
 70
0
280
1
281
0
  0
BLOCK_RECORD
  5
790
330
9
100
AcDbSymbolTableRecord
100
AcDbBlockTableRecord
  2
*D3
340
0
 70
0
280
1
281
0
  0
BLOCK_RECORD
  5
7A0
330
9
100
AcDbSymbolTableRecord
100
AcDbBlockTableRecord
  2
*D4
340
0
 70
0
280
1
281
0
  0
BLOCK_RECORD
  5
7B1
330
9
100
AcDbSymbolTableRecord
100
AcDbBlockTableRecord
  2
*D5
340
0
 70
0
280
1
281
0
  0
BLOCK_RECORD
  5
7C3
330
9
100
AcDbSymbolTableRecord
100
AcDbBlockTableRecord
  2
*D6
340
0
 70
0
280
1
281
0
  0
BLOCK_RECORD
  5
7D4
330
9
100
AcDbSymbolTableRecord
100
AcDbBlockTableRecord
  2
*D7
340
0
 70
0
280
1
281
0
  0
BLOCK_RECORD
  5
7E4
330
9
100
AcDbSymbolTableRecord
100
AcDbBlockTableRecord
  2
*D8
340
0
 70
0
280
1
281
0
  0
BLOCK_RECORD
  5
7F4
330
9
100
AcDbSymbolTableRecord
100
AcDbBlockTableRecord
  2
*D9
340
0
 70
0
280
1
281
0
  0
BLOCK_RECORD
  5
805
330
9
100
AcDbSymbolTableRecord
100
AcDbBlockTableRecord
  2
*D10
340
0
 70
0
280
1
281
0
  0
BLOCK_RECORD
  5
815
330
9
100
AcDbSymbolTableRecord
100
AcDbBlockTableRecord
  2
*D11
340
0
 70
0
280
1
281
0
  0
BLOCK_RECORD
  5
827
330
9
100
AcDbSymbolTableRecord
100
AcDbBlockTableRecord
  2
*D12
340
0
 70
0
280
1
281
0
  0
BLOCK_RECORD
  5
838
330
9
100
AcDbSymbolTableRecord
100
AcDbBlockTableRecord
  2
*D13
340
0
 70
0
280
1
281
0
  0
BLOCK_RECORD
  5
848
330
9
100
AcDbSymbolTableRecord
100
AcDbBlockTableRecord
  2
*D14
340
0
 70
0
280
1
281
0
  0
BLOCK_RECORD
  5
859
330
9
100
AcDbSymbolTableRecord
100
AcDbBlockTableRecord
  2
*D15
340
0
 70
0
280
1
281
0
  0
BLOCK_RECORD
  5
869
330
9
100
AcDbSymbolTableRecord
100
AcDbBlockTableRecord
  2
*D16
340
0
 70
0
280
1
281
0
  0
BLOCK_RECORD
  5
87B
330
9
100
AcDbSymbolTableRecord
100
AcDbBlockTableRecord
  2
*D17
340
0
 70
0
280
1
281
0
  0
BLOCK_RECORD
  5
88C
330
9
100
AcDbSymbolTableRecord
100
AcDbBlockTableRecord
  2
*D18
340
0
 70
0
280
1
281
0
  0
BLOCK_RECORD
  5
89C
330
9
100
AcDbSymbolTableRecord
100
AcDbBlockTableRecord
  2
*D19
340
0
 70
0
280
1
281
0
  0
BLOCK_RECORD
  5
8AC
330
9
100
AcDbSymbolTableRecord
100
AcDbBlockTableRecord
  2
*D20
340
0
 70
0
280
1
281
0
  0
BLOCK_RECORD
  5
8BD
330
9
100
AcDbSymbolTableRecord
100
AcDbBlockTableRecord
  2
*D21
340
0
 70
0
280
1
281
0
  0
BLOCK_RECORD
  5
8CF
330
9
100
AcDbSymbolTableRecord
100
AcDbBlockTableRecord
  2
*D22
340
0
 70
0
280
1
281
0
  0
BLOCK_RECORD
  5
8E0
330
9
100
AcDbSymbolTableRecord
100
AcDbBlockTableRecord
  2
*D23
340
0
 70
0
280
1
281
0
  0
BLOCK_RECORD
  5
8F0
330
9
100
AcDbSymbolTableRecord
100
AcDbBlockTableRecord
  2
*D24
340
0
 70
0
280
1
281
0
  0
BLOCK_RECORD
  5
900
330
9
100
AcDbSymbolTableRecord
100
AcDbBlockTableRecord
  2
*D25
340
0
 70
0
280
1
281
0
  0
BLOCK_RECORD
  5
911
330
9
100
AcDbSymbolTableRecord
100
AcDbBlockTableRecord
  2
*D26
340
0
 70
0
280
1
281
0
  0
BLOCK_RECORD
  5
923
330
9
100
AcDbSymbolTableRecord
100
AcDbBlockTableRecord
  2
*D27
340
0
 70
0
280
1
281
0
  0
BLOCK_RECORD
  5
934
330
9
100
AcDbSymbolTableRecord
100
AcDbBlockTableRecord
  2
*D28
340
0
 70
0
280
1
281
0
  0
BLOCK_RECORD
  5
944
330
9
100
AcDbSymbolTableRecord
100
AcDbBlockTableRecord
  2
*D29
340
0
 70
0
280
1
281
0
  0
BLOCK_RECORD
  5
954
330
9
100
AcDbSymbolTableRecord
100
AcDbBlockTableRecord
  2
*D30
340
0
 70
0
280
1
281
0
  0
BLOCK_RECORD
  5
965
330
9
100
AcDbSymbolTableRecord
100
AcDbBlockTableRecord
  2
*D31
340
0
 70
0
280
1
281
0
  0
BLOCK_RECORD
  5
977
330
9
100
AcDbSymbolTableRecord
100
AcDbBlockTableRecord
  2
*D32
340
0
 70
0
280
1
281
0
  0
BLOCK_RECORD
  5
988
330
9
100
AcDbSymbolTableRecord
100
AcDbBlockTableRecord
  2
*D33
340
0
 70
0
280
1
281
0
  0
BLOCK_RECORD
  5
998
330
9
100
AcDbSymbolTableRecord
100
AcDbBlockTableRecord
  2
*D34
340
0
 70
0
280
1
281
0
  0
BLOCK_RECORD
  5
9A8
330
9
100
AcDbSymbolTableRecord
100
AcDbBlockTableRecord
  2
*D35
340
0
 70
0
280
1
281
0
  0
BLOCK_RECORD
  5
9B9
330
9
100
AcDbSymbolTableRecord
100
AcDbBlockTableRecord
  2
*D36
340
0
 70
0
280
1
281
0
  0
BLOCK_RECORD
  5
9CB
330
9
100
AcDbSymbolTableRecord
100
AcDbBlockTableRecord
  2
*D37
340
0
 70
0
280
1
281
0
  0
BLOCK_RECORD
  5
9DC
330
9
100
AcDbSymbolTableRecord
100
AcDbBlockTableRecord
  2
*D38
340
0
 70
0
280
1
281
0
  0
BLOCK_RECORD
  5
9EC
330
9
100
AcDbSymbolTableRecord
100
AcDbBlockTableRecord
  2
*D39
340
0
 70
0
280
1
281
0
  0
BLOCK_RECORD
  5
9FC
330
9
100
AcDbSymbolTableRecord
100
AcDbBlockTableRecord
  2
*D40
340
0
 70
0
280
1
281
0
  0
BLOCK_RECORD
  5
A0D
330
9
100
AcDbSymbolTableRecord
100
AcDbBlockTableRecord
  2
*D41
340
0
 70
0
280
1
281
0
  0
BLOCK_RECORD
  5
A1F
330
9
100
AcDbSymbolTableRecord
100
AcDbBlockTableRecord
  2
*D42
340
0
 70
0
280
1
281
0
  0
BLOCK_RECORD
  5
A30
330
9
100
AcDbSymbolTableRecord
100
AcDbBlockTableRecord
  2
*D43
340
0
 70
0
280
1
281
0
  0
BLOCK_RECORD
  5
A40
330
9
100
AcDbSymbolTableRecord
100
AcDbBlockTableRecord
  2
*D44
340
0
 70
0
280
1
281
0
  0
BLOCK_RECORD
  5
A50
330
9
100
AcDbSymbolTableRecord
100
AcDbBlockTableRecord
  2
*D45
340
0
 70
0
280
1
281
0
  0
BLOCK_RECORD
  5
A61
330
9
100
AcDbSymbolTableRecord
100
AcDbBlockTableRecord
  2
*D46
340
0
 70
0
280
1
281
0
  0
BLOCK_RECORD
  5
A73
330
9
100
AcDbSymbolTableRecord
100
AcDbBlockTableRecord
  2
*D47
340
0
 70
0
280
1
281
0
  0
BLOCK_RECORD
  5
A84
330
9
100
AcDbSymbolTableRecord
100
AcDbBlockTableRecord
  2
*D48
340
0
 70
0
280
1
281
0
  0
BLOCK_RECORD
  5
A94
330
9
100
AcDbSymbolTableRecord
100
AcDbBlockTableRecord
  2
*D49
340
0
 70
0
280
1
281
0
  0
BLOCK_RECORD
  5
AA4
330
9
100
AcDbSymbolTableRecord
100
AcDbBlockTableRecord
  2
*D50
340
0
 70
0
280
1
281
0
  0
BLOCK_RECORD
  5
AB5
330
9
100
AcDbSymbolTableRecord
100
AcDbBlockTableRecord
  2
*D51
340
0
 70
0
280
1
281
0
  0
BLOCK_RECORD
  5
AC7
330
9
100
AcDbSymbolTableRecord
100
AcDbBlockTableRecord
  2
*D52
340
0
 70
0
280
1
281
0
  0
BLOCK_RECORD
  5
AD8
330
9
100
AcDbSymbolTableRecord
100
AcDbBlockTableRecord
  2
*D53
340
0
 70
0
280
1
281
0
  0
BLOCK_RECORD
  5
AE8
330
9
100
AcDbSymbolTableRecord
100
AcDbBlockTableRecord
  2
*D54
340
0
 70
0
280
1
281
0
  0
BLOCK_RECORD
  5
AF8
330
9
100
AcDbSymbolTableRecord
100
AcDbBlockTableRecord
  2
*D55
340
0
 70
0
280
1
281
0
  0
BLOCK_RECORD
  5
B09
330
9
100
AcDbSymbolTableRecord
100
AcDbBlockTableRecord
  2
*D56
340
0
 70
0
280
1
281
0
  0
BLOCK_RECORD
  5
B19
330
9
100
AcDbSymbolTableRecord
100
AcDbBlockTableRecord
  2
*D57
340
0
 70
0
280
1
281
0
  0
BLOCK_RECORD
  5
B2B
330
9
100
AcDbSymbolTableRecord
100
AcDbBlockTableRecord
  2
*D58
340
0
 70
0
280
1
281
0
  0
BLOCK_RECORD
  5
B3C
330
9
100
AcDbSymbolTableRecord
100
AcDbBlockTableRecord
  2
*D59
340
0
 70
0
280
1
281
0
  0
BLOCK_RECORD
  5
B4C
330
9
100
AcDbSymbolTableRecord
100
AcDbBlockTableRecord
  2
*D60
340
0
 70
0
280
1
281
0
  0
BLOCK_RECORD
  5
B5D
330
9
100
AcDbSymbolTableRecord
100
AcDbBlockTableRecord
  2
*D61
340
0
 70
0
280
1
281
0
  0
BLOCK_RECORD
  5
B6F
330
9
100
AcDbSymbolTableRecord
100
AcDbBlockTableRecord
  2
*D62
340
0
 70
0
280
1
281
0
  0
BLOCK_RECORD
  5
B80
330
9
100
AcDbSymbolTableRecord
100
AcDbBlockTableRecord
  2
*D63
340
0
 70
0
280
1
281
0
  0
BLOCK_RECORD
  5
B90
330
9
100
AcDbSymbolTableRecord
100
AcDbBlockTableRecord
  2
*D64
340
0
 70
0
280
1
281
0
  0
BLOCK_RECORD
  5
BA0
330
9
100
AcDbSymbolTableRecord
100
AcDbBlockTableRecord
  2
*D65
340
0
 70
0
280
1
281
0
  0
BLOCK_RECORD
  5
BB1
330
9
100
AcDbSymbolTableRecord
100
AcDbBlockTableRecord
  2
*D66
340
0
 70
0
280
1
281
0
  0
BLOCK_RECORD
  5
BC3
330
9
100
AcDbSymbolTableRecord
100
AcDbBlockTableRecord
  2
*D67
340
0
 70
0
280
1
281
0
  0
BLOCK_RECORD
  5
BD4
330
9
100
AcDbSymbolTableRecord
100
AcDbBlockTableRecord
  2
*D68
340
0
 70
0
280
1
281
0
  0
BLOCK_RECORD
  5
BE4
330
9
100
AcDbSymbolTableRecord
100
AcDbBlockTableRecord
  2
*D69
340
0
 70
0
280
1
281
0
  0
BLOCK_RECORD
  5
BF4
330
9
100
AcDbSymbolTableRecord
100
AcDbBlockTableRecord
  2
*D70
340
0
 70
0
280
1
281
0
  0
BLOCK_RECORD
  5
C05
330
9
100
AcDbSymbolTableRecord
100
AcDbBlockTableRecord
  2
*D71
340
0
 70
0
280
1
281
0
  0
BLOCK_RECORD
  5
C17
330
9
100
AcDbSymbolTableRecord
100
AcDbBlockTableRecord
  2
*D72
340
0
 70
0
280
1
281
0
  0
BLOCK_RECORD
  5
C28
330
9
100
AcDbSymbolTableRecord
100
AcDbBlockTableRecord
  2
*D73
340
0
 70
0
280
1
281
0
  0
BLOCK_RECORD
  5
C38
330
9
100
AcDbSymbolTableRecord
100
AcDbBlockTableRecord
  2
*D74
340
0
 70
0
280
1
281
0
  0
BLOCK_RECORD
  5
C48
330
9
100
AcDbSymbolTableRecord
100
AcDbBlockTableRecord
  2
*D75
340
0
 70
0
280
1
281
0
  0
BLOCK_RECORD
  5
C59
330
9
100
AcDbSymbolTableRecord
100
AcDbBlockTableRecord
  2
*D76
340
0
 70
0
280
1
281
0
  0
BLOCK_RECORD
  5
C6B
330
9
100
AcDbSymbolTableRecord
100
AcDbBlockTableRecord
  2
*D77
340
0
 70
0
280
1
281
0
  0
BLOCK_RECORD
  5
C7C
330
9
100
AcDbSymbolTableRecord
100
AcDbBlockTableRecord
  2
*D78
340
0
 70
0
280
1
281
0
  0
BLOCK_RECORD
  5
C8C
330
9
100
AcDbSymbolTableRecord
100
AcDbBlockTableRecord
  2
*D79
340
0
 70
0
280
1
281
0
  0
BLOCK_RECORD
  5
C9C
330
9
100
AcDbSymbolTableRecord
100
AcDbBlockTableRecord
  2
*D80
340
0
 70
0
280
1
281
0
  0
ENDTAB
  0
ENDSEC
  0
SECTION
  2
BLOCKS
  0
BLOCK
  5
18
330
17
100
AcDbEntity
  8
0
100
AcDbBlockBegin
  2
*Model_Space
 70
0
 10
0.0
 20
0.0
 30
0.0
  3
*Model_Space
  1

  0
ENDBLK
  5
19
330
17
100
AcDbEntity
  8
0
100
AcDbBlockEnd
  0
BLOCK
  5
1C
330
1B
100
AcDbEntity
  8
0
100
AcDbBlockBegin
  2
*Paper_Space
 70
0
 10
0.0
 20
0.0
 30
0.0
  3
*Paper_Space
  1

  0
ENDBLK
  5
1D
330
1B
100
AcDbEntity
  8
0
100
AcDbBlockEnd
  0
BLOCK
  5
75
330
74
100
AcDbEntity
  8
0
100
AcDbBlockBegin
  2
_ARCHTICK
 70
0
 10
0.0
 20
0.0
 30
0.0
  3
_ARCHTICK
  1

  0
LWPOLYLINE
  5
77
330
74
100
AcDbEntity
  8
0
  6
BYBLOCK
 62
0
100
AcDbPolyline
 90
2
 70
0
 43
0.15
 10
-0.5
 20
-0.5
 10
0.5
 20
0.5
  0
ENDBLK
  5
76
330
74
100
AcDbEntity
  8
0
100
AcDbBlockEnd
  0
BLOCK
  5
79
330
78
100
AcDbEntity
  8
0
100
AcDbBlockBegin
  2
_CLOSEDFILLED
 70
0
 10
0.0
 20
0.0
 30
0.0
  3
_CLOSEDFILLED
  1

  0
SOLID
  5
7B
330
78
100
AcDbEntity
  8
0
  6
BYBLOCK
 62
0
100
AcDbTrace
 10
-1.0
 20
0.16439898372402537
 30
0.0
 11
0.0
 21
0.0
 31
0.0
 12
-1.0
 22
-0.16439898372402537
 32
0.0
 13
-1.0
 23
-0.16439898372402537
 33
0.0
  0
ENDBLK
  5
7A
330
78
100
AcDbEntity
  8
0
100
AcDbBlockEnd
  0
BLOCK
  5
85
330
84
100
AcDbEntity
  8
0
100
AcDbBlockBegin
  2
_CLOSEDBLANK
 70
0
 10
0.0
 20
0.0
 30
0.0
  3
_CLOSEDBLANK
  1

  0
LWPOLYLINE
  5
87
330
84
100
AcDbEntity
  8
0
  6
BYBLOCK
 62
0
100
AcDbPolyline
 90
3
 70
1
 10
-1.0
 20
0.16439898372402537
 10
0.0
 20
0.0
 10
-1.0
 20
-0.16439898372402537
  0
ENDBLK
  5
86
330
84
100
AcDbEntity
  8
0
100
AcDbBlockEnd
  0
BLOCK
  5
725
330
724
100
AcDbEntity
  8
0
100
AcDbBlockBegin
  2
SUPPORT_JACK
 70
0
 10
0.0
 20
0.0
 30
0.0
  3
SUPPORT_JACK
  1

  0
LINE
  5
727
330
724
100
AcDbEntity
  8
0
100
AcDbLine
 10
512.0
 20
-74.999999999999
 30
0.0
 11
525.0
 21
-54.999999999997996
 31
0.0
  0
LINE
  5
728
330
724
100
AcDbEntity
  8
0
100
AcDbLine
 10
499.000000000001
 20
-54.999999999997996
 30
0.0
 11
512.0
 21
-74.999999999999
 31
0.0
  0
LINE
  5
729
330
724
100
AcDbEntity
  8
0
100
AcDbLine
 10
486.00000000000693
 20
-74.999999999997
 30
0.0
 11
499.000000000001
 21
-54.999999999997996
 31
0.0
  0
LINE
  5
72A
330
724
100
AcDbEntity
  8
0
100
AcDbLine
 10
473.000000000002
 20
-54.999999999997996
 30
0.0
 11
486.00000000000693
 21
-74.999999999997
 31
0.0
  0
LINE
  5
72B
330
724
100
AcDbEntity
  8
0
100
AcDbLine
 10
460.000000000002
 20
-74.999999999999
 30
0.0
 11
473.000000000002
 21
-54.999999999997996
 31
0.0
  0
LINE
  5
72C
330
724
100
AcDbEntity
  8
0
100
AcDbLine
 10
447.000000000003
 20
-54.999999999997996
 30
0.0
 11
460.000000000002
 21
-74.999999999999
 31
0.0
  0
LINE
  5
72D
330
724
100
AcDbEntity
  8
0
100
AcDbLine
 10
434.000000000003
 20
-74.999999999997
 30
0.0
 11
447.000000000003
 21
-54.999999999997996
 31
0.0
  0
LINE
  5
72E
330
724
100
AcDbEntity
  8
0
100
AcDbLine
 10
421.000000000004
 20
-54.999999999997996
 30
0.0
 11
434.000000000003
 21
-74.999999999997
 31
0.0
  0
LINE
  5
72F
330
724
100
AcDbEntity
  8
0
100
AcDbLine
 10
407.99999999999795
 20
-74.999999999999
 30
0.0
 11
421.000000000004
 21
-54.999999999997996
 31
0.0
  0
LINE
  5
730
330
724
100
AcDbEntity
  8
0
100
AcDbLine
 10
394.999999999999
 20
-54.999999999996994
 30
0.0
 11
407.99999999999795
 21
-74.999999999999
 31
0.0
  0
LINE
  5
731
330
724
100
AcDbEntity
  8
0
100
AcDbLine
 10
407.99999999999795
 20
75.000000000004
 30
0.0
 11
394.999999999993
 21
55.000000000001
 31
0.0
  0
LINE
  5
732
330
724
100
AcDbEntity
  8
0
100
AcDbLine
 10
421.000000000004
 20
55.000000000001
 30
0.0
 11
407.99999999999795
 21
75.000000000004
 31
0.0
  0
LINE
  5
733
330
724
100
AcDbEntity
  8
0
100
AcDbLine
 10
434.000000000003
 20
75.00000000001
 30
0.0
 11
421.000000000004
 21
55.000000000001
 31
0.0
  0
LINE
  5
734
330
724
100
AcDbEntity
  8
0
100
AcDbLine
 10
447.000000000003
 20
55.000000000001
 30
0.0
 11
434.000000000003
 21
75.00000000001
 31
0.0
  0
LINE
  5
735
330
724
100
AcDbEntity
  8
0
100
AcDbLine
 10
460.000000000002
 20
75.000000000011
 30
0.0
 11
447.000000000003
 21
55.000000000001
 31
0.0
  0
LINE
  5
736
330
724
100
AcDbEntity
  8
0
100
AcDbLine
 10
473.000000000002
 20
55.000000000001
 30
0.0
 11
460.000000000002
 21
75.000000000011
 31
0.0
  0
LINE
  5
737
330
724
100
AcDbEntity
  8
0
100
AcDbLine
 10
485.999999999996
 20
75.000000000017
 30
0.0
 11
473.000000000002
 21
55.000000000001
 31
0.0
  0
LINE
  5
738
330
724
100
AcDbEntity
  8
0
100
AcDbLine
 10
499.000000000001
 20
55.000000000001
 30
0.0
 11
485.999999999996
 21
75.000000000017
 31
0.0
  0
LINE
  5
739
330
724
100
AcDbEntity
  8
0
100
AcDbLine
 10
512.0
 20
75.00000000001799
 30
0.0
 11
499.000000000001
 21
55.000000000001
 31
0.0
  0
LINE
  5
73A
330
724
100
AcDbEntity
  8
0
100
AcDbLine
 10
525.0
 20
55.000000000001
 30
0.0
 11
512.0
 21
75.00000000001799
 31
0.0
  0
LINE
  5
73B
330
724
100
AcDbEntity
  8
0
100
AcDbLine
 10
408.000000000004
 20
75.000000000004
 30
0.0
 11
408.000000000004
 21
-74.999999999999
 31
0.0
  0
LINE
  5
73C
330
724
100
AcDbEntity
  8
0
100
AcDbLine
 10
421.000000000004
 20
55.000000000001
 30
0.0
 11
421.000000000004
 21
-54.999999999997996
 31
0.0
  0
LINE
  5
73D
330
724
100
AcDbEntity
  8
0
100
AcDbLine
 10
434.000000000003
 20
75.00000000000901
 30
0.0
 11
434.000000000003
 21
-74.999999999997
 31
0.0
  0
LINE
  5
73E
330
724
100
AcDbEntity
  8
0
100
AcDbLine
 10
447.000000000003
 20
55.000000000001
 30
0.0
 11
447.000000000003
 21
-54.999999999997996
 31
0.0
  0
LINE
  5
73F
330
724
100
AcDbEntity
  8
0
100
AcDbLine
 10
460.000000000002
 20
75.000000000011
 30
0.0
 11
460.000000000002
 21
-74.999999999999
 31
0.0
  0
LINE
  5
740
330
724
100
AcDbEntity
  8
0
100
AcDbLine
 10
473.000000000002
 20
55.000000000001
 30
0.0
 11
473.000000000002
 21
-54.999999999997996
 31
0.0
  0
LINE
  5
741
330
724
100
AcDbEntity
  8
0
100
AcDbLine
 10
485.999999999996
 20
75.000000000016
 30
0.0
 11
486.00000000000693
 21
-74.999999999997
 31
0.0
  0
LINE
  5
742
330
724
100
AcDbEntity
  8
0
100
AcDbLine
 10
499.000000000001
 20
55.000000000001
 30
0.0
 11
499.000000000001
 21
-54.999999999997996
 31
0.0
  0
LINE
  5
743
330
724
100
AcDbEntity
  8
0
100
AcDbLine
 10
512.0
 20
75.00000000001799
 30
0.0
 11
512.0
 21
-74.999999999999
 31
0.0
  0
LINE
  5
744
330
724
100
AcDbEntity
  8
0
100
AcDbLine
 10
525.0
 20
-54.999999999997996
 30
0.0
 11
575.0
 21
-54.999999999997996
 31
0.0
  0
LINE
  5
745
330
724
100
AcDbEntity
  8
0
100
AcDbLine
 10
525.0
 20
55.000000000001
 30
0.0
 11
575.0
 21
55.000000000001
 31
0.0
  0
LINE
  5
746
330
724
100
AcDbEntity
  8
0
100
AcDbLine
 10
550.0
 20
10.000000000002
 30
0.0
 11
550.0
 21
-9.999999999998
 31
0.0
  0
LINE
  5
747
330
724
100
AcDbEntity
  8
0
100
AcDbLine
 10
550.0
 20
-54.999999999997996
 30
0.0
 11
550.0
 21
-149.999999999999
 31
0.0
  0
LINE
  5
748
330
724
100
AcDbEntity
  8
0
100
AcDbLine
 10
550.0
 20
-9.999999999998
 30
0.0
 11
575.0
 21
-9.999999999998
 31
0.0
  0
LINE
  5
749
330
724
100
AcDbEntity
  8
0
100
AcDbLine
 10
550.0
 20
10.000000000002
 30
0.0
 11
575.0
 21
10.000000000002
 31
0.0
  0
LINE
  5
74A
330
724
100
AcDbEntity
  8
0
100
AcDbLine
 10
379.999999999995
 20
75.000000000001
 30
0.0
 11
379.999999999995
 21
-74.999999999999
 31
0.0
  0
LINE
  5
74B
330
724
100
AcDbEntity
  8
0
100
AcDbLine
 10
394.999999999993
 20
55.000000000001
 30
0.0
 11
394.999999999993
 21
-54.999999999997996
 31
0.0
  0
LINE
  5
74C
330
724
100
AcDbEntity
  8
0
100
AcDbLine
 10
384.999999999997
 20
55.000000000001
 30
0.0
 11
394.999999999999
 21
55.000000000003
 31
0.0
  0
LINE
  5
74D
330
724
100
AcDbEntity
  8
0
100
AcDbLine
 10
384.999999999997
 20
-54.999999999997996
 30
0.0
 11
394.999999999999
 21
-54.999999999997996
 31
0.0
  0
LINE
  5
74E
330
724
100
AcDbEntity
  8
0
100
AcDbLine
 10
337.49999999999403
 20
-74.999999999999
 30
0.0
 11
337.49999999999403
 21
-149.999999999999
 31
0.0
  0
LINE
  5
74F
330
724
100
AcDbEntity
  8
0
100
AcDbLine
 10
367.500000000001
 20
-74.999999999999
 30
0.0
 11
367.500000000001
 21
-149.999999999999
 31
0.0
  0
CIRCLE
  5
750
330
724
100
AcDbEntity
  8
0
100
AcDbCircle
 10
352.499999999998
 20
-2.9999999999999997e-12
 30
0.0
 40
10.0
  0
LINE
  5
751
330
724
100
AcDbEntity
  8
0
100
AcDbLine
 10
367.500000000001
 20
149.999999999999
 30
0.0
 11
337.49999999999403
 21
149.999999999999
 31
0.0
  0
LINE
  5
752
330
724
100
AcDbEntity
  8
0
100
AcDbLine
 10
367.500000000001
 20
-149.999999999999
 30
0.0
 11
337.49999999999403
 21
-149.999999999999
 31
0.0
  0
LINE
  5
753
330
724
100
AcDbEntity
  8
0
100
AcDbLine
 10
337.49999999999403
 20
149.999999999999
 30
0.0
 11
337.49999999999403
 21
75.000000000001
 31
0.0
  0
LINE
  5
754
330
724
100
AcDbEntity
  8
0
100
AcDbLine
 10
367.500000000001
 20
149.999999999999
 30
0.0
 11
367.500000000001
 21
75.000000000001
 31
0.0
  0
LINE
  5
755
330
724
100
AcDbEntity
  8
0
100
AcDbLine
 10
319.999999999993
 20
75.000000000001
 30
0.0
 11
384.999999999997
 21
75.000000000001
 31
0.0
  0
LINE
  5
756
330
724
100
AcDbEntity
  8
0
100
AcDbLine
 10
319.999999999993
 20
-74.999999999999
 30
0.0
 11
384.999999999997
 21
-74.999999999999
 31
0.0
  0
LINE
  5
757
330
724
100
AcDbEntity
  8
0
100
AcDbLine
 10
525.0
 20
55.000000000001
 30
0.0
 11
525.0
 21
-54.999999999997996
 31
0.0
  0
LINE
  5
758
330
724
100
AcDbEntity
  8
0
100
AcDbLine
 10
384.999999999997
 20
75.000000000001
 30
0.0
 11
384.999999999997
 21
-74.999999999999
 31
0.0
  0
LINE
  5
759
330
724
100
AcDbEntity
  8
0
100
AcDbLine
 10
324.99999999999403
 20
75.000000000001
 30
0.0
 11
324.99999999999403
 21
-74.999999999999
 31
0.0
  0
LINE
  5
75A
330
724
100
AcDbEntity
  8
0
100
AcDbLine
 10
309.999999999997
 20
110.000000000002
 30
0.0
 11
309.999999999997
 21
-109.99999999999801
 31
0.0
  0
LINE
  5
75B
330
724
100
AcDbEntity
  8
0
100
AcDbLine
 10
244.999999999993
 20
-109.99999999999801
 30
0.0
 11
244.999999999993
 21
-134.999999999998
 31
0.0
  0
LINE
  5
75C
330
724
100
AcDbEntity
  8
0
100
AcDbLine
 10
244.999999999993
 20
12.500000000000998
 30
0.0
 11
244.999999999993
 21
-12.499999999999
 31
0.0
  0
LINE
  5
75D
330
724
100
AcDbEntity
  8
0
100
AcDbLine
 10
244.999999999993
 20
134.999999999999
 30
0.0
 11
244.999999999993
 21
110.000000000002
 31
0.0
  0
LINE
  5
75E
330
724
100
AcDbEntity
  8
0
100
AcDbLine
 10
24.999999999994
 20
12.500000000000998
 30
0.0
 11
244.999999999993
 21
12.500000000000998
 31
0.0
  0
LINE
  5
75F
330
724
100
AcDbEntity
  8
0
100
AcDbLine
 10
24.999999999994
 20
-12.499999999999
 30
0.0
 11
244.999999999993
 21
-12.499999999999
 31
0.0
  0
LINE
  5
760
330
724
100
AcDbEntity
  8
0
100
AcDbLine
 10
24.999999999994
 20
149.999999999999
 30
0.0
 11
-5.9999999999999995e-12
 21
149.999999999999
 31
0.0
  0
LINE
  5
761
330
724
100
AcDbEntity
  8
0
100
AcDbLine
 10
24.999999999994
 20
134.999999999999
 30
0.0
 11
244.999999999993
 21
134.999999999999
 31
0.0
  0
LINE
  5
762
330
724
100
AcDbEntity
  8
0
100
AcDbLine
 10
24.999999999994
 20
-134.999999999998
 30
0.0
 11
244.999999999993
 21
-134.999999999998
 31
0.0
  0
LINE
  5
763
330
724
100
AcDbEntity
  8
0
100
AcDbLine
 10
24.999999999994
 20
110.000000000002
 30
0.0
 11
319.999999999993
 21
110.000000000002
 31
0.0
  0
LINE
  5
764
330
724
100
AcDbEntity
  8
0
100
AcDbLine
 10
24.999999999994
 20
-109.99999999999801
 30
0.0
 11
319.999999999993
 21
-109.99999999999801
 31
0.0
  0
LINE
  5
765
330
724
100
AcDbEntity
  8
0
100
AcDbLine
 10
319.999999999993
 20
110.000000000002
 30
0.0
 11
319.999999999993
 21
-109.99999999999801
 31
0.0
  0
LINE
  5
766
330
724
100
AcDbEntity
  8
0
100
AcDbLine
 10
24.999999999994
 20
149.999999999999
 30
0.0
 11
24.999999999994
 21
-150.00000000000298
 31
0.0
  0
LINE
  5
767
330
724
100
AcDbEntity
  8
0
100
AcDbLine
 10
575.0
 20
149.999999999999
 30
0.0
 11
575.0
 21
-149.999999999999
 31
0.0
  0
LINE
  5
768
330
724
100
AcDbEntity
  8
0
100
AcDbLine
 10
600.0
 20
-149.999999999999
 30
0.0
 11
550.0
 21
-149.999999999999
 31
0.0
  0
LINE
  5
769
330
724
100
AcDbEntity
  8
0
100
AcDbLine
 10
550.0
 20
149.999999999999
 30
0.0
 11
550.0
 21
55.000000000001
 31
0.0
  0
LINE
  5
76A
330
724
100
AcDbEntity
  8
0
100
AcDbLine
 10
575.0
 20
149.999999999999
 30
0.0
 11
550.0
 21
149.999999999999
 31
0.0
  0
LINE
  5
76B
330
724
100
AcDbEntity
  8
0
100
AcDbLine
 10
600.0
 20
149.999999999999
 30
0.0
 11
575.0
 21
149.999999999999
 31
0.0
  0
LINE
  5
76C
330
724
100
AcDbEntity
  8
0
100
AcDbLine
 10
-5.9999999999999995e-12
 20
-149.999999999999
 30
0.0
 11
24.999999999994
 21
-150.00000000000298
 31
0.0
  0
LINE
  5
76D
330
724
100
AcDbEntity
  8
0
100
AcDbLine
 10
0.0
 20
149.999999999999
 30
0.0
 11
0.0
 21
-149.999999999999
 31
0.0
  0
LINE
  5
76E
330
724
100
AcDbEntity
  8
0
100
AcDbLine
 10
600.0
 20
149.999999999999
 30
0.0
 11
600.0
 21
-149.999999999999
 31
0.0
  0
ENDBLK
  5
726
330
724
100
AcDbEntity
  8
0
100
AcDbBlockEnd
  0
BLOCK
  5
771
330
770
100
AcDbEntity
  8
0
100
AcDbBlockBegin
  2
*D1
 70
1
 10
0.0
 20
0.0
 30
0.0
  3
*D1
  1

  0
LINE
  5
773
330
770
100
AcDbEntity
  8
0
100
AcDbLine
 10
338138.2870494365
 20
-725295.5694823606
 30
0.0
 11
337438.2870494365
 21
-725295.5694823606
 31
0.0
  0
LINE
  5
774
330
770
100
AcDbEntity
  8
0
100
AcDbLine
 10
338138.2870494365
 20
-719795.5694823606
 30
0.0
 11
337438.2870494365
 21
-719795.5694823606
 31
0.0
  0
INSERT
  5
775
330
770
100
AcDbEntity
  8
SD_RESULT_WALER
100
AcDbBlockReference
  2
_CLOSEDFILLED
 10
337588.2870494365
 20
-725295.5694823606
 30
0.0
 41
150.0
 42
150.0
 50
-90.00000000000001
  0
INSERT
  5
777
330
770
100
AcDbEntity
  8
SD_RESULT_WALER
100
AcDbBlockReference
  2
_CLOSEDFILLED
 10
337588.2870494365
 20
-719795.5694823606
 30
0.0
 41
150.0
 42
150.0
 50
90.0
  0
LINE
  5
779
330
770
100
AcDbEntity
  8
0
100
AcDbLine
 10
337588.2870494365
 20
-725145.5694823606
 30
0.0
 11
337588.2870494365
 21
-723045.5694823606
 31
0.0
  0
LINE
  5
77A
330
770
100
AcDbEntity
  8
0
100
AcDbLine
 10
337588.2870494365
 20
-722045.5694823606
 30
0.0
 11
337588.2870494365
 21
-719945.5694823606
 31
0.0
  0
MTEXT
  5
77B
330
770
100
AcDbEntity
  8
SD_RESULT_WALER
100
AcDbMText
 10
337588.2870494365
 20
-722545.5694823606
 30
0.0
 40
250.0
 71
5
  1
5500
  7
OpenSansCondensed-Light
 11
6.123233995736766e-17
 21
1.0
 31
0.0
  0
POINT
  5
77C
330
770
100
AcDbEntity
  8
Defpoints
100
AcDbPoint
 10
337588.2870494365
 20
-725295.5694823606
 30
0.0
  0
POINT
  5
77D
330
770
100
AcDbEntity
  8
Defpoints
100
AcDbPoint
 10
338238.2870494365
 20
-725295.5694823606
 30
0.0
  0
POINT
  5
77E
330
770
100
AcDbEntity
  8
Defpoints
100
AcDbPoint
 10
338238.2870494365
 20
-719795.5694823606
 30
0.0
  0
ENDBLK
  5
772
330
770
100
AcDbEntity
  8
0
100
AcDbBlockEnd
  0
BLOCK
  5
781
330
780
100
AcDbEntity
  8
0
100
AcDbBlockBegin
  2
*D2
 70
1
 10
0.0
 20
0.0
 30
0.0
  3
*D2
  1

  0
LINE
  5
783
330
780
100
AcDbEntity
  8
0
100
AcDbLine
 10
338138.2870494365
 20
-719795.5694823606
 30
0.0
 11
337438.2870494365
 21
-719795.5694823606
 31
0.0
  0
LINE
  5
784
330
780
100
AcDbEntity
  8
0
100
AcDbLine
 10
338138.2870494365
 20
-711795.5694823606
 30
0.0
 11
337438.2870494365
 21
-711795.5694823606
 31
0.0
  0
INSERT
  5
785
330
780
100
AcDbEntity
  8
SD_RESULT_WALER
100
AcDbBlockReference
  2
_CLOSEDFILLED
 10
337588.2870494365
 20
-719795.5694823606
 30
0.0
 41
150.0
 42
150.0
 50
-90.00000000000001
  0
INSERT
  5
787
330
780
100
AcDbEntity
  8
SD_RESULT_WALER
100
AcDbBlockReference
  2
_CLOSEDFILLED
 10
337588.2870494365
 20
-711795.5694823606
 30
0.0
 41
150.0
 42
150.0
 50
90.0
  0
LINE
  5
789
330
780
100
AcDbEntity
  8
0
100
AcDbLine
 10
337588.2870494365
 20
-719645.5694823606
 30
0.0
 11
337588.2870494365
 21
-716295.5694823606
 31
0.0
  0
LINE
  5
78A
330
780
100
AcDbEntity
  8
0
100
AcDbLine
 10
337588.2870494365
 20
-715295.5694823606
 30
0.0
 11
337588.2870494365
 21
-711945.5694823606
 31
0.0
  0
MTEXT
  5
78B
330
780
100
AcDbEntity
  8
SD_RESULT_WALER
100
AcDbMText
 10
337588.2870494365
 20
-715795.5694823606
 30
0.0
 40
250.0
 71
5
  1
8000
  7
OpenSansCondensed-Light
 11
6.123233995736766e-17
 21
1.0
 31
0.0
  0
POINT
  5
78C
330
780
100
AcDbEntity
  8
Defpoints
100
AcDbPoint
 10
337588.2870494365
 20
-719795.5694823606
 30
0.0
  0
POINT
  5
78D
330
780
100
AcDbEntity
  8
Defpoints
100
AcDbPoint
 10
338238.2870494365
 20
-719795.5694823606
 30
0.0
  0
POINT
  5
78E
330
780
100
AcDbEntity
  8
Defpoints
100
AcDbPoint
 10
338238.2870494365
 20
-711795.5694823606
 30
0.0
  0
ENDBLK
  5
782
330
780
100
AcDbEntity
  8
0
100
AcDbBlockEnd
  0
BLOCK
  5
791
330
790
100
AcDbEntity
  8
0
100
AcDbBlockBegin
  2
*D3
 70
1
 10
0.0
 20
0.0
 30
0.0
  3
*D3
  1

  0
LINE
  5
793
330
790
100
AcDbEntity
  8
0
100
AcDbLine
 10
338138.2870494365
 20
-711795.5694823606
 30
0.0
 11
337438.2870494365
 21
-711795.5694823606
 31
0.0
  0
LINE
  5
794
330
790
100
AcDbEntity
  8
0
100
AcDbLine
 10
338138.2870494365
 20
-703295.5694823606
 30
0.0
 11
337438.2870494365
 21
-703295.5694823606
 31
0.0
  0
INSERT
  5
795
330
790
100
AcDbEntity
  8
SD_RESULT_WALER
100
AcDbBlockReference
  2
_CLOSEDFILLED
 10
337588.2870494365
 20
-711795.5694823606
 30
0.0
 41
150.0
 42
150.0
 50
-90.00000000000001
  0
INSERT
  5
797
330
790
100
AcDbEntity
  8
SD_RESULT_WALER
100
AcDbBlockReference
  2
_CLOSEDFILLED
 10
337588.2870494365
 20
-703295.5694823606
 30
0.0
 41
150.0
 42
150.0
 50
90.0
  0
LINE
  5
799
330
790
100
AcDbEntity
  8
0
100
AcDbLine
 10
337588.2870494365
 20
-711645.5694823606
 30
0.0
 11
337588.2870494365
 21
-708045.5694823606
 31
0.0
  0
LINE
  5
79A
330
790
100
AcDbEntity
  8
0
100
AcDbLine
 10
337588.2870494365
 20
-707045.5694823606
 30
0.0
 11
337588.2870494365
 21
-703445.5694823606
 31
0.0
  0
MTEXT
  5
79B
330
790
100
AcDbEntity
  8
SD_RESULT_WALER
100
AcDbMText
 10
337588.2870494365
 20
-707545.5694823606
 30
0.0
 40
250.0
 71
5
  1
8500
  7
OpenSansCondensed-Light
 11
6.123233995736766e-17
 21
1.0
 31
0.0
  0
POINT
  5
79C
330
790
100
AcDbEntity
  8
Defpoints
100
AcDbPoint
 10
337588.2870494365
 20
-711795.5694823606
 30
0.0
  0
POINT
  5
79D
330
790
100
AcDbEntity
  8
Defpoints
100
AcDbPoint
 10
338238.2870494365
 20
-711795.5694823606
 30
0.0
  0
POINT
  5
79E
330
790
100
AcDbEntity
  8
Defpoints
100
AcDbPoint
 10
338238.2870494365
 20
-703295.5694823606
 30
0.0
  0
ENDBLK
  5
792
330
790
100
AcDbEntity
  8
0
100
AcDbBlockEnd
  0
BLOCK
  5
7A1
330
7A0
100
AcDbEntity
  8
0
100
AcDbBlockBegin
  2
*D4
 70
1
 10
0.0
 20
0.0
 30
0.0
  3
*D4
  1

  0
LINE
  5
7A3
330
7A0
100
AcDbEntity
  8
0
100
AcDbLine
 10
338138.2870494365
 20
-703295.5694823606
 30
0.0
 11
337438.2870494365
 21
-703295.5694823606
 31
0.0
  0
LINE
  5
7A4
330
7A0
100
AcDbEntity
  8
0
100
AcDbLine
 10
338138.2870494365
 20
-703095.5694823606
 30
0.0
 11
337438.2870494365
 21
-703095.5694823606
 31
0.0
  0
INSERT
  5
7A5
330
7A0
100
AcDbEntity
  8
SD_RESULT_WALER
100
AcDbBlockReference
  2
_CLOSEDFILLED
 10
337588.2870494365
 20
-703295.5694823606
 30
0.0
 41
150.0
 42
150.0
 50
90.0
  0
INSERT
  5
7A7
330
7A0
100
AcDbEntity
  8
SD_RESULT_WALER
100
AcDbBlockReference
  2
_CLOSEDFILLED
 10
337588.2870494365
 20
-703095.5694823606
 30
0.0
 41
150.0
 42
150.0
 50
-90.00000000000001
  0
LINE
  5
7A9
330
7A0
100
AcDbEntity
  8
0
100
AcDbLine
 10
337588.2870494365
 20
-703445.5694823606
 30
0.0
 11
337588.2870494365
 21
-703595.5694823606
 31
0.0
  0
LINE
  5
7AA
330
7A0
100
AcDbEntity
  8
0
100
AcDbLine
 10
337588.2870494365
 20
-702945.5694823606
 30
0.0
 11
337588.2870494365
 21
-702795.5694823606
 31
0.0
  0
LINE
  5
7AB
330
7A0
100
AcDbEntity
  8
0
100
AcDbLine
 10
337588.2870494365
 20
-703295.5694823606
 30
0.0
 11
337588.2870494365
 21
-703095.5694823606
 31
0.0
  0
MTEXT
  5
7AC
330
7A0
100
AcDbEntity
  8
SD_RESULT_WALER
100
AcDbMText
 10
337238.2870494365
 20
-703195.5694823606
 30
0.0
 40
250.0
 71
5
  1
調整塊 200
  7
OpenSansCondensed-Light
 11
6.123233995736766e-17
 21
1.0
 31
0.0
  0
POINT
  5
7AD
330
7A0
100
AcDbEntity
  8
Defpoints
100
AcDbPoint
 10
337588.2870494365
 20
-703295.5694823606
 30
0.0
  0
POINT
  5
7AE
330
7A0
100
AcDbEntity
  8
Defpoints
100
AcDbPoint
 10
338238.2870494365
 20
-703295.5694823606
 30
0.0
  0
POINT
  5
7AF
330
7A0
100
AcDbEntity
  8
Defpoints
100
AcDbPoint
 10
338238.2870494365
 20
-703095.5694823606
 30
0.0
  0
ENDBLK
  5
7A2
330
7A0
100
AcDbEntity
  8
0
100
AcDbBlockEnd
  0
BLOCK
  5
7B2
330
7B1
100
AcDbEntity
  8
0
100
AcDbBlockBegin
  2
*D5
 70
1
 10
0.0
 20
0.0
 30
0.0
  3
*D5
  1

  0
LINE
  5
7B4
330
7B1
100
AcDbEntity
  8
0
100
AcDbLine
 10
341688.2870494365
 20
-724845.5055624783
 30
0.0
 11
340988.2870494365
 21
-724845.5055624783
 31
0.0
  0
LINE
  5
7B5
330
7B1
100
AcDbEntity
  8
0
100
AcDbLine
 10
341688.28704946284
 20
-715345.5055624783
 30
0.0
 11
340988.28704946284
 21
-715345.5055624783
 31
0.0
  0
INSERT
  5
7B6
330
7B1
100
AcDbEntity
  8
SD_RESULT_SUPPORT
100
AcDbBlockReference
  2
_CLOSEDFILLED
 10
341138.2870494365
 20
-724845.5055624783
 30
0.0
 41
150.0
 42
150.0
 50
-90.00000000015893
  0
INSERT
  5
7B8
330
7B1
100
AcDbEntity
  8
SD_RESULT_SUPPORT
100
AcDbBlockReference
  2
_CLOSEDFILLED
 10
341138.28704946284
 20
-715345.5055624783
 30
0.0
 41
150.0
 42
150.0
 50
89.99999999984108
  0
LINE
  5
7BA
330
7B1
100
AcDbEntity
  8
0
100
AcDbLine
 10
341138.2870494369
 20
-724695.5055624783
 30
0.0
 11
341138.2870494483
 21
-720595.5055624783
 31
0.0
  0
LINE
  5
7BB
330
7B1
100
AcDbEntity
  8
0
100
AcDbLine
 10
341138.287049451
 20
-719595.5055624783
 30
0.0
 11
341138.28704946244
 21
-715495.5055624783
 31
0.0
  0
MTEXT
  5
7BC
330
7B1
100
AcDbEntity
  8
SD_RESULT_SUPPORT
100
AcDbMText
 10
341138.28704944963
 20
-720095.5055624783
 30
0.0
 40
250.0
 71
5
  1
9500
  7
OpenSansCondensed-Light
 11
2.7736203924585236e-12
 21
1.0
 31
0.0
  0
POINT
  5
7BD
330
7B1
100
AcDbEntity
  8
Defpoints
100
AcDbPoint
 10
341138.2870494365
 20
-724845.5055624783
 30
0.0
  0
POINT
  5
7BE
330
7B1
100
AcDbEntity
  8
Defpoints
100
AcDbPoint
 10
341788.2870494365
 20
-724845.5055624783
 30
0.0
  0
POINT
  5
7BF
330
7B1
100
AcDbEntity
  8
Defpoints
100
AcDbPoint
 10
341788.28704946284
 20
-715345.5055624783
 30
0.0
  0
ENDBLK
  5
7B3
330
7B1
100
AcDbEntity
  8
0
100
AcDbBlockEnd
  0
BLOCK
  5
7C4
330
7C3
100
AcDbEntity
  8
0
100
AcDbBlockBegin
  2
*D6
 70
1
 10
0.0
 20
0.0
 30
0.0
  3
*D6
  1

  0
LINE
  5
7C6
330
7C3
100
AcDbEntity
  8
0
100
AcDbLine
 10
341688.2870494645
 20
-714745.5055624783
 30
0.0
 11
340988.2870494645
 21
-714745.5055624783
 31
0.0
  0
LINE
  5
7C7
330
7C3
100
AcDbEntity
  8
0
100
AcDbLine
 10
341688.28704958037
 20
-714645.5007547861
 30
0.0
 11
340988.2870496381
 21
-714645.4671009398
 31
0.0
  0
INSERT
  5
7C8
330
7C3
100
AcDbEntity
  8
SD_RESULT_SUPPORT
100
AcDbBlockReference
  2
_CLOSEDFILLED
 10
341138.2870494645
 20
-714745.5055624783
 30
0.0
 41
150.0
 42
150.0
 50
89.99999999984108
  0
INSERT
  5
7CA
330
7C3
100
AcDbEntity
  8
SD_RESULT_SUPPORT
100
AcDbBlockReference
  2
_CLOSEDFILLED
 10
341138.28704946477
 20
-714645.4743124783
 30
0.0
 41
150.0
 42
150.0
 50
-90.00000000015893
  0
LINE
  5
7CC
330
7C3
100
AcDbEntity
  8
0
100
AcDbLine
 10
341138.28704946407
 20
-714895.5055624783
 30
0.0
 11
341138.28704946366
 21
-715045.5055624783
 31
0.0
  0
LINE
  5
7CD
330
7C3
100
AcDbEntity
  8
0
100
AcDbLine
 10
341138.2870494652
 20
-714495.4743124783
 30
0.0
 11
341138.2870494656
 21
-714345.4743124783
 31
0.0
  0
LINE
  5
7CE
330
7C3
100
AcDbEntity
  8
0
100
AcDbLine
 10
341138.2870494645
 20
-714745.5055624783
 30
0.0
 11
341138.28704946477
 21
-714645.4743124783
 31
0.0
  0
MTEXT
  5
7CF
330
7C3
100
AcDbEntity
  8
SD_RESULT_SUPPORT
100
AcDbMText
 10
340788.28704946465
 20
-714695.4899374774
 30
0.0
 40
250.0
 71
5
  1
調整塊 100
  7
OpenSansCondensed-Light
 11
2.7736203924585236e-12
 21
1.0
 31
0.0
  0
POINT
  5
7D0
330
7C3
100
AcDbEntity
  8
Defpoints
100
AcDbPoint
 10
341138.2870494645
 20
-714745.5055624783
 30
0.0
  0
POINT
  5
7D1
330
7C3
100
AcDbEntity
  8
Defpoints
100
AcDbPoint
 10
341788.2870494645
 20
-714745.5055624783
 30
0.0
  0
POINT
  5
7D2
330
7C3
100
AcDbEntity
  8
Defpoints
100
AcDbPoint
 10
341788.28704946477
 20
-714645.5055624783
 30
0.0
  0
ENDBLK
  5
7C5
330
7C3
100
AcDbEntity
  8
0
100
AcDbBlockEnd
  0
BLOCK
  5
7D5
330
7D4
100
AcDbEntity
  8
0
100
AcDbBlockBegin
  2
*D7
 70
1
 10
0.0
 20
0.0
 30
0.0
  3
*D7
  1

  0
LINE
  5
7D7
330
7D4
100
AcDbEntity
  8
0
100
AcDbLine
 10
341688.28704946477
 20
-714645.5055624783
 30
0.0
 11
340988.28704946477
 21
-714645.5055624783
 31
0.0
  0
LINE
  5
7D8
330
7D4
100
AcDbEntity
  8
0
100
AcDbLine
 10
341688.2870495914
 20
-710645.5103701706
 30
0.0
 11
340988.2870496492
 21
-710645.5440240168
 31
0.0
  0
INSERT
  5
7D9
330
7D4
100
AcDbEntity
  8
SD_RESULT_SUPPORT
100
AcDbBlockReference
  2
_CLOSEDFILLED
 10
341138.28704946477
 20
-714645.5055624783
 30
0.0
 41
150.0
 42
150.0
 50
-90.00000000015893
  0
INSERT
  5
7DB
330
7D4
100
AcDbEntity
  8
SD_RESULT_SUPPORT
100
AcDbBlockReference
  2
_CLOSEDFILLED
 10
341138.2870494759
 20
-710645.5368124783
 30
0.0
 41
150.0
 42
150.0
 50
89.99999999984108
  0
LINE
  5
7DD
330
7D4
100
AcDbEntity
  8
0
100
AcDbLine
 10
341138.2870494652
 20
-714495.5055624783
 30
0.0
 11
341138.28704946896
 21
-713145.5211874783
 31
0.0
  0
LINE
  5
7DE
330
7D4
100
AcDbEntity
  8
0
100
AcDbLine
 10
341138.2870494717
 20
-712145.5211874783
 30
0.0
 11
341138.2870494755
 21
-710795.5368124783
 31
0.0
  0
MTEXT
  5
7DF
330
7D4
100
AcDbEntity
  8
SD_RESULT_SUPPORT
100
AcDbMText
 10
341138.2870494703
 20
-712645.5211874783
 30
0.0
 40
250.0
 71
5
  1
4000
  7
OpenSansCondensed-Light
 11
2.7736203924585236e-12
 21
1.0
 31
0.0
  0
POINT
  5
7E0
330
7D4
100
AcDbEntity
  8
Defpoints
100
AcDbPoint
 10
341138.28704946477
 20
-714645.5055624783
 30
0.0
  0
POINT
  5
7E1
330
7D4
100
AcDbEntity
  8
Defpoints
100
AcDbPoint
 10
341788.28704946477
 20
-714645.5055624783
 30
0.0
  0
POINT
  5
7E2
330
7D4
100
AcDbEntity
  8
Defpoints
100
AcDbPoint
 10
341788.2870494759
 20
-710645.5055624783
 30
0.0
  0
ENDBLK
  5
7D6
330
7D4
100
AcDbEntity
  8
0
100
AcDbBlockEnd
  0
BLOCK
  5
7E5
330
7E4
100
AcDbEntity
  8
0
100
AcDbBlockBegin
  2
*D8
 70
1
 10
0.0
 20
0.0
 30
0.0
  3
*D8
  1

  0
LINE
  5
7E7
330
7E4
100
AcDbEntity
  8
0
100
AcDbLine
 10
341688.2870494759
 20
-710645.5055624783
 30
0.0
 11
340988.2870494759
 21
-710645.5055624783
 31
0.0
  0
LINE
  5
7E8
330
7E4
100
AcDbEntity
  8
0
100
AcDbLine
 10
341688.28704961087
 20
-703645.5103701706
 30
0.0
 11
340988.2870496686
 21
-703645.5440240168
 31
0.0
  0
INSERT
  5
7E9
330
7E4
100
AcDbEntity
  8
SD_RESULT_SUPPORT
100
AcDbBlockReference
  2
_CLOSEDFILLED
 10
341138.2870494759
 20
-710645.5055624783
 30
0.0
 41
150.0
 42
150.0
 50
-90.00000000015893
  0
INSERT
  5
7EB
330
7E4
100
AcDbEntity
  8
SD_RESULT_SUPPORT
100
AcDbBlockReference
  2
_CLOSEDFILLED
 10
341138.28704949527
 20
-703645.5368124783
 30
0.0
 41
150.0
 42
150.0
 50
89.99999999984108
  0
LINE
  5
7ED
330
7E4
100
AcDbEntity
  8
0
100
AcDbLine
 10
341138.2870494763
 20
-710495.5055624783
 30
0.0
 11
341138.2870494842
 21
-707645.5211874783
 31
0.0
  0
LINE
  5
7EE
330
7E4
100
AcDbEntity
  8
0
100
AcDbLine
 10
341138.28704948694
 20
-706645.5211874783
 30
0.0
 11
341138.28704949486
 21
-703795.5368124783
 31
0.0
  0
MTEXT
  5
7EF
330
7E4
100
AcDbEntity
  8
SD_RESULT_SUPPORT
100
AcDbMText
 10
341138.28704948555
 20
-707145.5211874783
 30
0.0
 40
250.0
 71
5
  1
7000
  7
OpenSansCondensed-Light
 11
2.7736203924585236e-12
 21
1.0
 31
0.0
  0
POINT
  5
7F0
330
7E4
100
AcDbEntity
  8
Defpoints
100
AcDbPoint
 10
341138.2870494759
 20
-710645.5055624783
 30
0.0
  0
POINT
  5
7F1
330
7E4
100
AcDbEntity
  8
Defpoints
100
AcDbPoint
 10
341788.2870494759
 20
-710645.5055624783
 30
0.0
  0
POINT
  5
7F2
330
7E4
100
AcDbEntity
  8
Defpoints
100
AcDbPoint
 10
341788.28704949527
 20
-703645.5055624783
 30
0.0
  0
ENDBLK
  5
7E6
330
7E4
100
AcDbEntity
  8
0
100
AcDbBlockEnd
  0
BLOCK
  5
7F5
330
7F4
100
AcDbEntity
  8
0
100
AcDbBlockBegin
  2
*D9
 70
1
 10
0.0
 20
0.0
 30
0.0
  3
*D9
  1

  0
LINE
  5
7F7
330
7F4
100
AcDbEntity
  8
0
100
AcDbLine
 10
341688.28704949527
 20
-703645.5055624783
 30
0.0
 11
340988.28704949527
 21
-703645.5055624783
 31
0.0
  0
LINE
  5
7F8
330
7F4
100
AcDbEntity
  8
0
100
AcDbLine
 10
341688.28704949556
 20
-703545.5055624783
 30
0.0
 11
340988.28704949556
 21
-703545.5055624783
 31
0.0
  0
INSERT
  5
7F9
330
7F4
100
AcDbEntity
  8
SD_RESULT_SUPPORT
100
AcDbBlockReference
  2
_CLOSEDFILLED
 10
341138.28704949527
 20
-703645.5055624783
 30
0.0
 41
150.0
 42
150.0
 50
89.99999999984108
  0
INSERT
  5
7FB
330
7F4
100
AcDbEntity
  8
SD_RESULT_SUPPORT
100
AcDbBlockReference
  2
_CLOSEDFILLED
 10
341138.28704949556
 20
-703545.5055624783
 30
0.0
 41
150.0
 42
150.0
 50
-90.00000000015893
  0
LINE
  5
7FD
330
7F4
100
AcDbEntity
  8
0
100
AcDbLine
 10
341138.28704949486
 20
-703795.5055624783
 30
0.0
 11
341138.28704949445
 21
-703945.5055624783
 31
0.0
  0
LINE
  5
7FE
330
7F4
100
AcDbEntity
  8
0
100
AcDbLine
 10
341138.28704949596
 20
-703395.5055624783
 30
0.0
 11
341138.2870494964
 21
-703245.5055624783
 31
0.0
  0
LINE
  5
7FF
330
7F4
100
AcDbEntity
  8
0
100
AcDbLine
 10
341138.28704949527
 20
-703645.5055624783
 30
0.0
 11
341138.28704949556
 21
-703545.5055624783
 31
0.0
  0
MTEXT
  5
800
330
7F4
100
AcDbEntity
  8
SD_RESULT_SUPPORT
100
AcDbMText
 10
340788.28704949544
 20
-703595.5055624774
 30
0.0
 40
250.0
 71
5
  1
餘量 100
  7
OpenSansCondensed-Light
 11
2.7736203924585236e-12
 21
1.0
 31
0.0
  0
POINT
  5
801
330
7F4
100
AcDbEntity
  8
Defpoints
100
AcDbPoint
 10
341138.28704949527
 20
-703645.5055624783
 30
0.0
  0
POINT
  5
802
330
7F4
100
AcDbEntity
  8
Defpoints
100
AcDbPoint
 10
341788.28704949527
 20
-703645.5055624783
 30
0.0
  0
POINT
  5
803
330
7F4
100
AcDbEntity
  8
Defpoints
100
AcDbPoint
 10
341788.28704949556
 20
-703545.5055624783
 30
0.0
  0
ENDBLK
  5
7F6
330
7F4
100
AcDbEntity
  8
0
100
AcDbBlockEnd
  0
BLOCK
  5
806
330
805
100
AcDbEntity
  8
0
100
AcDbBlockBegin
  2
*D10
 70
1
 10
0.0
 20
0.0
 30
0.0
  3
*D10
  1

  0
LINE
  5
808
330
805
100
AcDbEntity
  8
0
100
AcDbLine
 10
351188.2870494365
 20
-724845.5055624783
 30
0.0
 11
350488.2870494365
 21
-724845.5055624783
 31
0.0
  0
LINE
  5
809
330
805
100
AcDbEntity
  8
0
100
AcDbLine
 10
351188.2870495615
 20
-720845.5103701706
 30
0.0
 11
350488.28704961925
 21
-720845.5440240168
 31
0.0
  0
INSERT
  5
80A
330
805
100
AcDbEntity
  8
SD_RESULT_SUPPORT
100
AcDbBlockReference
  2
_CLOSEDFILLED
 10
350638.2870494365
 20
-724845.5055624783
 30
0.0
 41
150.0
 42
150.0
 50
-90.00000000013527
  0
INSERT
  5
80C
330
805
100
AcDbEntity
  8
SD_RESULT_SUPPORT
100
AcDbBlockReference
  2
_CLOSEDFILLED
 10
350638.2870494459
 20
-720845.5368124783
 30
0.0
 41
150.0
 42
150.0
 50
89.99999999986473
  0
LINE
  5
80E
330
805
100
AcDbEntity
  8
0
100
AcDbLine
 10
350638.2870494368
 20
-724695.5055624783
 30
0.0
 11
350638.28704944
 21
-723345.5211874783
 31
0.0
  0
LINE
  5
80F
330
805
100
AcDbEntity
  8
0
100
AcDbLine
 10
350638.28704944236
 20
-722345.5211874783
 30
0.0
 11
350638.28704944556
 21
-720995.5368124783
 31
0.0
  0
MTEXT
  5
810
330
805
100
AcDbEntity
  8
SD_RESULT_SUPPORT
100
AcDbMText
 10
350638.2870494412
 20
-722845.5211874783
 30
0.0
 40
250.0
 71
5
  1
4000
  7
OpenSansCondensed-Light
 11
2.3610615165078154e-12
 21
1.0
 31
0.0
  0
POINT
  5
811
330
805
100
AcDbEntity
  8
Defpoints
100
AcDbPoint
 10
350638.2870494365
 20
-724845.5055624783
 30
0.0
  0
POINT
  5
812
330
805
100
AcDbEntity
  8
Defpoints
100
AcDbPoint
 10
351288.2870494365
 20
-724845.5055624783
 30
0.0
  0
POINT
  5
813
330
805
100
AcDbEntity
  8
Defpoints
100
AcDbPoint
 10
351288.2870494459
 20
-720845.5055624783
 30
0.0
  0
ENDBLK
  5
807
330
805
100
AcDbEntity
  8
0
100
AcDbBlockEnd
  0
BLOCK
  5
816
330
815
100
AcDbEntity
  8
0
100
AcDbBlockBegin
  2
*D11
 70
1
 10
0.0
 20
0.0
 30
0.0
  3
*D11
  1

  0
LINE
  5
818
330
815
100
AcDbEntity
  8
0
100
AcDbLine
 10
351188.2870494459
 20
-720845.5055624783
 30
0.0
 11
350488.2870494459
 21
-720845.5055624783
 31
0.0
  0
LINE
  5
819
330
815
100
AcDbEntity
  8
0
100
AcDbLine
 10
351188.2870495768
 20
-714345.5007547861
 30
0.0
 11
350488.2870496346
 21
-714345.4671009398
 31
0.0
  0
INSERT
  5
81A
330
815
100
AcDbEntity
  8
SD_RESULT_SUPPORT
100
AcDbBlockReference
  2
_CLOSEDFILLED
 10
350638.2870494459
 20
-720845.5055624783
 30
0.0
 41
150.0
 42
150.0
 50
-90.00000000013527
  0
INSERT
  5
81C
330
815
100
AcDbEntity
  8
SD_RESULT_SUPPORT
100
AcDbBlockReference
  2
_CLOSEDFILLED
 10
350638.2870494613
 20
-714345.4743124783
 30
0.0
 41
150.0
 42
150.0
 50
89.99999999986473
  0
LINE
  5
81E
330
815
100
AcDbEntity
  8
0
100
AcDbLine
 10
350638.28704944625
 20
-720695.5055624783
 30
0.0
 11
350638.2870494524
 21
-718095.4899374783
 31
0.0
  0
LINE
  5
81F
330
815
100
AcDbEntity
  8
0
100
AcDbLine
 10
350638.28704945475
 20
-717095.4899374783
 30
0.0
 11
350638.2870494609
 21
-714495.4743124783
 31
0.0
  0
MTEXT
  5
820
330
815
100
AcDbEntity
  8
SD_RESULT_SUPPORT
100
AcDbMText
 10
350638.2870494536
 20
-717595.4899374783
 30
0.0
 40
250.0
 71
5
  1
6500
  7
OpenSansCondensed-Light
 11
2.3610615165078154e-12
 21
1.0
 31
0.0
  0
POINT
  5
821
330
815
100
AcDbEntity
  8
Defpoints
100
AcDbPoint
 10
350638.2870494459
 20
-720845.5055624783
 30
0.0
  0
POINT
  5
822
330
815
100
AcDbEntity
  8
Defpoints
100
AcDbPoint
 10
351288.2870494459
 20
-720845.5055624783
 30
0.0
  0
POINT
  5
823
330
815
100
AcDbEntity
  8
Defpoints
100
AcDbPoint
 10
351288.2870494613
 20
-714345.5055624783
 30
0.0
  0
ENDBLK
  5
817
330
815
100
AcDbEntity
  8
0
100
AcDbBlockEnd
  0
BLOCK
  5
828
330
827
100
AcDbEntity
  8
0
100
AcDbBlockBegin
  2
*D12
 70
1
 10
0.0
 20
0.0
 30
0.0
  3
*D12
  1

  0
LINE
  5
82A
330
827
100
AcDbEntity
  8
0
100
AcDbLine
 10
351188.28704946267
 20
-713745.5055624783
 30
0.0
 11
350488.28704946267
 21
-713745.5055624783
 31
0.0
  0
LINE
  5
82B
330
827
100
AcDbEntity
  8
0
100
AcDbLine
 10
351188.2870494629
 20
-713645.5055624783
 30
0.0
 11
350488.2870494629
 21
-713645.5055624783
 31
0.0
  0
INSERT
  5
82C
330
827
100
AcDbEntity
  8
SD_RESULT_SUPPORT
100
AcDbBlockReference
  2
_CLOSEDFILLED
 10
350638.28704946267
 20
-713745.5055624783
 30
0.0
 41
150.0
 42
150.0
 50
89.99999999986473
  0
INSERT
  5
82E
330
827
100
AcDbEntity
  8
SD_RESULT_SUPPORT
100
AcDbBlockReference
  2
_CLOSEDFILLED
 10
350638.2870494629
 20
-713645.5055624783
 30
0.0
 41
150.0
 42
150.0
 50
-90.00000000013527
  0
LINE
  5
830
330
827
100
AcDbEntity
  8
0
100
AcDbLine
 10
350638.2870494623
 20
-713895.5055624783
 30
0.0
 11
350638.287049462
 21
-714045.5055624783
 31
0.0
  0
LINE
  5
831
330
827
100
AcDbEntity
  8
0
100
AcDbLine
 10
350638.28704946325
 20
-713495.5055624783
 30
0.0
 11
350638.2870494636
 21
-713345.5055624783
 31
0.0
  0
LINE
  5
832
330
827
100
AcDbEntity
  8
0
100
AcDbLine
 10
350638.28704946267
 20
-713745.5055624783
 30
0.0
 11
350638.2870494629
 21
-713645.5055624783
 31
0.0
  0
MTEXT
  5
833
330
827
100
AcDbEntity
  8
SD_RESULT_SUPPORT
100
AcDbMText
 10
350288.2870494628
 20
-713695.5055624775
 30
0.0
 40
250.0
 71
5
  1
調整塊 100
  7
OpenSansCondensed-Light
 11
2.3610615165078154e-12
 21
1.0
 31
0.0
  0
POINT
  5
834
330
827
100
AcDbEntity
  8
Defpoints
100
AcDbPoint
 10
350638.28704946267
 20
-713745.5055624783
 30
0.0
  0
POINT
  5
835
330
827
100
AcDbEntity
  8
Defpoints
100
AcDbPoint
 10
351288.28704946267
 20
-713745.5055624783
 30
0.0
  0
POINT
  5
836
330
827
100
AcDbEntity
  8
Defpoints
100
AcDbPoint
 10
351288.2870494629
 20
-713645.5055624783
 30
0.0
  0
ENDBLK
  5
829
330
827
100
AcDbEntity
  8
0
100
AcDbBlockEnd
  0
BLOCK
  5
839
330
838
100
AcDbEntity
  8
0
100
AcDbBlockBegin
  2
*D13
 70
1
 10
0.0
 20
0.0
 30
0.0
  3
*D13
  1

  0
LINE
  5
83B
330
838
100
AcDbEntity
  8
0
100
AcDbLine
 10
351188.2870494629
 20
-713645.5055624783
 30
0.0
 11
350488.2870494629
 21
-713645.5055624783
 31
0.0
  0
LINE
  5
83C
330
838
100
AcDbEntity
  8
0
100
AcDbLine
 10
351188.28704948653
 20
-703645.5055624783
 30
0.0
 11
350488.28704948653
 21
-703645.5055624783
 31
0.0
  0
INSERT
  5
83D
330
838
100
AcDbEntity
  8
SD_RESULT_SUPPORT
100
AcDbBlockReference
  2
_CLOSEDFILLED
 10
350638.2870494629
 20
-713645.5055624783
 30
0.0
 41
150.0
 42
150.0
 50
-90.00000000013527
  0
INSERT
  5
83F
330
838
100
AcDbEntity
  8
SD_RESULT_SUPPORT
100
AcDbBlockReference
  2
_CLOSEDFILLED
 10
350638.28704948653
 20
-703645.5055624783
 30
0.0
 41
150.0
 42
150.0
 50
89.99999999986473
  0
LINE
  5
841
330
838
100
AcDbEntity
  8
0
100
AcDbLine
 10
350638.28704946325
 20
-713495.5055624783
 30
0.0
 11
350638.28704947326
 21
-709270.5055624783
 31
0.0
  0
LINE
  5
842
330
838
100
AcDbEntity
  8
0
100
AcDbLine
 10
350638.2870494762
 20
-708020.5055624783
 30
0.0
 11
350638.2870494862
 21
-703795.5055624783
 31
0.0
  0
MTEXT
  5
843
330
838
100
AcDbEntity
  8
SD_RESULT_SUPPORT
100
AcDbMText
 10
350638.2870494747
 20
-708645.5055624783
 30
0.0
 40
250.0
 71
5
  1
10000
  7
OpenSansCondensed-Light
 11
2.3610615165078154e-12
 21
1.0
 31
0.0
  0
POINT
  5
844
330
838
100
AcDbEntity
  8
Defpoints
100
AcDbPoint
 10
350638.2870494629
 20
-713645.5055624783
 30
0.0
  0
POINT
  5
845
330
838
100
AcDbEntity
  8
Defpoints
100
AcDbPoint
 10
351288.2870494629
 20
-713645.5055624783
 30
0.0
  0
POINT
  5
846
330
838
100
AcDbEntity
  8
Defpoints
100
AcDbPoint
 10
351288.28704948653
 20
-703645.5055624783
 30
0.0
  0
ENDBLK
  5
83A
330
838
100
AcDbEntity
  8
0
100
AcDbBlockEnd
  0
BLOCK
  5
849
330
848
100
AcDbEntity
  8
0
100
AcDbBlockBegin
  2
*D14
 70
1
 10
0.0
 20
0.0
 30
0.0
  3
*D14
  1

  0
LINE
  5
84B
330
848
100
AcDbEntity
  8
0
100
AcDbLine
 10
351188.28704948653
 20
-703645.5055624783
 30
0.0
 11
350488.28704948653
 21
-703645.5055624783
 31
0.0
  0
LINE
  5
84C
330
848
100
AcDbEntity
  8
0
100
AcDbLine
 10
351188.28704948677
 20
-703545.5055624783
 30
0.0
 11
350488.28704948677
 21
-703545.5055624783
 31
0.0
  0
INSERT
  5
84D
330
848
100
AcDbEntity
  8
SD_RESULT_SUPPORT
100
AcDbBlockReference
  2
_CLOSEDFILLED
 10
350638.28704948653
 20
-703645.5055624783
 30
0.0
 41
150.0
 42
150.0
 50
89.99999999986473
  0
INSERT
  5
84F
330
848
100
AcDbEntity
  8
SD_RESULT_SUPPORT
100
AcDbBlockReference
  2
_CLOSEDFILLED
 10
350638.28704948677
 20
-703545.5055624783
 30
0.0
 41
150.0
 42
150.0
 50
-90.00000000013527
  0
LINE
  5
851
330
848
100
AcDbEntity
  8
0
100
AcDbLine
 10
350638.2870494862
 20
-703795.5055624783
 30
0.0
 11
350638.28704948584
 21
-703945.5055624783
 31
0.0
  0
LINE
  5
852
330
848
100
AcDbEntity
  8
0
100
AcDbLine
 10
350638.2870494871
 20
-703395.5055624783
 30
0.0
 11
350638.28704948747
 21
-703245.5055624783
 31
0.0
  0
LINE
  5
853
330
848
100
AcDbEntity
  8
0
100
AcDbLine
 10
350638.28704948653
 20
-703645.5055624783
 30
0.0
 11
350638.28704948677
 21
-703545.5055624783
 31
0.0
  0
MTEXT
  5
854
330
848
100
AcDbEntity
  8
SD_RESULT_SUPPORT
100
AcDbMText
 10
350288.28704948665
 20
-703595.5055624775
 30
0.0
 40
250.0
 71
5
  1
餘量 100
  7
OpenSansCondensed-Light
 11
2.3610615165078154e-12
 21
1.0
 31
0.0
  0
POINT
  5
855
330
848
100
AcDbEntity
  8
Defpoints
100
AcDbPoint
 10
350638.28704948653
 20
-703645.5055624783
 30
0.0
  0
POINT
  5
856
330
848
100
AcDbEntity
  8
Defpoints
100
AcDbPoint
 10
351288.28704948653
 20
-703645.5055624783
 30
0.0
  0
POINT
  5
857
330
848
100
AcDbEntity
  8
Defpoints
100
AcDbPoint
 10
351288.28704948677
 20
-703545.5055624783
 30
0.0
  0
ENDBLK
  5
84A
330
848
100
AcDbEntity
  8
0
100
AcDbBlockEnd
  0
BLOCK
  5
85A
330
859
100
AcDbEntity
  8
0
100
AcDbBlockBegin
  2
*D15
 70
1
 10
0.0
 20
0.0
 30
0.0
  3
*D15
  1

  0
LINE
  5
85C
330
859
100
AcDbEntity
  8
0
100
AcDbLine
 10
357188.2870494365
 20
-724845.5055624783
 30
0.0
 11
356488.2870494365
 21
-724845.5055624783
 31
0.0
  0
LINE
  5
85D
330
859
100
AcDbEntity
  8
0
100
AcDbLine
 10
357188.28704944486
 20
-720845.5055624783
 30
0.0
 11
356488.28704944486
 21
-720845.5055624783
 31
0.0
  0
INSERT
  5
85E
330
859
100
AcDbEntity
  8
SD_RESULT_SUPPORT
100
AcDbBlockReference
  2
_CLOSEDFILLED
 10
356638.2870494365
 20
-724845.5055624783
 30
0.0
 41
150.0
 42
150.0
 50
-90.00000000012027
  0
INSERT
  5
860
330
859
100
AcDbEntity
  8
SD_RESULT_SUPPORT
100
AcDbBlockReference
  2
_CLOSEDFILLED
 10
356638.28704944486
 20
-720845.5055624783
 30
0.0
 41
150.0
 42
150.0
 50
89.99999999987975
  0
LINE
  5
862
330
859
100
AcDbEntity
  8
0
100
AcDbLine
 10
356638.28704943677
 20
-724695.5055624783
 30
0.0
 11
356638.2870494396
 21
-723345.5055624783
 31
0.0
  0
LINE
  5
863
330
859
100
AcDbEntity
  8
0
100
AcDbLine
 10
356638.2870494417
 20
-722345.5055624783
 30
0.0
 11
356638.28704944457
 21
-720995.5055624783
 31
0.0
  0
MTEXT
  5
864
330
859
100
AcDbEntity
  8
SD_RESULT_SUPPORT
100
AcDbMText
 10
356638.28704944067
 20
-722845.5055624783
 30
0.0
 40
250.0
 71
5
  1
4000
  7
OpenSansCondensed-Light
 11
2.0988268380913534e-12
 21
1.0
 31
0.0
  0
POINT
  5
865
330
859
100
AcDbEntity
  8
Defpoints
100
AcDbPoint
 10
356638.2870494365
 20
-724845.5055624783
 30
0.0
  0
POINT
  5
866
330
859
100
AcDbEntity
  8
Defpoints
100
AcDbPoint
 10
357288.2870494365
 20
-724845.5055624783
 30
0.0
  0
POINT
  5
867
330
859
100
AcDbEntity
  8
Defpoints
100
AcDbPoint
 10
357288.28704944486
 20
-720845.5055624783
 30
0.0
  0
ENDBLK
  5
85B
330
859
100
AcDbEntity
  8
0
100
AcDbBlockEnd
  0
BLOCK
  5
86A
330
869
100
AcDbEntity
  8
0
100
AcDbBlockBegin
  2
*D16
 70
1
 10
0.0
 20
0.0
 30
0.0
  3
*D16
  1

  0
LINE
  5
86C
330
869
100
AcDbEntity
  8
0
100
AcDbLine
 10
357188.28704944486
 20
-720845.5055624783
 30
0.0
 11
356488.28704944486
 21
-720845.5055624783
 31
0.0
  0
LINE
  5
86D
330
869
100
AcDbEntity
  8
0
100
AcDbLine
 10
357188.2870494575
 20
-714845.5055624783
 30
0.0
 11
356488.2870494575
 21
-714845.5055624783
 31
0.0
  0
INSERT
  5
86E
330
869
100
AcDbEntity
  8
SD_RESULT_SUPPORT
100
AcDbBlockReference
  2
_CLOSEDFILLED
 10
356638.28704944486
 20
-720845.5055624783
 30
0.0
 41
150.0
 42
150.0
 50
-90.00000000012027
  0
INSERT
  5
870
330
869
100
AcDbEntity
  8
SD_RESULT_SUPPORT
100
AcDbBlockReference
  2
_CLOSEDFILLED
 10
356638.2870494575
 20
-714845.5055624783
 30
0.0
 41
150.0
 42
150.0
 50
89.99999999987975
  0
LINE
  5
872
330
869
100
AcDbEntity
  8
0
100
AcDbLine
 10
356638.2870494452
 20
-720695.5055624783
 30
0.0
 11
356638.2870494501
 21
-718345.5055624783
 31
0.0
  0
LINE
  5
873
330
869
100
AcDbEntity
  8
0
100
AcDbLine
 10
356638.2870494522
 20
-717345.5055624783
 30
0.0
 11
356638.28704945714
 21
-714995.5055624783
 31
0.0
  0
MTEXT
  5
874
330
869
100
AcDbEntity
  8
SD_RESULT_SUPPORT
100
AcDbMText
 10
356638.28704945114
 20
-717845.5055624783
 30
0.0
 40
250.0
 71
5
  1
6000
  7
OpenSansCondensed-Light
 11
2.0988268380913534e-12
 21
1.0
 31
0.0
  0
POINT
  5
875
330
869
100
AcDbEntity
  8
Defpoints
100
AcDbPoint
 10
356638.28704944486
 20
-720845.5055624783
 30
0.0
  0
POINT
  5
876
330
869
100
AcDbEntity
  8
Defpoints
100
AcDbPoint
 10
357288.28704944486
 20
-720845.5055624783
 30
0.0
  0
POINT
  5
877
330
869
100
AcDbEntity
  8
Defpoints
100
AcDbPoint
 10
357288.2870494575
 20
-714845.5055624783
 30
0.0
  0
ENDBLK
  5
86B
330
869
100
AcDbEntity
  8
0
100
AcDbBlockEnd
  0
BLOCK
  5
87C
330
87B
100
AcDbEntity
  8
0
100
AcDbBlockBegin
  2
*D17
 70
1
 10
0.0
 20
0.0
 30
0.0
  3
*D17
  1

  0
LINE
  5
87E
330
87B
100
AcDbEntity
  8
0
100
AcDbLine
 10
357188.2870494587
 20
-714245.5055624783
 30
0.0
 11
356488.2870494587
 21
-714245.5055624783
 31
0.0
  0
LINE
  5
87F
330
87B
100
AcDbEntity
  8
0
100
AcDbLine
 10
357188.28704945894
 20
-714145.5055624783
 30
0.0
 11
356488.28704945894
 21
-714145.5055624783
 31
0.0
  0
INSERT
  5
880
330
87B
100
AcDbEntity
  8
SD_RESULT_SUPPORT
100
AcDbBlockReference
  2
_CLOSEDFILLED
 10
356638.2870494587
 20
-714245.5055624783
 30
0.0
 41
150.0
 42
150.0
 50
89.99999999987975
  0
INSERT
  5
882
330
87B
100
AcDbEntity
  8
SD_RESULT_SUPPORT
100
AcDbBlockReference
  2
_CLOSEDFILLED
 10
356638.28704945894
 20
-714145.5055624783
 30
0.0
 41
150.0
 42
150.0
 50
-90.00000000012027
  0
LINE
  5
884
330
87B
100
AcDbEntity
  8
0
100
AcDbLine
 10
356638.2870494584
 20
-714395.5055624783
 30
0.0
 11
356638.2870494581
 21
-714545.5055624783
 31
0.0
  0
LINE
  5
885
330
87B
100
AcDbEntity
  8
0
100
AcDbLine
 10
356638.28704945924
 20
-713995.5055624783
 30
0.0
 11
356638.2870494596
 21
-713845.5055624783
 31
0.0
  0
LINE
  5
886
330
87B
100
AcDbEntity
  8
0
100
AcDbLine
 10
356638.2870494587
 20
-714245.5055624783
 30
0.0
 11
356638.28704945894
 21
-714145.5055624783
 31
0.0
  0
MTEXT
  5
887
330
87B
100
AcDbEntity
  8
SD_RESULT_SUPPORT
100
AcDbMText
 10
356288.2870494588
 20
-714195.5055624776
 30
0.0
 40
250.0
 71
5
  1
調整塊 100
  7
OpenSansCondensed-Light
 11
2.0988268380913534e-12
 21
1.0
 31
0.0
  0
POINT
  5
888
330
87B
100
AcDbEntity
  8
Defpoints
100
AcDbPoint
 10
356638.2870494587
 20
-714245.5055624783
 30
0.0
  0
POINT
  5
889
330
87B
100
AcDbEntity
  8
Defpoints
100
AcDbPoint
 10
357288.2870494587
 20
-714245.5055624783
 30
0.0
  0
POINT
  5
88A
330
87B
100
AcDbEntity
  8
Defpoints
100
AcDbPoint
 10
357288.28704945894
 20
-714145.5055624783
 30
0.0
  0
ENDBLK
  5
87D
330
87B
100
AcDbEntity
  8
0
100
AcDbBlockEnd
  0
BLOCK
  5
88D
330
88C
100
AcDbEntity
  8
0
100
AcDbBlockBegin
  2
*D18
 70
1
 10
0.0
 20
0.0
 30
0.0
  3
*D18
  1

  0
LINE
  5
88F
330
88C
100
AcDbEntity
  8
0
100
AcDbLine
 10
357188.28704945894
 20
-714145.5055624783
 30
0.0
 11
356488.28704945894
 21
-714145.5055624783
 31
0.0
  0
LINE
  5
890
330
88C
100
AcDbEntity
  8
0
100
AcDbLine
 10
357188.2870494673
 20
-710145.5055624783
 30
0.0
 11
356488.2870494673
 21
-710145.5055624783
 31
0.0
  0
INSERT
  5
891
330
88C
100
AcDbEntity
  8
SD_RESULT_SUPPORT
100
AcDbBlockReference
  2
_CLOSEDFILLED
 10
356638.28704945894
 20
-714145.5055624783
 30
0.0
 41
150.0
 42
150.0
 50
-90.00000000012027
  0
INSERT
  5
893
330
88C
100
AcDbEntity
  8
SD_RESULT_SUPPORT
100
AcDbBlockReference
  2
_CLOSEDFILLED
 10
356638.2870494673
 20
-710145.5055624783
 30
0.0
 41
150.0
 42
150.0
 50
89.99999999987975
  0
LINE
  5
895
330
88C
100
AcDbEntity
  8
0
100
AcDbLine
 10
356638.28704945924
 20
-713995.5055624783
 30
0.0
 11
356638.2870494621
 21
-712645.5055624783
 31
0.0
  0
LINE
  5
896
330
88C
100
AcDbEntity
  8
0
100
AcDbLine
 10
356638.2870494642
 20
-711645.5055624783
 30
0.0
 11
356638.28704946704
 21
-710295.5055624783
 31
0.0
  0
MTEXT
  5
897
330
88C
100
AcDbEntity
  8
SD_RESULT_SUPPORT
100
AcDbMText
 10
356638.28704946314
 20
-712145.5055624783
 30
0.0
 40
250.0
 71
5
  1
4000
  7
OpenSansCondensed-Light
 11
2.0988268380913534e-12
 21
1.0
 31
0.0
  0
POINT
  5
898
330
88C
100
AcDbEntity
  8
Defpoints
100
AcDbPoint
 10
356638.28704945894
 20
-714145.5055624783
 30
0.0
  0
POINT
  5
899
330
88C
100
AcDbEntity
  8
Defpoints
100
AcDbPoint
 10
357288.28704945894
 20
-714145.5055624783
 30
0.0
  0
POINT
  5
89A
330
88C
100
AcDbEntity
  8
Defpoints
100
AcDbPoint
 10
357288.2870494673
 20
-710145.5055624783
 30
0.0
  0
ENDBLK
  5
88E
330
88C
100
AcDbEntity
  8
0
100
AcDbBlockEnd
  0
BLOCK
  5
89D
330
89C
100
AcDbEntity
  8
0
100
AcDbBlockBegin
  2
*D19
 70
1
 10
0.0
 20
0.0
 30
0.0
  3
*D19
  1

  0
LINE
  5
89F
330
89C
100
AcDbEntity
  8
0
100
AcDbLine
 10
357188.2870494673
 20
-710145.5055624783
 30
0.0
 11
356488.2870494673
 21
-710145.5055624783
 31
0.0
  0
LINE
  5
8A0
330
89C
100
AcDbEntity
  8
0
100
AcDbLine
 10
357188.28704948095
 20
-703645.5055624783
 30
0.0
 11
356488.28704948095
 21
-703645.5055624783
 31
0.0
  0
INSERT
  5
8A1
330
89C
100
AcDbEntity
  8
SD_RESULT_SUPPORT
100
AcDbBlockReference
  2
_CLOSEDFILLED
 10
356638.2870494673
 20
-710145.5055624783
 30
0.0
 41
150.0
 42
150.0
 50
-90.00000000012027
  0
INSERT
  5
8A3
330
89C
100
AcDbEntity
  8
SD_RESULT_SUPPORT
100
AcDbBlockReference
  2
_CLOSEDFILLED
 10
356638.28704948095
 20
-703645.5055624783
 30
0.0
 41
150.0
 42
150.0
 50
89.99999999987975
  0
LINE
  5
8A5
330
89C
100
AcDbEntity
  8
0
100
AcDbLine
 10
356638.2870494676
 20
-709995.5055624783
 30
0.0
 11
356638.2870494731
 21
-707395.5055624783
 31
0.0
  0
LINE
  5
8A6
330
89C
100
AcDbEntity
  8
0
100
AcDbLine
 10
356638.2870494752
 20
-706395.5055624783
 30
0.0
 11
356638.28704948066
 21
-703795.5055624783
 31
0.0
  0
MTEXT
  5
8A7
330
89C
100
AcDbEntity
  8
SD_RESULT_SUPPORT
100
AcDbMText
 10
356638.28704947414
 20
-706895.5055624783
 30
0.0
 40
250.0
 71
5
  1
6500
  7
OpenSansCondensed-Light
 11
2.0988268380913534e-12
 21
1.0
 31
0.0
  0
POINT
  5
8A8
330
89C
100
AcDbEntity
  8
Defpoints
100
AcDbPoint
 10
356638.2870494673
 20
-710145.5055624783
 30
0.0
  0
POINT
  5
8A9
330
89C
100
AcDbEntity
  8
Defpoints
100
AcDbPoint
 10
357288.2870494673
 20
-710145.5055624783
 30
0.0
  0
POINT
  5
8AA
330
89C
100
AcDbEntity
  8
Defpoints
100
AcDbPoint
 10
357288.28704948095
 20
-703645.5055624783
 30
0.0
  0
ENDBLK
  5
89E
330
89C
100
AcDbEntity
  8
0
100
AcDbBlockEnd
  0
BLOCK
  5
8AD
330
8AC
100
AcDbEntity
  8
0
100
AcDbBlockBegin
  2
*D20
 70
1
 10
0.0
 20
0.0
 30
0.0
  3
*D20
  1

  0
LINE
  5
8AF
330
8AC
100
AcDbEntity
  8
0
100
AcDbLine
 10
357188.28704948095
 20
-703645.5055624783
 30
0.0
 11
356488.28704948095
 21
-703645.5055624783
 31
0.0
  0
LINE
  5
8B0
330
8AC
100
AcDbEntity
  8
0
100
AcDbLine
 10
357188.2870494812
 20
-703545.5055624783
 30
0.0
 11
356488.2870494812
 21
-703545.5055624783
 31
0.0
  0
INSERT
  5
8B1
330
8AC
100
AcDbEntity
  8
SD_RESULT_SUPPORT
100
AcDbBlockReference
  2
_CLOSEDFILLED
 10
356638.28704948095
 20
-703645.5055624783
 30
0.0
 41
150.0
 42
150.0
 50
89.99999999987975
  0
INSERT
  5
8B3
330
8AC
100
AcDbEntity
  8
SD_RESULT_SUPPORT
100
AcDbBlockReference
  2
_CLOSEDFILLED
 10
356638.2870494812
 20
-703545.5055624783
 30
0.0
 41
150.0
 42
150.0
 50
-90.00000000012027
  0
LINE
  5
8B5
330
8AC
100
AcDbEntity
  8
0
100
AcDbLine
 10
356638.28704948066
 20
-703795.5055624783
 30
0.0
 11
356638.28704948036
 21
-703945.5055624783
 31
0.0
  0
LINE
  5
8B6
330
8AC
100
AcDbEntity
  8
0
100
AcDbLine
 10
356638.28704948147
 20
-703395.5055624783
 30
0.0
 11
356638.2870494818
 21
-703245.5055624783
 31
0.0
  0
LINE
  5
8B7
330
8AC
100
AcDbEntity
  8
0
100
AcDbLine
 10
356638.28704948095
 20
-703645.5055624783
 30
0.0
 11
356638.2870494812
 21
-703545.5055624783
 31
0.0
  0
MTEXT
  5
8B8
330
8AC
100
AcDbEntity
  8
SD_RESULT_SUPPORT
100
AcDbMText
 10
356288.28704948106
 20
-703595.5055624776
 30
0.0
 40
250.0
 71
5
  1
餘量 100
  7
OpenSansCondensed-Light
 11
2.0988268380913534e-12
 21
1.0
 31
0.0
  0
POINT
  5
8B9
330
8AC
100
AcDbEntity
  8
Defpoints
100
AcDbPoint
 10
356638.28704948095
 20
-703645.5055624783
 30
0.0
  0
POINT
  5
8BA
330
8AC
100
AcDbEntity
  8
Defpoints
100
AcDbPoint
 10
357288.28704948095
 20
-703645.5055624783
 30
0.0
  0
POINT
  5
8BB
330
8AC
100
AcDbEntity
  8
Defpoints
100
AcDbPoint
 10
357288.2870494812
 20
-703545.5055624783
 30
0.0
  0
ENDBLK
  5
8AE
330
8AC
100
AcDbEntity
  8
0
100
AcDbBlockEnd
  0
BLOCK
  5
8BE
330
8BD
100
AcDbEntity
  8
0
100
AcDbBlockBegin
  2
*D21
 70
1
 10
0.0
 20
0.0
 30
0.0
  3
*D21
  1

  0
LINE
  5
8C0
330
8BD
100
AcDbEntity
  8
0
100
AcDbLine
 10
363188.2870494365
 20
-724845.5055624783
 30
0.0
 11
362488.2870494365
 21
-724845.5055624783
 31
0.0
  0
LINE
  5
8C1
330
8BD
100
AcDbEntity
  8
0
100
AcDbLine
 10
363188.287049453
 20
-715845.5055624783
 30
0.0
 11
362488.287049453
 21
-715845.5055624783
 31
0.0
  0
INSERT
  5
8C2
330
8BD
100
AcDbEntity
  8
SD_RESULT_SUPPORT
100
AcDbBlockReference
  2
_CLOSEDFILLED
 10
362638.2870494365
 20
-724845.5055624783
 30
0.0
 41
150.0
 42
150.0
 50
-90.0000000001054
  0
INSERT
  5
8C4
330
8BD
100
AcDbEntity
  8
SD_RESULT_SUPPORT
100
AcDbBlockReference
  2
_CLOSEDFILLED
 10
362638.287049453
 20
-715845.5055624783
 30
0.0
 41
150.0
 42
150.0
 50
89.99999999989464
  0
LINE
  5
8C6
330
8BD
100
AcDbEntity
  8
0
100
AcDbLine
 10
362638.28704943677
 20
-724695.5055624783
 30
0.0
 11
362638.2870494438
 21
-720845.5055624783
 31
0.0
  0
LINE
  5
8C7
330
8BD
100
AcDbEntity
  8
0
100
AcDbLine
 10
362638.2870494457
 20
-719845.5055624783
 30
0.0
 11
362638.2870494528
 21
-715995.5055624783
 31
0.0
  0
MTEXT
  5
8C8
330
8BD
100
AcDbEntity
  8
SD_RESULT_SUPPORT
100
AcDbMText
 10
362638.28704944474
 20
-720345.5055624783
 30
0.0
 40
250.0
 71
5
  1
9000
  7
OpenSansCondensed-Light
 11
1.8388126057241417e-12
 21
1.0
 31
0.0
  0
POINT
  5
8C9
330
8BD
100
AcDbEntity
  8
Defpoints
100
AcDbPoint
 10
362638.2870494365
 20
-724845.5055624783
 30
0.0
  0
POINT
  5
8CA
330
8BD
100
AcDbEntity
  8
Defpoints
100
AcDbPoint
 10
363288.2870494365
 20
-724845.5055624783
 30
0.0
  0
POINT
  5
8CB
330
8BD
100
AcDbEntity
  8
Defpoints
100
AcDbPoint
 10
363288.287049453
 20
-715845.5055624783
 30
0.0
  0
ENDBLK
  5
8BF
330
8BD
100
AcDbEntity
  8
0
100
AcDbBlockEnd
  0
BLOCK
  5
8D0
330
8CF
100
AcDbEntity
  8
0
100
AcDbBlockBegin
  2
*D22
 70
1
 10
0.0
 20
0.0
 30
0.0
  3
*D22
  1

  0
LINE
  5
8D2
330
8CF
100
AcDbEntity
  8
0
100
AcDbLine
 10
363188.2870494541
 20
-715245.5055624783
 30
0.0
 11
362488.2870494541
 21
-715245.5055624783
 31
0.0
  0
LINE
  5
8D3
330
8CF
100
AcDbEntity
  8
0
100
AcDbLine
 10
363188.2870494543
 20
-715145.5055624783
 30
0.0
 11
362488.2870494543
 21
-715145.5055624783
 31
0.0
  0
INSERT
  5
8D4
330
8CF
100
AcDbEntity
  8
SD_RESULT_SUPPORT
100
AcDbBlockReference
  2
_CLOSEDFILLED
 10
362638.2870494541
 20
-715245.5055624783
 30
0.0
 41
150.0
 42
150.0
 50
89.99999999989464
  0
INSERT
  5
8D6
330
8CF
100
AcDbEntity
  8
SD_RESULT_SUPPORT
100
AcDbBlockReference
  2
_CLOSEDFILLED
 10
362638.2870494543
 20
-715145.5055624783
 30
0.0
 41
150.0
 42
150.0
 50
-90.0000000001054
  0
LINE
  5
8D8
330
8CF
100
AcDbEntity
  8
0
100
AcDbLine
 10
362638.2870494539
 20
-715395.5055624783
 30
0.0
 11
362638.2870494536
 21
-715545.5055624783
 31
0.0
  0
LINE
  5
8D9
330
8CF
100
AcDbEntity
  8
0
100
AcDbLine
 10
362638.2870494546
 20
-714995.5055624783
 30
0.0
 11
362638.28704945487
 21
-714845.5055624783
 31
0.0
  0
LINE
  5
8DA
330
8CF
100
AcDbEntity
  8
0
100
AcDbLine
 10
362638.2870494541
 20
-715245.5055624783
 30
0.0
 11
362638.2870494543
 21
-715145.5055624783
 31
0.0
  0
MTEXT
  5
8DB
330
8CF
100
AcDbEntity
  8
SD_RESULT_SUPPORT
100
AcDbMText
 10
362288.28704945423
 20
-715195.5055624776
 30
0.0
 40
250.0
 71
5
  1
調整塊 100
  7
OpenSansCondensed-Light
 11
1.8388126057241417e-12
 21
1.0
 31
0.0
  0
POINT
  5
8DC
330
8CF
100
AcDbEntity
  8
Defpoints
100
AcDbPoint
 10
362638.2870494541
 20
-715245.5055624783
 30
0.0
  0
POINT
  5
8DD
330
8CF
100
AcDbEntity
  8
Defpoints
100
AcDbPoint
 10
363288.2870494541
 20
-715245.5055624783
 30
0.0
  0
POINT
  5
8DE
330
8CF
100
AcDbEntity
  8
Defpoints
100
AcDbPoint
 10
363288.2870494543
 20
-715145.5055624783
 30
0.0
  0
ENDBLK
  5
8D1
330
8CF
100
AcDbEntity
  8
0
100
AcDbBlockEnd
  0
BLOCK
  5
8E1
330
8E0
100
AcDbEntity
  8
0
100
AcDbBlockBegin
  2
*D23
 70
1
 10
0.0
 20
0.0
 30
0.0
  3
*D23
  1

  0
LINE
  5
8E3
330
8E0
100
AcDbEntity
  8
0
100
AcDbLine
 10
363188.2870494543
 20
-715145.5055624783
 30
0.0
 11
362488.2870494543
 21
-715145.5055624783
 31
0.0
  0
LINE
  5
8E4
330
8E0
100
AcDbEntity
  8
0
100
AcDbLine
 10
363188.2870494681
 20
-707645.5055624783
 30
0.0
 11
362488.2870494681
 21
-707645.5055624783
 31
0.0
  0
INSERT
  5
8E5
330
8E0
100
AcDbEntity
  8
SD_RESULT_SUPPORT
100
AcDbBlockReference
  2
_CLOSEDFILLED
 10
362638.2870494543
 20
-715145.5055624783
 30
0.0
 41
150.0
 42
150.0
 50
-90.0000000001054
  0
INSERT
  5
8E7
330
8E0
100
AcDbEntity
  8
SD_RESULT_SUPPORT
100
AcDbBlockReference
  2
_CLOSEDFILLED
 10
362638.2870494681
 20
-707645.5055624783
 30
0.0
 41
150.0
 42
150.0
 50
89.99999999989464
  0
LINE
  5
8E9
330
8E0
100
AcDbEntity
  8
0
100
AcDbLine
 10
362638.2870494546
 20
-714995.5055624783
 30
0.0
 11
362638.2870494603
 21
-711895.5055624783
 31
0.0
  0
LINE
  5
8EA
330
8E0
100
AcDbEntity
  8
0
100
AcDbLine
 10
362638.28704946215
 20
-710895.5055624783
 30
0.0
 11
362638.28704946785
 21
-707795.5055624783
 31
0.0
  0
MTEXT
  5
8EB
330
8E0
100
AcDbEntity
  8
SD_RESULT_SUPPORT
100
AcDbMText
 10
362638.2870494612
 20
-711395.5055624783
 30
0.0
 40
250.0
 71
5
  1
7500
  7
OpenSansCondensed-Light
 11
1.8388126057241417e-12
 21
1.0
 31
0.0
  0
POINT
  5
8EC
330
8E0
100
AcDbEntity
  8
Defpoints
100
AcDbPoint
 10
362638.2870494543
 20
-715145.5055624783
 30
0.0
  0
POINT
  5
8ED
330
8E0
100
AcDbEntity
  8
Defpoints
100
AcDbPoint
 10
363288.2870494543
 20
-715145.5055624783
 30
0.0
  0
POINT
  5
8EE
330
8E0
100
AcDbEntity
  8
Defpoints
100
AcDbPoint
 10
363288.2870494681
 20
-707645.5055624783
 30
0.0
  0
ENDBLK
  5
8E2
330
8E0
100
AcDbEntity
  8
0
100
AcDbBlockEnd
  0
BLOCK
  5
8F1
330
8F0
100
AcDbEntity
  8
0
100
AcDbBlockBegin
  2
*D24
 70
1
 10
0.0
 20
0.0
 30
0.0
  3
*D24
  1

  0
LINE
  5
8F3
330
8F0
100
AcDbEntity
  8
0
100
AcDbLine
 10
363188.2870494681
 20
-707645.5055624783
 30
0.0
 11
362488.2870494681
 21
-707645.5055624783
 31
0.0
  0
LINE
  5
8F4
330
8F0
100
AcDbEntity
  8
0
100
AcDbLine
 10
363188.2870494755
 20
-703645.5055624783
 30
0.0
 11
362488.2870494755
 21
-703645.5055624783
 31
0.0
  0
INSERT
  5
8F5
330
8F0
100
AcDbEntity
  8
SD_RESULT_SUPPORT
100
AcDbBlockReference
  2
_CLOSEDFILLED
 10
362638.2870494681
 20
-707645.5055624783
 30
0.0
 41
150.0
 42
150.0
 50
-90.0000000001054
  0
INSERT
  5
8F7
330
8F0
100
AcDbEntity
  8
SD_RESULT_SUPPORT
100
AcDbBlockReference
  2
_CLOSEDFILLED
 10
362638.2870494755
 20
-703645.5055624783
 30
0.0
 41
150.0
 42
150.0
 50
89.99999999989464
  0
LINE
  5
8F9
330
8F0
100
AcDbEntity
  8
0
100
AcDbLine
 10
362638.2870494684
 20
-707495.5055624783
 30
0.0
 11
362638.2870494709
 21
-706145.5055624783
 31
0.0
  0
LINE
  5
8FA
330
8F0
100
AcDbEntity
  8
0
100
AcDbLine
 10
362638.2870494727
 20
-705145.5055624783
 30
0.0
 11
362638.2870494752
 21
-703795.5055624783
 31
0.0
  0
MTEXT
  5
8FB
330
8F0
100
AcDbEntity
  8
SD_RESULT_SUPPORT
100
AcDbMText
 10
362638.2870494718
 20
-705645.5055624783
 30
0.0
 40
250.0
 71
5
  1
4000
  7
OpenSansCondensed-Light
 11
1.8388126057241417e-12
 21
1.0
 31
0.0
  0
POINT
  5
8FC
330
8F0
100
AcDbEntity
  8
Defpoints
100
AcDbPoint
 10
362638.2870494681
 20
-707645.5055624783
 30
0.0
  0
POINT
  5
8FD
330
8F0
100
AcDbEntity
  8
Defpoints
100
AcDbPoint
 10
363288.2870494681
 20
-707645.5055624783
 30
0.0
  0
POINT
  5
8FE
330
8F0
100
AcDbEntity
  8
Defpoints
100
AcDbPoint
 10
363288.2870494755
 20
-703645.5055624783
 30
0.0
  0
ENDBLK
  5
8F2
330
8F0
100
AcDbEntity
  8
0
100
AcDbBlockEnd
  0
BLOCK
  5
901
330
900
100
AcDbEntity
  8
0
100
AcDbBlockBegin
  2
*D25
 70
1
 10
0.0
 20
0.0
 30
0.0
  3
*D25
  1

  0
LINE
  5
903
330
900
100
AcDbEntity
  8
0
100
AcDbLine
 10
363188.2870494755
 20
-703645.5055624783
 30
0.0
 11
362488.2870494755
 21
-703645.5055624783
 31
0.0
  0
LINE
  5
904
330
900
100
AcDbEntity
  8
0
100
AcDbLine
 10
363188.28704947565
 20
-703545.5055624783
 30
0.0
 11
362488.28704947565
 21
-703545.5055624783
 31
0.0
  0
INSERT
  5
905
330
900
100
AcDbEntity
  8
SD_RESULT_SUPPORT
100
AcDbBlockReference
  2
_CLOSEDFILLED
 10
362638.2870494755
 20
-703645.5055624783
 30
0.0
 41
150.0
 42
150.0
 50
89.99999999989464
  0
INSERT
  5
907
330
900
100
AcDbEntity
  8
SD_RESULT_SUPPORT
100
AcDbBlockReference
  2
_CLOSEDFILLED
 10
362638.28704947565
 20
-703545.5055624783
 30
0.0
 41
150.0
 42
150.0
 50
-90.0000000001054
  0
LINE
  5
909
330
900
100
AcDbEntity
  8
0
100
AcDbLine
 10
362638.2870494752
 20
-703795.5055624783
 30
0.0
 11
362638.2870494749
 21
-703945.5055624783
 31
0.0
  0
LINE
  5
90A
330
900
100
AcDbEntity
  8
0
100
AcDbLine
 10
362638.28704947594
 20
-703395.5055624783
 30
0.0
 11
362638.2870494762
 21
-703245.5055624783
 31
0.0
  0
LINE
  5
90B
330
900
100
AcDbEntity
  8
0
100
AcDbLine
 10
362638.2870494755
 20
-703645.5055624783
 30
0.0
 11
362638.28704947565
 21
-703545.5055624783
 31
0.0
  0
MTEXT
  5
90C
330
900
100
AcDbEntity
  8
SD_RESULT_SUPPORT
100
AcDbMText
 10
362288.28704947553
 20
-703595.5055624776
 30
0.0
 40
250.0
 71
5
  1
餘量 100
  7
OpenSansCondensed-Light
 11
1.8388126057241417e-12
 21
1.0
 31
0.0
  0
POINT
  5
90D
330
900
100
AcDbEntity
  8
Defpoints
100
AcDbPoint
 10
362638.2870494755
 20
-703645.5055624783
 30
0.0
  0
POINT
  5
90E
330
900
100
AcDbEntity
  8
Defpoints
100
AcDbPoint
 10
363288.2870494755
 20
-703645.5055624783
 30
0.0
  0
POINT
  5
90F
330
900
100
AcDbEntity
  8
Defpoints
100
AcDbPoint
 10
363288.28704947565
 20
-703545.5055624783
 30
0.0
  0
ENDBLK
  5
902
330
900
100
AcDbEntity
  8
0
100
AcDbBlockEnd
  0
BLOCK
  5
912
330
911
100
AcDbEntity
  8
0
100
AcDbBlockBegin
  2
*D26
 70
1
 10
0.0
 20
0.0
 30
0.0
  3
*D26
  1

  0
LINE
  5
914
330
911
100
AcDbEntity
  8
0
100
AcDbLine
 10
369188.2870494365
 20
-724845.5055624783
 30
0.0
 11
368488.2870494365
 21
-724845.5055624783
 31
0.0
  0
LINE
  5
915
330
911
100
AcDbEntity
  8
0
100
AcDbLine
 10
369188.28704945144
 20
-715345.5055624783
 30
0.0
 11
368488.28704945144
 21
-715345.5055624783
 31
0.0
  0
INSERT
  5
916
330
911
100
AcDbEntity
  8
SD_RESULT_SUPPORT
100
AcDbBlockReference
  2
_CLOSEDFILLED
 10
368638.2870494365
 20
-724845.5055624783
 30
0.0
 41
150.0
 42
150.0
 50
-90.00000000009034
  0
INSERT
  5
918
330
911
100
AcDbEntity
  8
SD_RESULT_SUPPORT
100
AcDbBlockReference
  2
_CLOSEDFILLED
 10
368638.28704945144
 20
-715345.5055624783
 30
0.0
 41
150.0
 42
150.0
 50
89.99999999990966
  0
LINE
  5
91A
330
911
100
AcDbEntity
  8
0
100
AcDbLine
 10
368638.2870494367
 20
-724695.5055624783
 30
0.0
 11
368638.28704944317
 21
-720595.5055624783
 31
0.0
  0
LINE
  5
91B
330
911
100
AcDbEntity
  8
0
100
AcDbLine
 10
368638.28704944474
 20
-719595.5055624783
 30
0.0
 11
368638.2870494512
 21
-715495.5055624783
 31
0.0
  0
MTEXT
  5
91C
330
911
100
AcDbEntity
  8
SD_RESULT_SUPPORT
100
AcDbMText
 10
368638.287049444
 20
-720095.5055624783
 30
0.0
 40
250.0
 71
5
  1
9500
  7
OpenSansCondensed-Light
 11
1.5767999719126046e-12
 21
1.0
 31
0.0
  0
POINT
  5
91D
330
911
100
AcDbEntity
  8
Defpoints
100
AcDbPoint
 10
368638.2870494365
 20
-724845.5055624783
 30
0.0
  0
POINT
  5
91E
330
911
100
AcDbEntity
  8
Defpoints
100
AcDbPoint
 10
369288.2870494365
 20
-724845.5055624783
 30
0.0
  0
POINT
  5
91F
330
911
100
AcDbEntity
  8
Defpoints
100
AcDbPoint
 10
369288.28704945144
 20
-715345.5055624783
 30
0.0
  0
ENDBLK
  5
913
330
911
100
AcDbEntity
  8
0
100
AcDbBlockEnd
  0
BLOCK
  5
924
330
923
100
AcDbEntity
  8
0
100
AcDbBlockBegin
  2
*D27
 70
1
 10
0.0
 20
0.0
 30
0.0
  3
*D27
  1

  0
LINE
  5
926
330
923
100
AcDbEntity
  8
0
100
AcDbLine
 10
369188.2870494524
 20
-714745.5055624783
 30
0.0
 11
368488.2870494524
 21
-714745.5055624783
 31
0.0
  0
LINE
  5
927
330
923
100
AcDbEntity
  8
0
100
AcDbLine
 10
369188.28704945254
 20
-714645.5055624783
 30
0.0
 11
368488.28704945254
 21
-714645.5055624783
 31
0.0
  0
INSERT
  5
928
330
923
100
AcDbEntity
  8
SD_RESULT_SUPPORT
100
AcDbBlockReference
  2
_CLOSEDFILLED
 10
368638.2870494524
 20
-714745.5055624783
 30
0.0
 41
150.0
 42
150.0
 50
89.99999999990966
  0
INSERT
  5
92A
330
923
100
AcDbEntity
  8
SD_RESULT_SUPPORT
100
AcDbBlockReference
  2
_CLOSEDFILLED
 10
368638.28704945254
 20
-714645.5055624783
 30
0.0
 41
150.0
 42
150.0
 50
-90.00000000009034
  0
LINE
  5
92C
330
923
100
AcDbEntity
  8
0
100
AcDbLine
 10
368638.2870494522
 20
-714895.5055624783
 30
0.0
 11
368638.2870494519
 21
-715045.5055624783
 31
0.0
  0
LINE
  5
92D
330
923
100
AcDbEntity
  8
0
100
AcDbLine
 10
368638.2870494528
 20
-714495.5055624783
 30
0.0
 11
368638.287049453
 21
-714345.5055624783
 31
0.0
  0
LINE
  5
92E
330
923
100
AcDbEntity
  8
0
100
AcDbLine
 10
368638.2870494524
 20
-714745.5055624783
 30
0.0
 11
368638.28704945254
 21
-714645.5055624783
 31
0.0
  0
MTEXT
  5
92F
330
923
100
AcDbEntity
  8
SD_RESULT_SUPPORT
100
AcDbMText
 10
368288.2870494525
 20
-714695.5055624777
 30
0.0
 40
250.0
 71
5
  1
調整塊 100
  7
OpenSansCondensed-Light
 11
1.5767999719126046e-12
 21
1.0
 31
0.0
  0
POINT
  5
930
330
923
100
AcDbEntity
  8
Defpoints
100
AcDbPoint
 10
368638.2870494524
 20
-714745.5055624783
 30
0.0
  0
POINT
  5
931
330
923
100
AcDbEntity
  8
Defpoints
100
AcDbPoint
 10
369288.2870494524
 20
-714745.5055624783
 30
0.0
  0
POINT
  5
932
330
923
100
AcDbEntity
  8
Defpoints
100
AcDbPoint
 10
369288.28704945254
 20
-714645.5055624783
 30
0.0
  0
ENDBLK
  5
925
330
923
100
AcDbEntity
  8
0
100
AcDbBlockEnd
  0
BLOCK
  5
935
330
934
100
AcDbEntity
  8
0
100
AcDbBlockBegin
  2
*D28
 70
1
 10
0.0
 20
0.0
 30
0.0
  3
*D28
  1

  0
LINE
  5
937
330
934
100
AcDbEntity
  8
0
100
AcDbLine
 10
369188.28704945254
 20
-714645.5055624783
 30
0.0
 11
368488.28704945254
 21
-714645.5055624783
 31
0.0
  0
LINE
  5
938
330
934
100
AcDbEntity
  8
0
100
AcDbLine
 10
369188.28704945964
 20
-710145.5055624783
 30
0.0
 11
368488.28704945964
 21
-710145.5055624783
 31
0.0
  0
INSERT
  5
939
330
934
100
AcDbEntity
  8
SD_RESULT_SUPPORT
100
AcDbBlockReference
  2
_CLOSEDFILLED
 10
368638.28704945254
 20
-714645.5055624783
 30
0.0
 41
150.0
 42
150.0
 50
-90.00000000009034
  0
INSERT
  5
93B
330
934
100
AcDbEntity
  8
SD_RESULT_SUPPORT
100
AcDbBlockReference
  2
_CLOSEDFILLED
 10
368638.28704945964
 20
-710145.5055624783
 30
0.0
 41
150.0
 42
150.0
 50
89.99999999990966
  0
LINE
  5
93D
330
934
100
AcDbEntity
  8
0
100
AcDbLine
 10
368638.2870494528
 20
-714495.5055624783
 30
0.0
 11
368638.28704945534
 21
-712895.5055624783
 31
0.0
  0
LINE
  5
93E
330
934
100
AcDbEntity
  8
0
100
AcDbLine
 10
368638.2870494569
 20
-711895.5055624783
 30
0.0
 11
368638.2870494594
 21
-710295.5055624783
 31
0.0
  0
MTEXT
  5
93F
330
934
100
AcDbEntity
  8
SD_RESULT_SUPPORT
100
AcDbMText
 10
368638.2870494561
 20
-712395.5055624783
 30
0.0
 40
250.0
 71
5
  1
4500
  7
OpenSansCondensed-Light
 11
1.5767999719126046e-12
 21
1.0
 31
0.0
  0
POINT
  5
940
330
934
100
AcDbEntity
  8
Defpoints
100
AcDbPoint
 10
368638.28704945254
 20
-714645.5055624783
 30
0.0
  0
POINT
  5
941
330
934
100
AcDbEntity
  8
Defpoints
100
AcDbPoint
 10
369288.28704945254
 20
-714645.5055624783
 30
0.0
  0
POINT
  5
942
330
934
100
AcDbEntity
  8
Defpoints
100
AcDbPoint
 10
369288.28704945964
 20
-710145.5055624783
 30
0.0
  0
ENDBLK
  5
936
330
934
100
AcDbEntity
  8
0
100
AcDbBlockEnd
  0
BLOCK
  5
945
330
944
100
AcDbEntity
  8
0
100
AcDbBlockBegin
  2
*D29
 70
1
 10
0.0
 20
0.0
 30
0.0
  3
*D29
  1

  0
LINE
  5
947
330
944
100
AcDbEntity
  8
0
100
AcDbLine
 10
369188.28704945964
 20
-710145.5055624783
 30
0.0
 11
368488.28704945964
 21
-710145.5055624783
 31
0.0
  0
LINE
  5
948
330
944
100
AcDbEntity
  8
0
100
AcDbLine
 10
369188.2870494699
 20
-703645.5055624783
 30
0.0
 11
368488.2870494699
 21
-703645.5055624783
 31
0.0
  0
INSERT
  5
949
330
944
100
AcDbEntity
  8
SD_RESULT_SUPPORT
100
AcDbBlockReference
  2
_CLOSEDFILLED
 10
368638.28704945964
 20
-710145.5055624783
 30
0.0
 41
150.0
 42
150.0
 50
-90.00000000009034
  0
INSERT
  5
94B
330
944
100
AcDbEntity
  8
SD_RESULT_SUPPORT
100
AcDbBlockReference
  2
_CLOSEDFILLED
 10
368638.2870494699
 20
-703645.5055624783
 30
0.0
 41
150.0
 42
150.0
 50
89.99999999990966
  0
LINE
  5
94D
330
944
100
AcDbEntity
  8
0
100
AcDbLine
 10
368638.2870494599
 20
-709995.5055624783
 30
0.0
 11
368638.287049464
 21
-707395.5055624783
 31
0.0
  0
LINE
  5
94E
330
944
100
AcDbEntity
  8
0
100
AcDbLine
 10
368638.2870494656
 20
-706395.5055624783
 30
0.0
 11
368638.28704946965
 21
-703795.5055624783
 31
0.0
  0
MTEXT
  5
94F
330
944
100
AcDbEntity
  8
SD_RESULT_SUPPORT
100
AcDbMText
 10
368638.28704946477
 20
-706895.5055624783
 30
0.0
 40
250.0
 71
5
  1
6500
  7
OpenSansCondensed-Light
 11
1.5767999719126046e-12
 21
1.0
 31
0.0
  0
POINT
  5
950
330
944
100
AcDbEntity
  8
Defpoints
100
AcDbPoint
 10
368638.28704945964
 20
-710145.5055624783
 30
0.0
  0
POINT
  5
951
330
944
100
AcDbEntity
  8
Defpoints
100
AcDbPoint
 10
369288.28704945964
 20
-710145.5055624783
 30
0.0
  0
POINT
  5
952
330
944
100
AcDbEntity
  8
Defpoints
100
AcDbPoint
 10
369288.2870494699
 20
-703645.5055624783
 30
0.0
  0
ENDBLK
  5
946
330
944
100
AcDbEntity
  8
0
100
AcDbBlockEnd
  0
BLOCK
  5
955
330
954
100
AcDbEntity
  8
0
100
AcDbBlockBegin
  2
*D30
 70
1
 10
0.0
 20
0.0
 30
0.0
  3
*D30
  1

  0
LINE
  5
957
330
954
100
AcDbEntity
  8
0
100
AcDbLine
 10
369188.2870494699
 20
-703645.5055624783
 30
0.0
 11
368488.2870494699
 21
-703645.5055624783
 31
0.0
  0
LINE
  5
958
330
954
100
AcDbEntity
  8
0
100
AcDbLine
 10
369188.28704947006
 20
-703545.5055624783
 30
0.0
 11
368488.28704947006
 21
-703545.5055624783
 31
0.0
  0
INSERT
  5
959
330
954
100
AcDbEntity
  8
SD_RESULT_SUPPORT
100
AcDbBlockReference
  2
_CLOSEDFILLED
 10
368638.2870494699
 20
-703645.5055624783
 30
0.0
 41
150.0
 42
150.0
 50
89.99999999990966
  0
INSERT
  5
95B
330
954
100
AcDbEntity
  8
SD_RESULT_SUPPORT
100
AcDbBlockReference
  2
_CLOSEDFILLED
 10
368638.28704947006
 20
-703545.5055624783
 30
0.0
 41
150.0
 42
150.0
 50
-90.00000000009034
  0
LINE
  5
95D
330
954
100
AcDbEntity
  8
0
100
AcDbLine
 10
368638.28704946965
 20
-703795.5055624783
 30
0.0
 11
368638.2870494694
 21
-703945.5055624783
 31
0.0
  0
LINE
  5
95E
330
954
100
AcDbEntity
  8
0
100
AcDbLine
 10
368638.2870494703
 20
-703395.5055624783
 30
0.0
 11
368638.2870494705
 21
-703245.5055624783
 31
0.0
  0
LINE
  5
95F
330
954
100
AcDbEntity
  8
0
100
AcDbLine
 10
368638.2870494699
 20
-703645.5055624783
 30
0.0
 11
368638.28704947006
 21
-703545.5055624783
 31
0.0
  0
MTEXT
  5
960
330
954
100
AcDbEntity
  8
SD_RESULT_SUPPORT
100
AcDbMText
 10
368288.28704947
 20
-703595.5055624777
 30
0.0
 40
250.0
 71
5
  1
餘量 100
  7
OpenSansCondensed-Light
 11
1.5767999719126046e-12
 21
1.0
 31
0.0
  0
POINT
  5
961
330
954
100
AcDbEntity
  8
Defpoints
100
AcDbPoint
 10
368638.2870494699
 20
-703645.5055624783
 30
0.0
  0
POINT
  5
962
330
954
100
AcDbEntity
  8
Defpoints
100
AcDbPoint
 10
369288.2870494699
 20
-703645.5055624783
 30
0.0
  0
POINT
  5
963
330
954
100
AcDbEntity
  8
Defpoints
100
AcDbPoint
 10
369288.28704947006
 20
-703545.5055624783
 30
0.0
  0
ENDBLK
  5
956
330
954
100
AcDbEntity
  8
0
100
AcDbBlockEnd
  0
BLOCK
  5
966
330
965
100
AcDbEntity
  8
0
100
AcDbBlockBegin
  2
*D31
 70
1
 10
0.0
 20
0.0
 30
0.0
  3
*D31
  1

  0
LINE
  5
968
330
965
100
AcDbEntity
  8
0
100
AcDbLine
 10
374188.2870494365
 20
-724845.5055624783
 30
0.0
 11
373488.2870494365
 21
-724845.5055624783
 31
0.0
  0
LINE
  5
969
330
965
100
AcDbEntity
  8
0
100
AcDbLine
 10
374188.2870494487
 20
-715845.5055624783
 30
0.0
 11
373488.2870494487
 21
-715845.5055624783
 31
0.0
  0
INSERT
  5
96A
330
965
100
AcDbEntity
  8
SD_RESULT_SUPPORT
100
AcDbBlockReference
  2
_CLOSEDFILLED
 10
373638.2870494365
 20
-724845.5055624783
 30
0.0
 41
150.0
 42
150.0
 50
-90.00000000007782
  0
INSERT
  5
96C
330
965
100
AcDbEntity
  8
SD_RESULT_SUPPORT
100
AcDbBlockReference
  2
_CLOSEDFILLED
 10
373638.2870494487
 20
-715845.5055624783
 30
0.0
 41
150.0
 42
150.0
 50
89.99999999992221
  0
LINE
  5
96E
330
965
100
AcDbEntity
  8
0
100
AcDbLine
 10
373638.2870494367
 20
-724695.5055624783
 30
0.0
 11
373638.2870494419
 21
-720845.5055624783
 31
0.0
  0
LINE
  5
96F
330
965
100
AcDbEntity
  8
0
100
AcDbLine
 10
373638.2870494433
 20
-719845.5055624783
 30
0.0
 11
373638.28704944847
 21
-715995.5055624783
 31
0.0
  0
MTEXT
  5
970
330
965
100
AcDbEntity
  8
SD_RESULT_SUPPORT
100
AcDbMText
 10
373638.2870494426
 20
-720345.5055624783
 30
0.0
 40
250.0
 71
5
  1
9000
  7
OpenSansCondensed-Light
 11
1.3578639914565237e-12
 21
1.0
 31
0.0
  0
POINT
  5
971
330
965
100
AcDbEntity
  8
Defpoints
100
AcDbPoint
 10
373638.2870494365
 20
-724845.5055624783
 30
0.0
  0
POINT
  5
972
330
965
100
AcDbEntity
  8
Defpoints
100
AcDbPoint
 10
374288.2870494365
 20
-724845.5055624783
 30
0.0
  0
POINT
  5
973
330
965
100
AcDbEntity
  8
Defpoints
100
AcDbPoint
 10
374288.2870494487
 20
-715845.5055624783
 30
0.0
  0
ENDBLK
  5
967
330
965
100
AcDbEntity
  8
0
100
AcDbBlockEnd
  0
BLOCK
  5
978
330
977
100
AcDbEntity
  8
0
100
AcDbBlockBegin
  2
*D32
 70
1
 10
0.0
 20
0.0
 30
0.0
  3
*D32
  1

  0
LINE
  5
97A
330
977
100
AcDbEntity
  8
0
100
AcDbLine
 10
374188.2870494495
 20
-715245.5055624783
 30
0.0
 11
373488.2870494495
 21
-715245.5055624783
 31
0.0
  0
LINE
  5
97B
330
977
100
AcDbEntity
  8
0
100
AcDbLine
 10
374188.2870499119
 20
-715145.4959470937
 30
0.0
 11
373488.28705014306
 21
-715145.4286394014
 31
0.0
  0
INSERT
  5
97C
330
977
100
AcDbEntity
  8
SD_RESULT_SUPPORT
100
AcDbBlockReference
  2
_CLOSEDFILLED
 10
373638.2870494495
 20
-715245.5055624783
 30
0.0
 41
150.0
 42
150.0
 50
89.99999999992221
  0
INSERT
  5
97E
330
977
100
AcDbEntity
  8
SD_RESULT_SUPPORT
100
AcDbBlockReference
  2
_CLOSEDFILLED
 10
373638.28704944963
 20
-715145.4430624783
 30
0.0
 41
150.0
 42
150.0
 50
-90.00000000007782
  0
LINE
  5
980
330
977
100
AcDbEntity
  8
0
100
AcDbLine
 10
373638.28704944934
 20
-715395.5055624783
 30
0.0
 11
373638.2870494491
 21
-715545.5055624783
 31
0.0
  0
LINE
  5
981
330
977
100
AcDbEntity
  8
0
100
AcDbLine
 10
373638.28704944986
 20
-714995.4430624783
 30
0.0
 11
373638.28704945004
 21
-714845.4430624783
 31
0.0
  0
LINE
  5
982
330
977
100
AcDbEntity
  8
0
100
AcDbLine
 10
373638.2870494495
 20
-715245.5055624783
 30
0.0
 11
373638.28704944963
 21
-715145.4430624783
 31
0.0
  0
MTEXT
  5
983
330
977
100
AcDbEntity
  8
SD_RESULT_SUPPORT
100
AcDbMText
 10
373288.2870494496
 20
-715195.4743124779
 30
0.0
 40
250.0
 71
5
  1
調整塊 100
  7
OpenSansCondensed-Light
 11
1.3578639914565237e-12
 21
1.0
 31
0.0
  0
POINT
  5
984
330
977
100
AcDbEntity
  8
Defpoints
100
AcDbPoint
 10
373638.2870494495
 20
-715245.5055624783
 30
0.0
  0
POINT
  5
985
330
977
100
AcDbEntity
  8
Defpoints
100
AcDbPoint
 10
374288.2870494495
 20
-715245.5055624783
 30
0.0
  0
POINT
  5
986
330
977
100
AcDbEntity
  8
Defpoints
100
AcDbPoint
 10
374288.28704944963
 20
-715145.5055624783
 30
0.0
  0
ENDBLK
  5
979
330
977
100
AcDbEntity
  8
0
100
AcDbBlockEnd
  0
BLOCK
  5
989
330
988
100
AcDbEntity
  8
0
100
AcDbBlockBegin
  2
*D33
 70
1
 10
0.0
 20
0.0
 30
0.0
  3
*D33
  1

  0
LINE
  5
98B
330
988
100
AcDbEntity
  8
0
100
AcDbLine
 10
374188.28704944963
 20
-715145.5055624783
 30
0.0
 11
373488.28704944963
 21
-715145.5055624783
 31
0.0
  0
LINE
  5
98C
330
988
100
AcDbEntity
  8
0
100
AcDbLine
 10
374188.28704992146
 20
-708145.4959470937
 30
0.0
 11
373488.28705015255
 21
-708145.4286394014
 31
0.0
  0
INSERT
  5
98D
330
988
100
AcDbEntity
  8
SD_RESULT_SUPPORT
100
AcDbBlockReference
  2
_CLOSEDFILLED
 10
373638.28704944963
 20
-715145.5055624783
 30
0.0
 41
150.0
 42
150.0
 50
-90.00000000007782
  0
INSERT
  5
98F
330
988
100
AcDbEntity
  8
SD_RESULT_SUPPORT
100
AcDbBlockReference
  2
_CLOSEDFILLED
 10
373638.2870494592
 20
-708145.4430624783
 30
0.0
 41
150.0
 42
150.0
 50
89.99999999992221
  0
LINE
  5
991
330
988
100
AcDbEntity
  8
0
100
AcDbLine
 10
373638.28704944986
 20
-714995.5055624783
 30
0.0
 11
373638.2870494537
 21
-712145.4743124783
 31
0.0
  0
LINE
  5
992
330
988
100
AcDbEntity
  8
0
100
AcDbLine
 10
373638.2870494551
 20
-711145.4743124783
 30
0.0
 11
373638.28704945894
 21
-708295.4430624783
 31
0.0
  0
MTEXT
  5
993
330
988
100
AcDbEntity
  8
SD_RESULT_SUPPORT
100
AcDbMText
 10
373638.2870494544
 20
-711645.4743124783
 30
0.0
 40
250.0
 71
5
  1
7000
  7
OpenSansCondensed-Light
 11
1.3578639914565237e-12
 21
1.0
 31
0.0
  0
POINT
  5
994
330
988
100
AcDbEntity
  8
Defpoints
100
AcDbPoint
 10
373638.28704944963
 20
-715145.5055624783
 30
0.0
  0
POINT
  5
995
330
988
100
AcDbEntity
  8
Defpoints
100
AcDbPoint
 10
374288.28704944963
 20
-715145.5055624783
 30
0.0
  0
POINT
  5
996
330
988
100
AcDbEntity
  8
Defpoints
100
AcDbPoint
 10
374288.2870494592
 20
-708145.5055624783
 30
0.0
  0
ENDBLK
  5
98A
330
988
100
AcDbEntity
  8
0
100
AcDbBlockEnd
  0
BLOCK
  5
999
330
998
100
AcDbEntity
  8
0
100
AcDbBlockBegin
  2
*D34
 70
1
 10
0.0
 20
0.0
 30
0.0
  3
*D34
  1

  0
LINE
  5
99B
330
998
100
AcDbEntity
  8
0
100
AcDbLine
 10
374188.2870494592
 20
-708145.5055624783
 30
0.0
 11
373488.2870494592
 21
-708145.5055624783
 31
0.0
  0
LINE
  5
99C
330
998
100
AcDbEntity
  8
0
100
AcDbLine
 10
374188.2870494653
 20
-703645.5055624783
 30
0.0
 11
373488.2870494653
 21
-703645.5055624783
 31
0.0
  0
INSERT
  5
99D
330
998
100
AcDbEntity
  8
SD_RESULT_SUPPORT
100
AcDbBlockReference
  2
_CLOSEDFILLED
 10
373638.2870494592
 20
-708145.5055624783
 30
0.0
 41
150.0
 42
150.0
 50
-90.00000000007782
  0
INSERT
  5
99F
330
998
100
AcDbEntity
  8
SD_RESULT_SUPPORT
100
AcDbBlockReference
  2
_CLOSEDFILLED
 10
373638.2870494653
 20
-703645.5055624783
 30
0.0
 41
150.0
 42
150.0
 50
89.99999999992221
  0
LINE
  5
9A1
330
998
100
AcDbEntity
  8
0
100
AcDbLine
 10
373638.28704945935
 20
-707995.5055624783
 30
0.0
 11
373638.2870494615
 21
-706395.5055624783
 31
0.0
  0
LINE
  5
9A2
330
998
100
AcDbEntity
  8
0
100
AcDbLine
 10
373638.2870494629
 20
-705395.5055624783
 30
0.0
 11
373638.28704946506
 21
-703795.5055624783
 31
0.0
  0
MTEXT
  5
9A3
330
998
100
AcDbEntity
  8
SD_RESULT_SUPPORT
100
AcDbMText
 10
373638.2870494622
 20
-705895.5055624783
 30
0.0
 40
250.0
 71
5
  1
4500
  7
OpenSansCondensed-Light
 11
1.3578639914565237e-12
 21
1.0
 31
0.0
  0
POINT
  5
9A4
330
998
100
AcDbEntity
  8
Defpoints
100
AcDbPoint
 10
373638.2870494592
 20
-708145.5055624783
 30
0.0
  0
POINT
  5
9A5
330
998
100
AcDbEntity
  8
Defpoints
100
AcDbPoint
 10
374288.2870494592
 20
-708145.5055624783
 30
0.0
  0
POINT
  5
9A6
330
998
100
AcDbEntity
  8
Defpoints
100
AcDbPoint
 10
374288.2870494653
 20
-703645.5055624783
 30
0.0
  0
ENDBLK
  5
99A
330
998
100
AcDbEntity
  8
0
100
AcDbBlockEnd
  0
BLOCK
  5
9A9
330
9A8
100
AcDbEntity
  8
0
100
AcDbBlockBegin
  2
*D35
 70
1
 10
0.0
 20
0.0
 30
0.0
  3
*D35
  1

  0
LINE
  5
9AB
330
9A8
100
AcDbEntity
  8
0
100
AcDbLine
 10
374188.2870494653
 20
-703645.5055624783
 30
0.0
 11
373488.2870494653
 21
-703645.5055624783
 31
0.0
  0
LINE
  5
9AC
330
9A8
100
AcDbEntity
  8
0
100
AcDbLine
 10
374188.2870494654
 20
-703545.5055624783
 30
0.0
 11
373488.2870494654
 21
-703545.5055624783
 31
0.0
  0
INSERT
  5
9AD
330
9A8
100
AcDbEntity
  8
SD_RESULT_SUPPORT
100
AcDbBlockReference
  2
_CLOSEDFILLED
 10
373638.2870494653
 20
-703645.5055624783
 30
0.0
 41
150.0
 42
150.0
 50
89.99999999992221
  0
INSERT
  5
9AF
330
9A8
100
AcDbEntity
  8
SD_RESULT_SUPPORT
100
AcDbBlockReference
  2
_CLOSEDFILLED
 10
373638.2870494654
 20
-703545.5055624783
 30
0.0
 41
150.0
 42
150.0
 50
-90.00000000007782
  0
LINE
  5
9B1
330
9A8
100
AcDbEntity
  8
0
100
AcDbLine
 10
373638.28704946506
 20
-703795.5055624783
 30
0.0
 11
373638.2870494649
 21
-703945.5055624783
 31
0.0
  0
LINE
  5
9B2
330
9A8
100
AcDbEntity
  8
0
100
AcDbLine
 10
373638.28704946564
 20
-703395.5055624783
 30
0.0
 11
373638.2870494658
 21
-703245.5055624783
 31
0.0
  0
LINE
  5
9B3
330
9A8
100
AcDbEntity
  8
0
100
AcDbLine
 10
373638.2870494653
 20
-703645.5055624783
 30
0.0
 11
373638.2870494654
 21
-703545.5055624783
 31
0.0
  0
MTEXT
  5
9B4
330
9A8
100
AcDbEntity
  8
SD_RESULT_SUPPORT
100
AcDbMText
 10
373288.28704946535
 20
-703595.5055624779
 30
0.0
 40
250.0
 71
5
  1
餘量 100
  7
OpenSansCondensed-Light
 11
1.3578639914565237e-12
 21
1.0
 31
0.0
  0
POINT
  5
9B5
330
9A8
100
AcDbEntity
  8
Defpoints
100
AcDbPoint
 10
373638.2870494653
 20
-703645.5055624783
 30
0.0
  0
POINT
  5
9B6
330
9A8
100
AcDbEntity
  8
Defpoints
100
AcDbPoint
 10
374288.2870494653
 20
-703645.5055624783
 30
0.0
  0
POINT
  5
9B7
330
9A8
100
AcDbEntity
  8
Defpoints
100
AcDbPoint
 10
374288.2870494654
 20
-703545.5055624783
 30
0.0
  0
ENDBLK
  5
9AA
330
9A8
100
AcDbEntity
  8
0
100
AcDbBlockEnd
  0
BLOCK
  5
9BA
330
9B9
100
AcDbEntity
  8
0
100
AcDbBlockBegin
  2
*D36
 70
1
 10
0.0
 20
0.0
 30
0.0
  3
*D36
  1

  0
LINE
  5
9BC
330
9B9
100
AcDbEntity
  8
0
100
AcDbLine
 10
380188.2870494365
 20
-724845.5055624783
 30
0.0
 11
379488.2870494365
 21
-724845.5055624783
 31
0.0
  0
LINE
  5
9BD
330
9B9
100
AcDbEntity
  8
0
100
AcDbLine
 10
380188.2870494469
 20
-715345.5055624783
 30
0.0
 11
379488.2870494469
 21
-715345.5055624783
 31
0.0
  0
INSERT
  5
9BE
330
9B9
100
AcDbEntity
  8
SD_RESULT_SUPPORT
100
AcDbBlockReference
  2
_CLOSEDFILLED
 10
379638.2870494365
 20
-724845.5055624783
 30
0.0
 41
150.0
 42
150.0
 50
-90.00000000006291
  0
INSERT
  5
9C0
330
9B9
100
AcDbEntity
  8
SD_RESULT_SUPPORT
100
AcDbBlockReference
  2
_CLOSEDFILLED
 10
379638.2870494469
 20
-715345.5055624783
 30
0.0
 41
150.0
 42
150.0
 50
89.99999999993706
  0
LINE
  5
9C2
330
9B9
100
AcDbEntity
  8
0
100
AcDbLine
 10
379638.28704943665
 20
-724695.5055624783
 30
0.0
 11
379638.28704944113
 21
-720595.5055624783
 31
0.0
  0
LINE
  5
9C3
330
9B9
100
AcDbEntity
  8
0
100
AcDbLine
 10
379638.28704944224
 20
-719595.5055624783
 30
0.0
 11
379638.2870494467
 21
-715495.5055624783
 31
0.0
  0
MTEXT
  5
9C4
330
9B9
100
AcDbEntity
  8
SD_RESULT_SUPPORT
100
AcDbMText
 10
379638.2870494417
 20
-720095.5055624783
 30
0.0
 40
250.0
 71
5
  1
9500
  7
OpenSansCondensed-Light
 11
1.0985158929040872e-12
 21
1.0
 31
0.0
  0
POINT
  5
9C5
330
9B9
100
AcDbEntity
  8
Defpoints
100
AcDbPoint
 10
379638.2870494365
 20
-724845.5055624783
 30
0.0
  0
POINT
  5
9C6
330
9B9
100
AcDbEntity
  8
Defpoints
100
AcDbPoint
 10
380288.2870494365
 20
-724845.5055624783
 30
0.0
  0
POINT
  5
9C7
330
9B9
100
AcDbEntity
  8
Defpoints
100
AcDbPoint
 10
380288.2870494469
 20
-715345.5055624783
 30
0.0
  0
ENDBLK
  5
9BB
330
9B9
100
AcDbEntity
  8
0
100
AcDbBlockEnd
  0
BLOCK
  5
9CC
330
9CB
100
AcDbEntity
  8
0
100
AcDbBlockBegin
  2
*D37
 70
1
 10
0.0
 20
0.0
 30
0.0
  3
*D37
  1

  0
LINE
  5
9CE
330
9CB
100
AcDbEntity
  8
0
100
AcDbLine
 10
380188.2870494476
 20
-714745.5055624783
 30
0.0
 11
379488.2870494476
 21
-714745.5055624783
 31
0.0
  0
LINE
  5
9CF
330
9CB
100
AcDbEntity
  8
0
100
AcDbLine
 10
380188.2870494477
 20
-714645.5055624783
 30
0.0
 11
379488.2870494477
 21
-714645.5055624783
 31
0.0
  0
INSERT
  5
9D0
330
9CB
100
AcDbEntity
  8
SD_RESULT_SUPPORT
100
AcDbBlockReference
  2
_CLOSEDFILLED
 10
379638.2870494476
 20
-714745.5055624783
 30
0.0
 41
150.0
 42
150.0
 50
89.99999999993706
  0
INSERT
  5
9D2
330
9CB
100
AcDbEntity
  8
SD_RESULT_SUPPORT
100
AcDbBlockReference
  2
_CLOSEDFILLED
 10
379638.2870494477
 20
-714645.5055624783
 30
0.0
 41
150.0
 42
150.0
 50
-90.00000000006291
  0
LINE
  5
9D4
330
9CB
100
AcDbEntity
  8
0
100
AcDbLine
 10
379638.2870494474
 20
-714895.5055624783
 30
0.0
 11
379638.28704944724
 21
-715045.5055624783
 31
0.0
  0
LINE
  5
9D5
330
9CB
100
AcDbEntity
  8
0
100
AcDbLine
 10
379638.2870494478
 20
-714495.5055624783
 30
0.0
 11
379638.287049448
 21
-714345.5055624783
 31
0.0
  0
LINE
  5
9D6
330
9CB
100
AcDbEntity
  8
0
100
AcDbLine
 10
379638.2870494476
 20
-714745.5055624783
 30
0.0
 11
379638.2870494477
 21
-714645.5055624783
 31
0.0
  0
MTEXT
  5
9D7
330
9CB
100
AcDbEntity
  8
SD_RESULT_SUPPORT
100
AcDbMText
 10
379288.28704944765
 20
-714695.505562478
 30
0.0
 40
250.0
 71
5
  1
調整塊 100
  7
OpenSansCondensed-Light
 11
1.0985158929040872e-12
 21
1.0
 31
0.0
  0
POINT
  5
9D8
330
9CB
100
AcDbEntity
  8
Defpoints
100
AcDbPoint
 10
379638.2870494476
 20
-714745.5055624783
 30
0.0
  0
POINT
  5
9D9
330
9CB
100
AcDbEntity
  8
Defpoints
100
AcDbPoint
 10
380288.2870494476
 20
-714745.5055624783
 30
0.0
  0
POINT
  5
9DA
330
9CB
100
AcDbEntity
  8
Defpoints
100
AcDbPoint
 10
380288.2870494477
 20
-714645.5055624783
 30
0.0
  0
ENDBLK
  5
9CD
330
9CB
100
AcDbEntity
  8
0
100
AcDbBlockEnd
  0
BLOCK
  5
9DD
330
9DC
100
AcDbEntity
  8
0
100
AcDbBlockBegin
  2
*D38
 70
1
 10
0.0
 20
0.0
 30
0.0
  3
*D38
  1

  0
LINE
  5
9DF
330
9DC
100
AcDbEntity
  8
0
100
AcDbLine
 10
380188.2870494477
 20
-714645.5055624783
 30
0.0
 11
379488.2870494477
 21
-714645.5055624783
 31
0.0
  0
LINE
  5
9E0
330
9DC
100
AcDbEntity
  8
0
100
AcDbLine
 10
380188.2870494532
 20
-709645.5055624783
 30
0.0
 11
379488.2870494532
 21
-709645.5055624783
 31
0.0
  0
INSERT
  5
9E1
330
9DC
100
AcDbEntity
  8
SD_RESULT_SUPPORT
100
AcDbBlockReference
  2
_CLOSEDFILLED
 10
379638.2870494477
 20
-714645.5055624783
 30
0.0
 41
150.0
 42
150.0
 50
-90.00000000006291
  0
INSERT
  5
9E3
330
9DC
100
AcDbEntity
  8
SD_RESULT_SUPPORT
100
AcDbBlockReference
  2
_CLOSEDFILLED
 10
379638.2870494532
 20
-709645.5055624783
 30
0.0
 41
150.0
 42
150.0
 50
89.99999999993706
  0
LINE
  5
9E5
330
9DC
100
AcDbEntity
  8
0
100
AcDbLine
 10
379638.2870494478
 20
-714495.5055624783
 30
0.0
 11
379638.28704944986
 21
-712645.5055624783
 31
0.0
  0
LINE
  5
9E6
330
9DC
100
AcDbEntity
  8
0
100
AcDbLine
 10
379638.28704945097
 20
-711645.5055624783
 30
0.0
 11
379638.287049453
 21
-709795.5055624783
 31
0.0
  0
MTEXT
  5
9E7
330
9DC
100
AcDbEntity
  8
SD_RESULT_SUPPORT
100
AcDbMText
 10
379638.28704945045
 20
-712145.5055624783
 30
0.0
 40
250.0
 71
5
  1
5000
  7
OpenSansCondensed-Light
 11
1.0985158929040872e-12
 21
1.0
 31
0.0
  0
POINT
  5
9E8
330
9DC
100
AcDbEntity
  8
Defpoints
100
AcDbPoint
 10
379638.2870494477
 20
-714645.5055624783
 30
0.0
  0
POINT
  5
9E9
330
9DC
100
AcDbEntity
  8
Defpoints
100
AcDbPoint
 10
380288.2870494477
 20
-714645.5055624783
 30
0.0
  0
POINT
  5
9EA
330
9DC
100
AcDbEntity
  8
Defpoints
100
AcDbPoint
 10
380288.2870494532
 20
-709645.5055624783
 30
0.0
  0
ENDBLK
  5
9DE
330
9DC
100
AcDbEntity
  8
0
100
AcDbBlockEnd
  0
BLOCK
  5
9ED
330
9EC
100
AcDbEntity
  8
0
100
AcDbBlockBegin
  2
*D39
 70
1
 10
0.0
 20
0.0
 30
0.0
  3
*D39
  1

  0
LINE
  5
9EF
330
9EC
100
AcDbEntity
  8
0
100
AcDbLine
 10
380188.2870494532
 20
-709645.5055624783
 30
0.0
 11
379488.2870494532
 21
-709645.5055624783
 31
0.0
  0
LINE
  5
9F0
330
9EC
100
AcDbEntity
  8
0
100
AcDbLine
 10
380188.28704945976
 20
-703645.5055624783
 30
0.0
 11
379488.28704945976
 21
-703645.5055624783
 31
0.0
  0
INSERT
  5
9F1
330
9EC
100
AcDbEntity
  8
SD_RESULT_SUPPORT
100
AcDbBlockReference
  2
_CLOSEDFILLED
 10
379638.2870494532
 20
-709645.5055624783
 30
0.0
 41
150.0
 42
150.0
 50
-90.00000000006291
  0
INSERT
  5
9F3
330
9EC
100
AcDbEntity
  8
SD_RESULT_SUPPORT
100
AcDbBlockReference
  2
_CLOSEDFILLED
 10
379638.28704945976
 20
-703645.5055624783
 30
0.0
 41
150.0
 42
150.0
 50
89.99999999993706
  0
LINE
  5
9F5
330
9EC
100
AcDbEntity
  8
0
100
AcDbLine
 10
379638.28704945336
 20
-709495.5055624783
 30
0.0
 11
379638.2870494559
 21
-707145.5055624783
 31
0.0
  0
LINE
  5
9F6
330
9EC
100
AcDbEntity
  8
0
100
AcDbLine
 10
379638.287049457
 20
-706145.5055624783
 30
0.0
 11
379638.2870494596
 21
-703795.5055624783
 31
0.0
  0
MTEXT
  5
9F7
330
9EC
100
AcDbEntity
  8
SD_RESULT_SUPPORT
100
AcDbMText
 10
379638.28704945644
 20
-706645.5055624783
 30
0.0
 40
250.0
 71
5
  1
6000
  7
OpenSansCondensed-Light
 11
1.0985158929040872e-12
 21
1.0
 31
0.0
  0
POINT
  5
9F8
330
9EC
100
AcDbEntity
  8
Defpoints
100
AcDbPoint
 10
379638.2870494532
 20
-709645.5055624783
 30
0.0
  0
POINT
  5
9F9
330
9EC
100
AcDbEntity
  8
Defpoints
100
AcDbPoint
 10
380288.2870494532
 20
-709645.5055624783
 30
0.0
  0
POINT
  5
9FA
330
9EC
100
AcDbEntity
  8
Defpoints
100
AcDbPoint
 10
380288.28704945976
 20
-703645.5055624783
 30
0.0
  0
ENDBLK
  5
9EE
330
9EC
100
AcDbEntity
  8
0
100
AcDbBlockEnd
  0
BLOCK
  5
9FD
330
9FC
100
AcDbEntity
  8
0
100
AcDbBlockBegin
  2
*D40
 70
1
 10
0.0
 20
0.0
 30
0.0
  3
*D40
  1

  0
LINE
  5
9FF
330
9FC
100
AcDbEntity
  8
0
100
AcDbLine
 10
380188.28704945976
 20
-703645.5055624783
 30
0.0
 11
379488.28704945976
 21
-703645.5055624783
 31
0.0
  0
LINE
  5
A00
330
9FC
100
AcDbEntity
  8
0
100
AcDbLine
 10
380188.2870494599
 20
-703545.5055624783
 30
0.0
 11
379488.2870494599
 21
-703545.5055624783
 31
0.0
  0
INSERT
  5
A01
330
9FC
100
AcDbEntity
  8
SD_RESULT_SUPPORT
100
AcDbBlockReference
  2
_CLOSEDFILLED
 10
379638.28704945976
 20
-703645.5055624783
 30
0.0
 41
150.0
 42
150.0
 50
89.99999999993706
  0
INSERT
  5
A03
330
9FC
100
AcDbEntity
  8
SD_RESULT_SUPPORT
100
AcDbBlockReference
  2
_CLOSEDFILLED
 10
379638.2870494599
 20
-703545.5055624783
 30
0.0
 41
150.0
 42
150.0
 50
-90.00000000006291
  0
LINE
  5
A05
330
9FC
100
AcDbEntity
  8
0
100
AcDbLine
 10
379638.2870494596
 20
-703795.5055624783
 30
0.0
 11
379638.2870494594
 21
-703945.5055624783
 31
0.0
  0
LINE
  5
A06
330
9FC
100
AcDbEntity
  8
0
100
AcDbLine
 10
379638.28704946005
 20
-703395.5055624783
 30
0.0
 11
379638.2870494602
 21
-703245.5055624783
 31
0.0
  0
LINE
  5
A07
330
9FC
100
AcDbEntity
  8
0
100
AcDbLine
 10
379638.28704945976
 20
-703645.5055624783
 30
0.0
 11
379638.2870494599
 21
-703545.5055624783
 31
0.0
  0
MTEXT
  5
A08
330
9FC
100
AcDbEntity
  8
SD_RESULT_SUPPORT
100
AcDbMText
 10
379288.2870494598
 20
-703595.505562478
 30
0.0
 40
250.0
 71
5
  1
餘量 100
  7
OpenSansCondensed-Light
 11
1.0985158929040872e-12
 21
1.0
 31
0.0
  0
POINT
  5
A09
330
9FC
100
AcDbEntity
  8
Defpoints
100
AcDbPoint
 10
379638.28704945976
 20
-703645.5055624783
 30
0.0
  0
POINT
  5
A0A
330
9FC
100
AcDbEntity
  8
Defpoints
100
AcDbPoint
 10
380288.28704945976
 20
-703645.5055624783
 30
0.0
  0
POINT
  5
A0B
330
9FC
100
AcDbEntity
  8
Defpoints
100
AcDbPoint
 10
380288.2870494599
 20
-703545.5055624783
 30
0.0
  0
ENDBLK
  5
9FE
330
9FC
100
AcDbEntity
  8
0
100
AcDbBlockEnd
  0
BLOCK
  5
A0E
330
A0D
100
AcDbEntity
  8
0
100
AcDbBlockBegin
  2
*D41
 70
1
 10
0.0
 20
0.0
 30
0.0
  3
*D41
  1

  0
LINE
  5
A10
330
A0D
100
AcDbEntity
  8
0
100
AcDbLine
 10
386188.2870494365
 20
-724845.5055624784
 30
0.0
 11
385488.2870494365
 21
-724845.5055624784
 31
0.0
  0
LINE
  5
A11
330
A0D
100
AcDbEntity
  8
0
100
AcDbLine
 10
386188.287049444
 20
-715845.5055624784
 30
0.0
 11
385488.2870494365
 21
-715845.5055624784
 31
0.0
  0
INSERT
  5
A12
330
A0D
100
AcDbEntity
  8
SD_RESULT_SUPPORT
100
AcDbBlockReference
  2
_CLOSEDFILLED
 10
385638.2870494365
 20
-724845.5055624784
 30
0.0
 41
150.0
 42
150.0
 50
-90.00000000004795
  0
INSERT
  5
A14
330
A0D
100
AcDbEntity
  8
SD_RESULT_SUPPORT
100
AcDbBlockReference
  2
_CLOSEDFILLED
 10
385638.2870494365
 20
-715845.5055624784
 30
0.0
 41
150.0
 42
150.0
 50
89.99999999995208
  0
LINE
  5
A16
330
A0D
100
AcDbEntity
  8
0
100
AcDbLine
 10
385638.2870494366
 20
-724695.5055624784
 30
0.0
 11
385638.2870494365
 21
-720845.5055624784
 31
0.0
  0
LINE
  5
A17
330
A0D
100
AcDbEntity
  8
0
100
AcDbLine
 10
385638.2870494365
 20
-719845.5055624784
 30
0.0
 11
385638.28704943636
 21
-715995.5055624784
 31
0.0
  0
MTEXT
  5
A18
330
A0D
100
AcDbEntity
  8
SD_RESULT_SUPPORT
100
AcDbMText
 10
385638.2870494365
 20
-720345.5055624784
 30
0.0
 40
250.0
 71
5
  1
9000
  7
OpenSansCondensed-Light
 11
8.362812144876253e-13
 21
1.0
 31
0.0
  0
POINT
  5
A19
330
A0D
100
AcDbEntity
  8
Defpoints
100
AcDbPoint
 10
385638.2870494365
 20
-724845.5055624784
 30
0.0
  0
POINT
  5
A1A
330
A0D
100
AcDbEntity
  8
Defpoints
100
AcDbPoint
 10
386288.2870494365
 20
-724845.5055624784
 30
0.0
  0
POINT
  5
A1B
330
A0D
100
AcDbEntity
  8
Defpoints
100
AcDbPoint
 10
386288.287049444
 20
-715845.5055624784
 30
0.0
  0
ENDBLK
  5
A0F
330
A0D
100
AcDbEntity
  8
0
100
AcDbBlockEnd
  0
BLOCK
  5
A20
330
A1F
100
AcDbEntity
  8
0
100
AcDbBlockBegin
  2
*D42
 70
1
 10
0.0
 20
0.0
 30
0.0
  3
*D42
  1

  0
LINE
  5
A22
330
A1F
100
AcDbEntity
  8
0
100
AcDbLine
 10
386188.2870494445
 20
-715245.5055624784
 30
0.0
 11
385488.2870494445
 21
-715245.5055624784
 31
0.0
  0
LINE
  5
A23
330
A1F
100
AcDbEntity
  8
0
100
AcDbLine
 10
386188.28704944457
 20
-715145.5055624784
 30
0.0
 11
385488.2870494445
 21
-715145.5055624784
 31
0.0
  0
INSERT
  5
A24
330
A1F
100
AcDbEntity
  8
SD_RESULT_SUPPORT
100
AcDbBlockReference
  2
_CLOSEDFILLED
 10
385638.2870494445
 20
-715245.5055624784
 30
0.0
 41
150.0
 42
150.0
 50
89.99999999995208
  0
INSERT
  5
A26
330
A1F
100
AcDbEntity
  8
SD_RESULT_SUPPORT
100
AcDbBlockReference
  2
_CLOSEDFILLED
 10
385638.2870494445
 20
-715145.5055624784
 30
0.0
 41
150.0
 42
150.0
 50
-90.00000000004795
  0
LINE
  5
A28
330
A1F
100
AcDbEntity
  8
0
100
AcDbLine
 10
385638.2870494445
 20
-715395.5055624784
 30
0.0
 11
385638.2870494445
 21
-715545.5055624784
 31
0.0
  0
LINE
  5
A29
330
A1F
100
AcDbEntity
  8
0
100
AcDbLine
 10
385638.2870494445
 20
-714995.5055624784
 30
0.0
 11
385638.2870494445
 21
-714845.5055624784
 31
0.0
  0
LINE
  5
A2A
330
A1F
100
AcDbEntity
  8
0
100
AcDbLine
 10
385638.2870494445
 20
-715245.5055624784
 30
0.0
 11
385638.2870494445
 21
-715145.5055624784
 31
0.0
  0
MTEXT
  5
A2B
330
A1F
100
AcDbEntity
  8
SD_RESULT_SUPPORT
100
AcDbMText
 10
385288.2870494445
 20
-715195.5055624784
 30
0.0
 40
250.0
 71
5
  1
調整塊 100
  7
OpenSansCondensed-Light
 11
8.362812144876253e-13
 21
1.0
 31
0.0
  0
POINT
  5
A2C
330
A1F
100
AcDbEntity
  8
Defpoints
100
AcDbPoint
 10
385638.2870494445
 20
-715245.5055624784
 30
0.0
  0
POINT
  5
A2D
330
A1F
100
AcDbEntity
  8
Defpoints
100
AcDbPoint
 10
386288.2870494445
 20
-715245.5055624784
 30
0.0
  0
POINT
  5
A2E
330
A1F
100
AcDbEntity
  8
Defpoints
100
AcDbPoint
 10
386288.28704944457
 20
-715145.5055624784
 30
0.0
  0
ENDBLK
  5
A21
330
A1F
100
AcDbEntity
  8
0
100
AcDbBlockEnd
  0
BLOCK
  5
A31
330
A30
100
AcDbEntity
  8
0
100
AcDbBlockBegin
  2
*D43
 70
1
 10
0.0
 20
0.0
 30
0.0
  3
*D43
  1

  0
LINE
  5
A33
330
A30
100
AcDbEntity
  8
0
100
AcDbLine
 10
386188.28704944457
 20
-715145.5055624784
 30
0.0
 11
385488.28704944457
 21
-715145.5055624784
 31
0.0
  0
LINE
  5
A34
330
A30
100
AcDbEntity
  8
0
100
AcDbLine
 10
386188.28704944876
 20
-710145.5055624784
 30
0.0
 11
385488.28704944457
 21
-710145.5055624784
 31
0.0
  0
INSERT
  5
A35
330
A30
100
AcDbEntity
  8
SD_RESULT_SUPPORT
100
AcDbBlockReference
  2
_CLOSEDFILLED
 10
385638.28704944457
 20
-715145.5055624784
 30
0.0
 41
150.0
 42
150.0
 50
-90.00000000004795
  0
INSERT
  5
A37
330
A30
100
AcDbEntity
  8
SD_RESULT_SUPPORT
100
AcDbBlockReference
  2
_CLOSEDFILLED
 10
385638.28704944457
 20
-710145.5055624784
 30
0.0
 41
150.0
 42
150.0
 50
89.99999999995208
  0
LINE
  5
A39
330
A30
100
AcDbEntity
  8
0
100
AcDbLine
 10
385638.28704944474
 20
-714995.5055624784
 30
0.0
 11
385638.2870494446
 21
-713145.5055624784
 31
0.0
  0
LINE
  5
A3A
330
A30
100
AcDbEntity
  8
0
100
AcDbLine
 10
385638.28704944457
 20
-712145.5055624784
 30
0.0
 11
385638.28704944445
 21
-710295.5055624784
 31
0.0
  0
MTEXT
  5
A3B
330
A30
100
AcDbEntity
  8
SD_RESULT_SUPPORT
100
AcDbMText
 10
385638.28704944457
 20
-712645.5055624784
 30
0.0
 40
250.0
 71
5
  1
5000
  7
OpenSansCondensed-Light
 11
8.362812144876253e-13
 21
1.0
 31
0.0
  0
POINT
  5
A3C
330
A30
100
AcDbEntity
  8
Defpoints
100
AcDbPoint
 10
385638.28704944457
 20
-715145.5055624784
 30
0.0
  0
POINT
  5
A3D
330
A30
100
AcDbEntity
  8
Defpoints
100
AcDbPoint
 10
386288.28704944457
 20
-715145.5055624784
 30
0.0
  0
POINT
  5
A3E
330
A30
100
AcDbEntity
  8
Defpoints
100
AcDbPoint
 10
386288.28704944876
 20
-710145.5055624784
 30
0.0
  0
ENDBLK
  5
A32
330
A30
100
AcDbEntity
  8
0
100
AcDbBlockEnd
  0
BLOCK
  5
A41
330
A40
100
AcDbEntity
  8
0
100
AcDbBlockBegin
  2
*D44
 70
1
 10
0.0
 20
0.0
 30
0.0
  3
*D44
  1

  0
LINE
  5
A43
330
A40
100
AcDbEntity
  8
0
100
AcDbLine
 10
386188.28704944876
 20
-710145.5055624784
 30
0.0
 11
385488.28704944876
 21
-710145.5055624784
 31
0.0
  0
LINE
  5
A44
330
A40
100
AcDbEntity
  8
0
100
AcDbLine
 10
386188.28704945423
 20
-703645.5055624784
 30
0.0
 11
385488.28704944876
 21
-703645.5055624784
 31
0.0
  0
INSERT
  5
A45
330
A40
100
AcDbEntity
  8
SD_RESULT_SUPPORT
100
AcDbBlockReference
  2
_CLOSEDFILLED
 10
385638.28704944876
 20
-710145.5055624784
 30
0.0
 41
150.0
 42
150.0
 50
-90.00000000004795
  0
INSERT
  5
A47
330
A40
100
AcDbEntity
  8
SD_RESULT_SUPPORT
100
AcDbBlockReference
  2
_CLOSEDFILLED
 10
385638.28704944876
 20
-703645.5055624784
 30
0.0
 41
150.0
 42
150.0
 50
89.99999999995208
  0
LINE
  5
A49
330
A40
100
AcDbEntity
  8
0
100
AcDbLine
 10
385638.2870494489
 20
-709995.5055624784
 30
0.0
 11
385638.2870494488
 21
-707395.5055624784
 31
0.0
  0
LINE
  5
A4A
330
A40
100
AcDbEntity
  8
0
100
AcDbLine
 10
385638.28704944876
 20
-706395.5055624784
 30
0.0
 11
385638.28704944864
 21
-703795.5055624784
 31
0.0
  0
MTEXT
  5
A4B
330
A40
100
AcDbEntity
  8
SD_RESULT_SUPPORT
100
AcDbMText
 10
385638.28704944876
 20
-706895.5055624784
 30
0.0
 40
250.0
 71
5
  1
6500
  7
OpenSansCondensed-Light
 11
8.362812144876253e-13
 21
1.0
 31
0.0
  0
POINT
  5
A4C
330
A40
100
AcDbEntity
  8
Defpoints
100
AcDbPoint
 10
385638.28704944876
 20
-710145.5055624784
 30
0.0
  0
POINT
  5
A4D
330
A40
100
AcDbEntity
  8
Defpoints
100
AcDbPoint
 10
386288.28704944876
 20
-710145.5055624784
 30
0.0
  0
POINT
  5
A4E
330
A40
100
AcDbEntity
  8
Defpoints
100
AcDbPoint
 10
386288.28704945423
 20
-703645.5055624784
 30
0.0
  0
ENDBLK
  5
A42
330
A40
100
AcDbEntity
  8
0
100
AcDbBlockEnd
  0
BLOCK
  5
A51
330
A50
100
AcDbEntity
  8
0
100
AcDbBlockBegin
  2
*D45
 70
1
 10
0.0
 20
0.0
 30
0.0
  3
*D45
  1

  0
LINE
  5
A53
330
A50
100
AcDbEntity
  8
0
100
AcDbLine
 10
386188.28704945423
 20
-703645.5055624784
 30
0.0
 11
385488.28704945423
 21
-703645.5055624784
 31
0.0
  0
LINE
  5
A54
330
A50
100
AcDbEntity
  8
0
100
AcDbLine
 10
386188.2870494543
 20
-703545.5055624784
 30
0.0
 11
385488.28704945423
 21
-703545.5055624784
 31
0.0
  0
INSERT
  5
A55
330
A50
100
AcDbEntity
  8
SD_RESULT_SUPPORT
100
AcDbBlockReference
  2
_CLOSEDFILLED
 10
385638.28704945423
 20
-703645.5055624784
 30
0.0
 41
150.0
 42
150.0
 50
89.99999999995208
  0
INSERT
  5
A57
330
A50
100
AcDbEntity
  8
SD_RESULT_SUPPORT
100
AcDbBlockReference
  2
_CLOSEDFILLED
 10
385638.28704945423
 20
-703545.5055624784
 30
0.0
 41
150.0
 42
150.0
 50
-90.00000000004795
  0
LINE
  5
A59
330
A50
100
AcDbEntity
  8
0
100
AcDbLine
 10
385638.28704945423
 20
-703795.5055624784
 30
0.0
 11
385638.28704945423
 21
-703945.5055624784
 31
0.0
  0
LINE
  5
A5A
330
A50
100
AcDbEntity
  8
0
100
AcDbLine
 10
385638.28704945423
 20
-703395.5055624784
 30
0.0
 11
385638.28704945423
 21
-703245.5055624784
 31
0.0
  0
LINE
  5
A5B
330
A50
100
AcDbEntity
  8
0
100
AcDbLine
 10
385638.28704945423
 20
-703645.5055624784
 30
0.0
 11
385638.28704945423
 21
-703545.5055624784
 31
0.0
  0
MTEXT
  5
A5C
330
A50
100
AcDbEntity
  8
SD_RESULT_SUPPORT
100
AcDbMText
 10
385288.28704945423
 20
-703595.5055624784
 30
0.0
 40
250.0
 71
5
  1
餘量 100
  7
OpenSansCondensed-Light
 11
8.362812144876253e-13
 21
1.0
 31
0.0
  0
POINT
  5
A5D
330
A50
100
AcDbEntity
  8
Defpoints
100
AcDbPoint
 10
385638.28704945423
 20
-703645.5055624784
 30
0.0
  0
POINT
  5
A5E
330
A50
100
AcDbEntity
  8
Defpoints
100
AcDbPoint
 10
386288.28704945423
 20
-703645.5055624784
 30
0.0
  0
POINT
  5
A5F
330
A50
100
AcDbEntity
  8
Defpoints
100
AcDbPoint
 10
386288.2870494543
 20
-703545.5055624784
 30
0.0
  0
ENDBLK
  5
A52
330
A50
100
AcDbEntity
  8
0
100
AcDbBlockEnd
  0
BLOCK
  5
A62
330
A61
100
AcDbEntity
  8
0
100
AcDbBlockBegin
  2
*D46
 70
1
 10
0.0
 20
0.0
 30
0.0
  3
*D46
  1

  0
LINE
  5
A64
330
A61
100
AcDbEntity
  8
0
100
AcDbLine
 10
391688.2870494365
 20
-724845.5055624784
 30
0.0
 11
390988.2870494365
 21
-724845.5055624784
 31
0.0
  0
LINE
  5
A65
330
A61
100
AcDbEntity
  8
0
100
AcDbLine
 10
391688.2870494425
 20
-714845.5055624784
 30
0.0
 11
390988.2870494365
 21
-714845.5055624784
 31
0.0
  0
INSERT
  5
A66
330
A61
100
AcDbEntity
  8
SD_RESULT_SUPPORT
100
AcDbBlockReference
  2
_CLOSEDFILLED
 10
391138.2870494365
 20
-724845.5055624784
 30
0.0
 41
150.0
 42
150.0
 50
-90.00000000003426
  0
INSERT
  5
A68
330
A61
100
AcDbEntity
  8
SD_RESULT_SUPPORT
100
AcDbBlockReference
  2
_CLOSEDFILLED
 10
391138.2870494365
 20
-714845.5055624784
 30
0.0
 41
150.0
 42
150.0
 50
89.99999999996571
  0
LINE
  5
A6A
330
A61
100
AcDbEntity
  8
0
100
AcDbLine
 10
391138.2870494366
 20
-724695.5055624784
 30
0.0
 11
391138.2870494365
 21
-720470.5055624784
 31
0.0
  0
LINE
  5
A6B
330
A61
100
AcDbEntity
  8
0
100
AcDbLine
 10
391138.2870494365
 20
-719220.5055624784
 30
0.0
 11
391138.28704943636
 21
-714995.5055624784
 31
0.0
  0
MTEXT
  5
A6C
330
A61
100
AcDbEntity
  8
SD_RESULT_SUPPORT
100
AcDbMText
 10
391138.2870494365
 20
-719845.5055624784
 30
0.0
 40
250.0
 71
5
  1
10000
  7
OpenSansCondensed-Light
 11
5.984714426129168e-13
 21
1.0
 31
0.0
  0
POINT
  5
A6D
330
A61
100
AcDbEntity
  8
Defpoints
100
AcDbPoint
 10
391138.2870494365
 20
-724845.5055624784
 30
0.0
  0
POINT
  5
A6E
330
A61
100
AcDbEntity
  8
Defpoints
100
AcDbPoint
 10
391788.2870494365
 20
-724845.5055624784
 30
0.0
  0
POINT
  5
A6F
330
A61
100
AcDbEntity
  8
Defpoints
100
AcDbPoint
 10
391788.2870494425
 20
-714845.5055624784
 30
0.0
  0
ENDBLK
  5
A63
330
A61
100
AcDbEntity
  8
0
100
AcDbBlockEnd
  0
BLOCK
  5
A74
330
A73
100
AcDbEntity
  8
0
100
AcDbBlockBegin
  2
*D47
 70
1
 10
0.0
 20
0.0
 30
0.0
  3
*D47
  1

  0
LINE
  5
A76
330
A73
100
AcDbEntity
  8
0
100
AcDbLine
 10
391688.2870494428
 20
-714245.5055624784
 30
0.0
 11
390988.2870494428
 21
-714245.5055624784
 31
0.0
  0
LINE
  5
A77
330
A73
100
AcDbEntity
  8
0
100
AcDbLine
 10
391688.2870494429
 20
-714145.5055624784
 30
0.0
 11
390988.2870494428
 21
-714145.5055624784
 31
0.0
  0
INSERT
  5
A78
330
A73
100
AcDbEntity
  8
SD_RESULT_SUPPORT
100
AcDbBlockReference
  2
_CLOSEDFILLED
 10
391138.2870494428
 20
-714245.5055624784
 30
0.0
 41
150.0
 42
150.0
 50
89.99999999996571
  0
INSERT
  5
A7A
330
A73
100
AcDbEntity
  8
SD_RESULT_SUPPORT
100
AcDbBlockReference
  2
_CLOSEDFILLED
 10
391138.2870494428
 20
-714145.5055624784
 30
0.0
 41
150.0
 42
150.0
 50
-90.00000000003426
  0
LINE
  5
A7C
330
A73
100
AcDbEntity
  8
0
100
AcDbLine
 10
391138.2870494428
 20
-714395.5055624784
 30
0.0
 11
391138.2870494428
 21
-714545.5055624784
 31
0.0
  0
LINE
  5
A7D
330
A73
100
AcDbEntity
  8
0
100
AcDbLine
 10
391138.2870494428
 20
-713995.5055624784
 30
0.0
 11
391138.2870494428
 21
-713845.5055624784
 31
0.0
  0
LINE
  5
A7E
330
A73
100
AcDbEntity
  8
0
100
AcDbLine
 10
391138.2870494428
 20
-714245.5055624784
 30
0.0
 11
391138.2870494428
 21
-714145.5055624784
 31
0.0
  0
MTEXT
  5
A7F
330
A73
100
AcDbEntity
  8
SD_RESULT_SUPPORT
100
AcDbMText
 10
390788.2870494428
 20
-714195.5055624784
 30
0.0
 40
250.0
 71
5
  1
調整塊 100
  7
OpenSansCondensed-Light
 11
5.984714426129168e-13
 21
1.0
 31
0.0
  0
POINT
  5
A80
330
A73
100
AcDbEntity
  8
Defpoints
100
AcDbPoint
 10
391138.2870494428
 20
-714245.5055624784
 30
0.0
  0
POINT
  5
A81
330
A73
100
AcDbEntity
  8
Defpoints
100
AcDbPoint
 10
391788.2870494428
 20
-714245.5055624784
 30
0.0
  0
POINT
  5
A82
330
A73
100
AcDbEntity
  8
Defpoints
100
AcDbPoint
 10
391788.2870494429
 20
-714145.5055624784
 30
0.0
  0
ENDBLK
  5
A75
330
A73
100
AcDbEntity
  8
0
100
AcDbBlockEnd
  0
BLOCK
  5
A85
330
A84
100
AcDbEntity
  8
0
100
AcDbBlockBegin
  2
*D48
 70
1
 10
0.0
 20
0.0
 30
0.0
  3
*D48
  1

  0
LINE
  5
A87
330
A84
100
AcDbEntity
  8
0
100
AcDbLine
 10
391688.2870494429
 20
-714145.5055624784
 30
0.0
 11
390988.2870494429
 21
-714145.5055624784
 31
0.0
  0
LINE
  5
A88
330
A84
100
AcDbEntity
  8
0
100
AcDbLine
 10
391688.28704944556
 20
-709645.5055624784
 30
0.0
 11
390988.2870494429
 21
-709645.5055624784
 31
0.0
  0
INSERT
  5
A89
330
A84
100
AcDbEntity
  8
SD_RESULT_SUPPORT
100
AcDbBlockReference
  2
_CLOSEDFILLED
 10
391138.2870494429
 20
-714145.5055624784
 30
0.0
 41
150.0
 42
150.0
 50
-90.00000000003426
  0
INSERT
  5
A8B
330
A84
100
AcDbEntity
  8
SD_RESULT_SUPPORT
100
AcDbBlockReference
  2
_CLOSEDFILLED
 10
391138.2870494429
 20
-709645.5055624784
 30
0.0
 41
150.0
 42
150.0
 50
89.99999999996571
  0
LINE
  5
A8D
330
A84
100
AcDbEntity
  8
0
100
AcDbLine
 10
391138.287049443
 20
-713995.5055624784
 30
0.0
 11
391138.2870494429
 21
-712395.5055624784
 31
0.0
  0
LINE
  5
A8E
330
A84
100
AcDbEntity
  8
0
100
AcDbLine
 10
391138.2870494429
 20
-711395.5055624784
 30
0.0
 11
391138.28704944276
 21
-709795.5055624784
 31
0.0
  0
MTEXT
  5
A8F
330
A84
100
AcDbEntity
  8
SD_RESULT_SUPPORT
100
AcDbMText
 10
391138.2870494429
 20
-711895.5055624784
 30
0.0
 40
250.0
 71
5
  1
4500
  7
OpenSansCondensed-Light
 11
5.984714426129168e-13
 21
1.0
 31
0.0
  0
POINT
  5
A90
330
A84
100
AcDbEntity
  8
Defpoints
100
AcDbPoint
 10
391138.2870494429
 20
-714145.5055624784
 30
0.0
  0
POINT
  5
A91
330
A84
100
AcDbEntity
  8
Defpoints
100
AcDbPoint
 10
391788.2870494429
 20
-714145.5055624784
 30
0.0
  0
POINT
  5
A92
330
A84
100
AcDbEntity
  8
Defpoints
100
AcDbPoint
 10
391788.28704944556
 20
-709645.5055624784
 30
0.0
  0
ENDBLK
  5
A86
330
A84
100
AcDbEntity
  8
0
100
AcDbBlockEnd
  0
BLOCK
  5
A95
330
A94
100
AcDbEntity
  8
0
100
AcDbBlockBegin
  2
*D49
 70
1
 10
0.0
 20
0.0
 30
0.0
  3
*D49
  1

  0
LINE
  5
A97
330
A94
100
AcDbEntity
  8
0
100
AcDbLine
 10
391688.28704944556
 20
-709645.5055624784
 30
0.0
 11
390988.28704944556
 21
-709645.5055624784
 31
0.0
  0
LINE
  5
A98
330
A94
100
AcDbEntity
  8
0
100
AcDbLine
 10
391688.28704944917
 20
-703645.5055624784
 30
0.0
 11
390988.28704944556
 21
-703645.5055624784
 31
0.0
  0
INSERT
  5
A99
330
A94
100
AcDbEntity
  8
SD_RESULT_SUPPORT
100
AcDbBlockReference
  2
_CLOSEDFILLED
 10
391138.28704944556
 20
-709645.5055624784
 30
0.0
 41
150.0
 42
150.0
 50
-90.00000000003426
  0
INSERT
  5
A9B
330
A94
100
AcDbEntity
  8
SD_RESULT_SUPPORT
100
AcDbBlockReference
  2
_CLOSEDFILLED
 10
391138.28704944556
 20
-703645.5055624784
 30
0.0
 41
150.0
 42
150.0
 50
89.99999999996571
  0
LINE
  5
A9D
330
A94
100
AcDbEntity
  8
0
100
AcDbLine
 10
391138.2870494457
 20
-709495.5055624784
 30
0.0
 11
391138.2870494456
 21
-707145.5055624784
 31
0.0
  0
LINE
  5
A9E
330
A94
100
AcDbEntity
  8
0
100
AcDbLine
 10
391138.28704944556
 20
-706145.5055624784
 30
0.0
 11
391138.2870494455
 21
-703795.5055624784
 31
0.0
  0
MTEXT
  5
A9F
330
A94
100
AcDbEntity
  8
SD_RESULT_SUPPORT
100
AcDbMText
 10
391138.28704944556
 20
-706645.5055624784
 30
0.0
 40
250.0
 71
5
  1
6000
  7
OpenSansCondensed-Light
 11
5.984714426129168e-13
 21
1.0
 31
0.0
  0
POINT
  5
AA0
330
A94
100
AcDbEntity
  8
Defpoints
100
AcDbPoint
 10
391138.28704944556
 20
-709645.5055624784
 30
0.0
  0
POINT
  5
AA1
330
A94
100
AcDbEntity
  8
Defpoints
100
AcDbPoint
 10
391788.28704944556
 20
-709645.5055624784
 30
0.0
  0
POINT
  5
AA2
330
A94
100
AcDbEntity
  8
Defpoints
100
AcDbPoint
 10
391788.28704944917
 20
-703645.5055624784
 30
0.0
  0
ENDBLK
  5
A96
330
A94
100
AcDbEntity
  8
0
100
AcDbBlockEnd
  0
BLOCK
  5
AA5
330
AA4
100
AcDbEntity
  8
0
100
AcDbBlockBegin
  2
*D50
 70
1
 10
0.0
 20
0.0
 30
0.0
  3
*D50
  1

  0
LINE
  5
AA7
330
AA4
100
AcDbEntity
  8
0
100
AcDbLine
 10
391688.28704944917
 20
-703645.5055624784
 30
0.0
 11
390988.28704944917
 21
-703645.5055624784
 31
0.0
  0
LINE
  5
AA8
330
AA4
100
AcDbEntity
  8
0
100
AcDbLine
 10
391688.2870494492
 20
-703545.5055624784
 30
0.0
 11
390988.28704944917
 21
-703545.5055624784
 31
0.0
  0
INSERT
  5
AA9
330
AA4
100
AcDbEntity
  8
SD_RESULT_SUPPORT
100
AcDbBlockReference
  2
_CLOSEDFILLED
 10
391138.28704944917
 20
-703645.5055624784
 30
0.0
 41
150.0
 42
150.0
 50
89.99999999996571
  0
INSERT
  5
AAB
330
AA4
100
AcDbEntity
  8
SD_RESULT_SUPPORT
100
AcDbBlockReference
  2
_CLOSEDFILLED
 10
391138.28704944917
 20
-703545.5055624784
 30
0.0
 41
150.0
 42
150.0
 50
-90.00000000003426
  0
LINE
  5
AAD
330
AA4
100
AcDbEntity
  8
0
100
AcDbLine
 10
391138.28704944917
 20
-703795.5055624784
 30
0.0
 11
391138.28704944917
 21
-703945.5055624784
 31
0.0
  0
LINE
  5
AAE
330
AA4
100
AcDbEntity
  8
0
100
AcDbLine
 10
391138.28704944917
 20
-703395.5055624784
 30
0.0
 11
391138.28704944917
 21
-703245.5055624784
 31
0.0
  0
LINE
  5
AAF
330
AA4
100
AcDbEntity
  8
0
100
AcDbLine
 10
391138.28704944917
 20
-703645.5055624784
 30
0.0
 11
391138.28704944917
 21
-703545.5055624784
 31
0.0
  0
MTEXT
  5
AB0
330
AA4
100
AcDbEntity
  8
SD_RESULT_SUPPORT
100
AcDbMText
 10
390788.28704944917
 20
-703595.5055624784
 30
0.0
 40
250.0
 71
5
  1
餘量 100
  7
OpenSansCondensed-Light
 11
5.984714426129168e-13
 21
1.0
 31
0.0
  0
POINT
  5
AB1
330
AA4
100
AcDbEntity
  8
Defpoints
100
AcDbPoint
 10
391138.28704944917
 20
-703645.5055624784
 30
0.0
  0
POINT
  5
AB2
330
AA4
100
AcDbEntity
  8
Defpoints
100
AcDbPoint
 10
391788.28704944917
 20
-703645.5055624784
 30
0.0
  0
POINT
  5
AB3
330
AA4
100
AcDbEntity
  8
Defpoints
100
AcDbPoint
 10
391788.2870494492
 20
-703545.5055624784
 30
0.0
  0
ENDBLK
  5
AA6
330
AA4
100
AcDbEntity
  8
0
100
AcDbBlockEnd
  0
BLOCK
  5
AB6
330
AB5
100
AcDbEntity
  8
0
100
AcDbBlockBegin
  2
*D51
 70
1
 10
0.0
 20
0.0
 30
0.0
  3
*D51
  1

  0
LINE
  5
AB8
330
AB5
100
AcDbEntity
  8
0
100
AcDbLine
 10
397688.2870494365
 20
-724845.5055624784
 30
0.0
 11
396988.2870494365
 21
-724845.5055624784
 31
0.0
  0
LINE
  5
AB9
330
AB5
100
AcDbEntity
  8
0
100
AcDbLine
 10
397688.2870494395
 20
-715845.5055624784
 30
0.0
 11
396988.2870494365
 21
-715845.5055624784
 31
0.0
  0
INSERT
  5
ABA
330
AB5
100
AcDbEntity
  8
SD_RESULT_SUPPORT
100
AcDbBlockReference
  2
_CLOSEDFILLED
 10
397138.2870494365
 20
-724845.5055624784
 30
0.0
 41
150.0
 42
150.0
 50
-90.0000000000193
  0
INSERT
  5
ABC
330
AB5
100
AcDbEntity
  8
SD_RESULT_SUPPORT
100
AcDbBlockReference
  2
_CLOSEDFILLED
 10
397138.2870494365
 20
-715845.5055624784
 30
0.0
 41
150.0
 42
150.0
 50
89.99999999998074
  0
LINE
  5
ABE
330
AB5
100
AcDbEntity
  8
0
100
AcDbLine
 10
397138.28704943653
 20
-724695.5055624784
 30
0.0
 11
397138.2870494365
 21
-720845.5055624784
 31
0.0
  0
LINE
  5
ABF
330
AB5
100
AcDbEntity
  8
0
100
AcDbLine
 10
397138.2870494365
 20
-719845.5055624784
 30
0.0
 11
397138.2870494364
 21
-715995.5055624784
 31
0.0
  0
MTEXT
  5
AC0
330
AB5
100
AcDbEntity
  8
SD_RESULT_SUPPORT
100
AcDbMText
 10
397138.2870494365
 20
-720345.5055624784
 30
0.0
 40
250.0
 71
5
  1
9000
  7
OpenSansCondensed-Light
 11
3.3601471959152975e-13
 21
1.0
 31
0.0
  0
POINT
  5
AC1
330
AB5
100
AcDbEntity
  8
Defpoints
100
AcDbPoint
 10
397138.2870494365
 20
-724845.5055624784
 30
0.0
  0
POINT
  5
AC2
330
AB5
100
AcDbEntity
  8
Defpoints
100
AcDbPoint
 10
397788.2870494365
 20
-724845.5055624784
 30
0.0
  0
POINT
  5
AC3
330
AB5
100
AcDbEntity
  8
Defpoints
100
AcDbPoint
 10
397788.2870494395
 20
-715845.5055624784
 30
0.0
  0
ENDBLK
  5
AB7
330
AB5
100
AcDbEntity
  8
0
100
AcDbBlockEnd
  0
BLOCK
  5
AC8
330
AC7
100
AcDbEntity
  8
0
100
AcDbBlockBegin
  2
*D52
 70
1
 10
0.0
 20
0.0
 30
0.0
  3
*D52
  1

  0
LINE
  5
ACA
330
AC7
100
AcDbEntity
  8
0
100
AcDbLine
 10
397688.2870494397
 20
-715245.5055624784
 30
0.0
 11
396988.2870494397
 21
-715245.5055624784
 31
0.0
  0
LINE
  5
ACB
330
AC7
100
AcDbEntity
  8
0
100
AcDbLine
 10
397688.28704943974
 20
-715145.5055624784
 30
0.0
 11
396988.2870494397
 21
-715145.5055624784
 31
0.0
  0
INSERT
  5
ACC
330
AC7
100
AcDbEntity
  8
SD_RESULT_SUPPORT
100
AcDbBlockReference
  2
_CLOSEDFILLED
 10
397138.2870494397
 20
-715245.5055624784
 30
0.0
 41
150.0
 42
150.0
 50
89.99999999998074
  0
INSERT
  5
ACE
330
AC7
100
AcDbEntity
  8
SD_RESULT_SUPPORT
100
AcDbBlockReference
  2
_CLOSEDFILLED
 10
397138.2870494397
 20
-715145.5055624784
 30
0.0
 41
150.0
 42
150.0
 50
-90.0000000000193
  0
LINE
  5
AD0
330
AC7
100
AcDbEntity
  8
0
100
AcDbLine
 10
397138.2870494397
 20
-715395.5055624784
 30
0.0
 11
397138.2870494397
 21
-715545.5055624784
 31
0.0
  0
LINE
  5
AD1
330
AC7
100
AcDbEntity
  8
0
100
AcDbLine
 10
397138.2870494397
 20
-714995.5055624784
 30
0.0
 11
397138.2870494397
 21
-714845.5055624784
 31
0.0
  0
LINE
  5
AD2
330
AC7
100
AcDbEntity
  8
0
100
AcDbLine
 10
397138.2870494397
 20
-715245.5055624784
 30
0.0
 11
397138.2870494397
 21
-715145.5055624784
 31
0.0
  0
MTEXT
  5
AD3
330
AC7
100
AcDbEntity
  8
SD_RESULT_SUPPORT
100
AcDbMText
 10
396788.2870494397
 20
-715195.5055624784
 30
0.0
 40
250.0
 71
5
  1
調整塊 100
  7
OpenSansCondensed-Light
 11
3.3601471959152975e-13
 21
1.0
 31
0.0
  0
POINT
  5
AD4
330
AC7
100
AcDbEntity
  8
Defpoints
100
AcDbPoint
 10
397138.2870494397
 20
-715245.5055624784
 30
0.0
  0
POINT
  5
AD5
330
AC7
100
AcDbEntity
  8
Defpoints
100
AcDbPoint
 10
397788.2870494397
 20
-715245.5055624784
 30
0.0
  0
POINT
  5
AD6
330
AC7
100
AcDbEntity
  8
Defpoints
100
AcDbPoint
 10
397788.28704943974
 20
-715145.5055624784
 30
0.0
  0
ENDBLK
  5
AC9
330
AC7
100
AcDbEntity
  8
0
100
AcDbBlockEnd
  0
BLOCK
  5
AD9
330
AD8
100
AcDbEntity
  8
0
100
AcDbBlockBegin
  2
*D53
 70
1
 10
0.0
 20
0.0
 30
0.0
  3
*D53
  1

  0
LINE
  5
ADB
330
AD8
100
AcDbEntity
  8
0
100
AcDbLine
 10
397688.28704943974
 20
-715145.5055624784
 30
0.0
 11
396988.28704943974
 21
-715145.5055624784
 31
0.0
  0
LINE
  5
ADC
330
AD8
100
AcDbEntity
  8
0
100
AcDbLine
 10
397688.2870494416
 20
-709645.5055624784
 30
0.0
 11
396988.28704943974
 21
-709645.5055624784
 31
0.0
  0
INSERT
  5
ADD
330
AD8
100
AcDbEntity
  8
SD_RESULT_SUPPORT
100
AcDbBlockReference
  2
_CLOSEDFILLED
 10
397138.28704943974
 20
-715145.5055624784
 30
0.0
 41
150.0
 42
150.0
 50
-90.0000000000193
  0
INSERT
  5
ADF
330
AD8
100
AcDbEntity
  8
SD_RESULT_SUPPORT
100
AcDbBlockReference
  2
_CLOSEDFILLED
 10
397138.28704943974
 20
-709645.5055624784
 30
0.0
 41
150.0
 42
150.0
 50
89.99999999998074
  0
LINE
  5
AE1
330
AD8
100
AcDbEntity
  8
0
100
AcDbLine
 10
397138.2870494398
 20
-714995.5055624784
 30
0.0
 11
397138.28704943974
 21
-712895.5055624784
 31
0.0
  0
LINE
  5
AE2
330
AD8
100
AcDbEntity
  8
0
100
AcDbLine
 10
397138.28704943974
 20
-711895.5055624784
 30
0.0
 11
397138.2870494397
 21
-709795.5055624784
 31
0.0
  0
MTEXT
  5
AE3
330
AD8
100
AcDbEntity
  8
SD_RESULT_SUPPORT
100
AcDbMText
 10
397138.28704943974
 20
-712395.5055624784
 30
0.0
 40
250.0
 71
5
  1
5500
  7
OpenSansCondensed-Light
 11
3.3601471959152975e-13
 21
1.0
 31
0.0
  0
POINT
  5
AE4
330
AD8
100
AcDbEntity
  8
Defpoints
100
AcDbPoint
 10
397138.28704943974
 20
-715145.5055624784
 30
0.0
  0
POINT
  5
AE5
330
AD8
100
AcDbEntity
  8
Defpoints
100
AcDbPoint
 10
397788.28704943974
 20
-715145.5055624784
 30
0.0
  0
POINT
  5
AE6
330
AD8
100
AcDbEntity
  8
Defpoints
100
AcDbPoint
 10
397788.2870494416
 20
-709645.5055624784
 30
0.0
  0
ENDBLK
  5
ADA
330
AD8
100
AcDbEntity
  8
0
100
AcDbBlockEnd
  0
BLOCK
  5
AE9
330
AE8
100
AcDbEntity
  8
0
100
AcDbBlockBegin
  2
*D54
 70
1
 10
0.0
 20
0.0
 30
0.0
  3
*D54
  1

  0
LINE
  5
AEB
330
AE8
100
AcDbEntity
  8
0
100
AcDbLine
 10
397688.2870494416
 20
-709645.5055624784
 30
0.0
 11
396988.2870494416
 21
-709645.5055624784
 31
0.0
  0
LINE
  5
AEC
330
AE8
100
AcDbEntity
  8
0
100
AcDbLine
 10
397688.2870494436
 20
-703645.5055624784
 30
0.0
 11
396988.2870494416
 21
-703645.5055624784
 31
0.0
  0
INSERT
  5
AED
330
AE8
100
AcDbEntity
  8
SD_RESULT_SUPPORT
100
AcDbBlockReference
  2
_CLOSEDFILLED
 10
397138.2870494416
 20
-709645.5055624784
 30
0.0
 41
150.0
 42
150.0
 50
-90.0000000000193
  0
INSERT
  5
AEF
330
AE8
100
AcDbEntity
  8
SD_RESULT_SUPPORT
100
AcDbBlockReference
  2
_CLOSEDFILLED
 10
397138.2870494416
 20
-703645.5055624784
 30
0.0
 41
150.0
 42
150.0
 50
89.99999999998074
  0
LINE
  5
AF1
330
AE8
100
AcDbEntity
  8
0
100
AcDbLine
 10
397138.28704944166
 20
-709495.5055624784
 30
0.0
 11
397138.2870494416
 21
-707145.5055624784
 31
0.0
  0
LINE
  5
AF2
330
AE8
100
AcDbEntity
  8
0
100
AcDbLine
 10
397138.2870494416
 20
-706145.5055624784
 30
0.0
 11
397138.28704944154
 21
-703795.5055624784
 31
0.0
  0
MTEXT
  5
AF3
330
AE8
100
AcDbEntity
  8
SD_RESULT_SUPPORT
100
AcDbMText
 10
397138.2870494416
 20
-706645.5055624784
 30
0.0
 40
250.0
 71
5
  1
6000
  7
OpenSansCondensed-Light
 11
3.3601471959152975e-13
 21
1.0
 31
0.0
  0
POINT
  5
AF4
330
AE8
100
AcDbEntity
  8
Defpoints
100
AcDbPoint
 10
397138.2870494416
 20
-709645.5055624784
 30
0.0
  0
POINT
  5
AF5
330
AE8
100
AcDbEntity
  8
Defpoints
100
AcDbPoint
 10
397788.2870494416
 20
-709645.5055624784
 30
0.0
  0
POINT
  5
AF6
330
AE8
100
AcDbEntity
  8
Defpoints
100
AcDbPoint
 10
397788.2870494436
 20
-703645.5055624784
 30
0.0
  0
ENDBLK
  5
AEA
330
AE8
100
AcDbEntity
  8
0
100
AcDbBlockEnd
  0
BLOCK
  5
AF9
330
AF8
100
AcDbEntity
  8
0
100
AcDbBlockBegin
  2
*D55
 70
1
 10
0.0
 20
0.0
 30
0.0
  3
*D55
  1

  0
LINE
  5
AFB
330
AF8
100
AcDbEntity
  8
0
100
AcDbLine
 10
397688.2870494436
 20
-703645.5055624784
 30
0.0
 11
396988.2870494436
 21
-703645.5055624784
 31
0.0
  0
LINE
  5
AFC
330
AF8
100
AcDbEntity
  8
0
100
AcDbLine
 10
397688.28704944364
 20
-703545.5055624784
 30
0.0
 11
396988.2870494436
 21
-703545.5055624784
 31
0.0
  0
INSERT
  5
AFD
330
AF8
100
AcDbEntity
  8
SD_RESULT_SUPPORT
100
AcDbBlockReference
  2
_CLOSEDFILLED
 10
397138.2870494436
 20
-703645.5055624784
 30
0.0
 41
150.0
 42
150.0
 50
89.99999999998074
  0
INSERT
  5
AFF
330
AF8
100
AcDbEntity
  8
SD_RESULT_SUPPORT
100
AcDbBlockReference
  2
_CLOSEDFILLED
 10
397138.2870494436
 20
-703545.5055624784
 30
0.0
 41
150.0
 42
150.0
 50
-90.0000000000193
  0
LINE
  5
B01
330
AF8
100
AcDbEntity
  8
0
100
AcDbLine
 10
397138.2870494436
 20
-703795.5055624784
 30
0.0
 11
397138.2870494436
 21
-703945.5055624784
 31
0.0
  0
LINE
  5
B02
330
AF8
100
AcDbEntity
  8
0
100
AcDbLine
 10
397138.2870494436
 20
-703395.5055624784
 30
0.0
 11
397138.2870494436
 21
-703245.5055624784
 31
0.0
  0
LINE
  5
B03
330
AF8
100
AcDbEntity
  8
0
100
AcDbLine
 10
397138.2870494436
 20
-703645.5055624784
 30
0.0
 11
397138.2870494436
 21
-703545.5055624784
 31
0.0
  0
MTEXT
  5
B04
330
AF8
100
AcDbEntity
  8
SD_RESULT_SUPPORT
100
AcDbMText
 10
396788.2870494436
 20
-703595.5055624784
 30
0.0
 40
250.0
 71
5
  1
餘量 100
  7
OpenSansCondensed-Light
 11
3.3601471959152975e-13
 21
1.0
 31
0.0
  0
POINT
  5
B05
330
AF8
100
AcDbEntity
  8
Defpoints
100
AcDbPoint
 10
397138.2870494436
 20
-703645.5055624784
 30
0.0
  0
POINT
  5
B06
330
AF8
100
AcDbEntity
  8
Defpoints
100
AcDbPoint
 10
397788.2870494436
 20
-703645.5055624784
 30
0.0
  0
POINT
  5
B07
330
AF8
100
AcDbEntity
  8
Defpoints
100
AcDbPoint
 10
397788.28704944364
 20
-703545.5055624784
 30
0.0
  0
ENDBLK
  5
AFA
330
AF8
100
AcDbEntity
  8
0
100
AcDbBlockEnd
  0
BLOCK
  5
B0A
330
B09
100
AcDbEntity
  8
0
100
AcDbBlockBegin
  2
*D56
 70
1
 10
0.0
 20
0.0
 30
0.0
  3
*D56
  1

  0
LINE
  5
B0C
330
B09
100
AcDbEntity
  8
0
100
AcDbLine
 10
403688.2870494365
 20
-724845.5055624784
 30
0.0
 11
402988.2870494365
 21
-724845.5055624784
 31
0.0
  0
LINE
  5
B0D
330
B09
100
AcDbEntity
  8
0
100
AcDbLine
 10
403688.28704943694
 20
-718845.5055624784
 30
0.0
 11
402988.2870494365
 21
-718845.5055624784
 31
0.0
  0
INSERT
  5
B0E
330
B09
100
AcDbEntity
  8
SD_RESULT_SUPPORT
100
AcDbBlockReference
  2
_CLOSEDFILLED
 10
403138.2870494365
 20
-724845.5055624784
 30
0.0
 41
150.0
 42
150.0
 50
-90.00000000000439
  0
INSERT
  5
B10
330
B09
100
AcDbEntity
  8
SD_RESULT_SUPPORT
100
AcDbBlockReference
  2
_CLOSEDFILLED
 10
403138.2870494365
 20
-718845.5055624784
 30
0.0
 41
150.0
 42
150.0
 50
89.99999999999562
  0
LINE
  5
B12
330
B09
100
AcDbEntity
  8
0
100
AcDbLine
 10
403138.2870494365
 20
-724695.5055624784
 30
0.0
 11
403138.2870494365
 21
-722345.5055624784
 31
0.0
  0
LINE
  5
B13
330
B09
100
AcDbEntity
  8
0
100
AcDbLine
 10
403138.2870494365
 20
-721345.5055624784
 30
0.0
 11
403138.2870494365
 21
-718995.5055624784
 31
0.0
  0
MTEXT
  5
B14
330
B09
100
AcDbEntity
  8
SD_RESULT_SUPPORT
100
AcDbMText
 10
403138.2870494365
 20
-721845.5055624784
 30
0.0
 40
250.0
 71
5
  1
6000
  7
OpenSansCondensed-Light
 11
7.644457643416814e-14
 21
1.0
 31
0.0
  0
POINT
  5
B15
330
B09
100
AcDbEntity
  8
Defpoints
100
AcDbPoint
 10
403138.2870494365
 20
-724845.5055624784
 30
0.0
  0
POINT
  5
B16
330
B09
100
AcDbEntity
  8
Defpoints
100
AcDbPoint
 10
403788.2870494365
 20
-724845.5055624784
 30
0.0
  0
POINT
  5
B17
330
B09
100
AcDbEntity
  8
Defpoints
100
AcDbPoint
 10
403788.28704943694
 20
-718845.5055624784
 30
0.0
  0
ENDBLK
  5
B0B
330
B09
100
AcDbEntity
  8
0
100
AcDbBlockEnd
  0
BLOCK
  5
B1A
330
B19
100
AcDbEntity
  8
0
100
AcDbBlockBegin
  2
*D57
 70
1
 10
0.0
 20
0.0
 30
0.0
  3
*D57
  1

  0
LINE
  5
B1C
330
B19
100
AcDbEntity
  8
0
100
AcDbLine
 10
403688.28704943694
 20
-718845.5055624784
 30
0.0
 11
402988.28704943694
 21
-718845.5055624784
 31
0.0
  0
LINE
  5
B1D
330
B19
100
AcDbEntity
  8
0
100
AcDbLine
 10
403688.2870494374
 20
-712845.5055624784
 30
0.0
 11
402988.28704943694
 21
-712845.5055624784
 31
0.0
  0
INSERT
  5
B1E
330
B19
100
AcDbEntity
  8
SD_RESULT_SUPPORT
100
AcDbBlockReference
  2
_CLOSEDFILLED
 10
403138.28704943694
 20
-718845.5055624784
 30
0.0
 41
150.0
 42
150.0
 50
-90.00000000000439
  0
INSERT
  5
B20
330
B19
100
AcDbEntity
  8
SD_RESULT_SUPPORT
100
AcDbBlockReference
  2
_CLOSEDFILLED
 10
403138.28704943694
 20
-712845.5055624784
 30
0.0
 41
150.0
 42
150.0
 50
89.99999999999562
  0
LINE
  5
B22
330
B19
100
AcDbEntity
  8
0
100
AcDbLine
 10
403138.28704943694
 20
-718695.5055624784
 30
0.0
 11
403138.28704943694
 21
-716345.5055624784
 31
0.0
  0
LINE
  5
B23
330
B19
100
AcDbEntity
  8
0
100
AcDbLine
 10
403138.28704943694
 20
-715345.5055624784
 30
0.0
 11
403138.28704943694
 21
-712995.5055624784
 31
0.0
  0
MTEXT
  5
B24
330
B19
100
AcDbEntity
  8
SD_RESULT_SUPPORT
100
AcDbMText
 10
403138.28704943694
 20
-715845.5055624784
 30
0.0
 40
250.0
 71
5
  1
6000
  7
OpenSansCondensed-Light
 11
7.644457643416814e-14
 21
1.0
 31
0.0
  0
POINT
  5
B25
330
B19
100
AcDbEntity
  8
Defpoints
100
AcDbPoint
 10
403138.28704943694
 20
-718845.5055624784
 30
0.0
  0
POINT
  5
B26
330
B19
100
AcDbEntity
  8
Defpoints
100
AcDbPoint
 10
403788.28704943694
 20
-718845.5055624784
 30
0.0
  0
POINT
  5
B27
330
B19
100
AcDbEntity
  8
Defpoints
100
AcDbPoint
 10
403788.2870494374
 20
-712845.5055624784
 30
0.0
  0
ENDBLK
  5
B1B
330
B19
100
AcDbEntity
  8
0
100
AcDbBlockEnd
  0
BLOCK
  5
B2C
330
B2B
100
AcDbEntity
  8
0
100
AcDbBlockBegin
  2
*D58
 70
1
 10
0.0
 20
0.0
 30
0.0
  3
*D58
  1

  0
LINE
  5
B2E
330
B2B
100
AcDbEntity
  8
0
100
AcDbLine
 10
403688.28704943747
 20
-712245.5055624784
 30
0.0
 11
402988.28704943747
 21
-712245.5055624784
 31
0.0
  0
LINE
  5
B2F
330
B2B
100
AcDbEntity
  8
0
100
AcDbLine
 10
403688.28704943747
 20
-712145.5055624784
 30
0.0
 11
402988.28704943747
 21
-712145.5055624784
 31
0.0
  0
INSERT
  5
B30
330
B2B
100
AcDbEntity
  8
SD_RESULT_SUPPORT
100
AcDbBlockReference
  2
_CLOSEDFILLED
 10
403138.28704943747
 20
-712245.5055624784
 30
0.0
 41
150.0
 42
150.0
 50
89.99999999999562
  0
INSERT
  5
B32
330
B2B
100
AcDbEntity
  8
SD_RESULT_SUPPORT
100
AcDbBlockReference
  2
_CLOSEDFILLED
 10
403138.28704943747
 20
-712145.5055624784
 30
0.0
 41
150.0
 42
150.0
 50
-90.00000000000439
  0
LINE
  5
B34
330
B2B
100
AcDbEntity
  8
0
100
AcDbLine
 10
403138.28704943747
 20
-712395.5055624784
 30
0.0
 11
403138.28704943747
 21
-712545.5055624784
 31
0.0
  0
LINE
  5
B35
330
B2B
100
AcDbEntity
  8
0
100
AcDbLine
 10
403138.28704943747
 20
-711995.5055624784
 30
0.0
 11
403138.28704943747
 21
-711845.5055624784
 31
0.0
  0
LINE
  5
B36
330
B2B
100
AcDbEntity
  8
0
100
AcDbLine
 10
403138.28704943747
 20
-712245.5055624784
 30
0.0
 11
403138.28704943747
 21
-712145.5055624784
 31
0.0
  0
MTEXT
  5
B37
330
B2B
100
AcDbEntity
  8
SD_RESULT_SUPPORT
100
AcDbMText
 10
402788.28704943747
 20
-712195.5055624784
 30
0.0
 40
250.0
 71
5
  1
調整塊 100
  7
OpenSansCondensed-Light
 11
7.644457643416814e-14
 21
1.0
 31
0.0
  0
POINT
  5
B38
330
B2B
100
AcDbEntity
  8
Defpoints
100
AcDbPoint
 10
403138.28704943747
 20
-712245.5055624784
 30
0.0
  0
POINT
  5
B39
330
B2B
100
AcDbEntity
  8
Defpoints
100
AcDbPoint
 10
403788.28704943747
 20
-712245.5055624784
 30
0.0
  0
POINT
  5
B3A
330
B2B
100
AcDbEntity
  8
Defpoints
100
AcDbPoint
 10
403788.28704943747
 20
-712145.5055624784
 30
0.0
  0
ENDBLK
  5
B2D
330
B2B
100
AcDbEntity
  8
0
100
AcDbBlockEnd
  0
BLOCK
  5
B3D
330
B3C
100
AcDbEntity
  8
0
100
AcDbBlockBegin
  2
*D59
 70
1
 10
0.0
 20
0.0
 30
0.0
  3
*D59
  1

  0
LINE
  5
B3F
330
B3C
100
AcDbEntity
  8
0
100
AcDbLine
 10
403688.28704943747
 20
-712145.5055624784
 30
0.0
 11
402988.28704943747
 21
-712145.5055624784
 31
0.0
  0
LINE
  5
B40
330
B3C
100
AcDbEntity
  8
0
100
AcDbLine
 10
403688.2870494381
 20
-703645.5055624784
 30
0.0
 11
402988.28704943747
 21
-703645.5055624784
 31
0.0
  0
INSERT
  5
B41
330
B3C
100
AcDbEntity
  8
SD_RESULT_SUPPORT
100
AcDbBlockReference
  2
_CLOSEDFILLED
 10
403138.28704943747
 20
-712145.5055624784
 30
0.0
 41
150.0
 42
150.0
 50
-90.00000000000439
  0
INSERT
  5
B43
330
B3C
100
AcDbEntity
  8
SD_RESULT_SUPPORT
100
AcDbBlockReference
  2
_CLOSEDFILLED
 10
403138.28704943747
 20
-703645.5055624784
 30
0.0
 41
150.0
 42
150.0
 50
89.99999999999562
  0
LINE
  5
B45
330
B3C
100
AcDbEntity
  8
0
100
AcDbLine
 10
403138.28704943747
 20
-711995.5055624784
 30
0.0
 11
403138.28704943747
 21
-708395.5055624784
 31
0.0
  0
LINE
  5
B46
330
B3C
100
AcDbEntity
  8
0
100
AcDbLine
 10
403138.28704943747
 20
-707395.5055624784
 30
0.0
 11
403138.2870494374
 21
-703795.5055624784
 31
0.0
  0
MTEXT
  5
B47
330
B3C
100
AcDbEntity
  8
SD_RESULT_SUPPORT
100
AcDbMText
 10
403138.28704943747
 20
-707895.5055624784
 30
0.0
 40
250.0
 71
5
  1
8500
  7
OpenSansCondensed-Light
 11
7.644457643416814e-14
 21
1.0
 31
0.0
  0
POINT
  5
B48
330
B3C
100
AcDbEntity
  8
Defpoints
100
AcDbPoint
 10
403138.28704943747
 20
-712145.5055624784
 30
0.0
  0
POINT
  5
B49
330
B3C
100
AcDbEntity
  8
Defpoints
100
AcDbPoint
 10
403788.28704943747
 20
-712145.5055624784
 30
0.0
  0
POINT
  5
B4A
330
B3C
100
AcDbEntity
  8
Defpoints
100
AcDbPoint
 10
403788.2870494381
 20
-703645.5055624784
 30
0.0
  0
ENDBLK
  5
B3E
330
B3C
100
AcDbEntity
  8
0
100
AcDbBlockEnd
  0
BLOCK
  5
B4D
330
B4C
100
AcDbEntity
  8
0
100
AcDbBlockBegin
  2
*D60
 70
1
 10
0.0
 20
0.0
 30
0.0
  3
*D60
  1

  0
LINE
  5
B4F
330
B4C
100
AcDbEntity
  8
0
100
AcDbLine
 10
403688.2870494381
 20
-703645.5055624784
 30
0.0
 11
402988.2870494381
 21
-703645.5055624784
 31
0.0
  0
LINE
  5
B50
330
B4C
100
AcDbEntity
  8
0
100
AcDbLine
 10
403688.2870494381
 20
-703545.5055624784
 30
0.0
 11
402988.2870494381
 21
-703545.5055624784
 31
0.0
  0
INSERT
  5
B51
330
B4C
100
AcDbEntity
  8
SD_RESULT_SUPPORT
100
AcDbBlockReference
  2
_CLOSEDFILLED
 10
403138.2870494381
 20
-703645.5055624784
 30
0.0
 41
150.0
 42
150.0
 50
89.99999999999562
  0
INSERT
  5
B53
330
B4C
100
AcDbEntity
  8
SD_RESULT_SUPPORT
100
AcDbBlockReference
  2
_CLOSEDFILLED
 10
403138.2870494381
 20
-703545.5055624784
 30
0.0
 41
150.0
 42
150.0
 50
-90.00000000000439
  0
LINE
  5
B55
330
B4C
100
AcDbEntity
  8
0
100
AcDbLine
 10
403138.2870494381
 20
-703795.5055624784
 30
0.0
 11
403138.2870494381
 21
-703945.5055624784
 31
0.0
  0
LINE
  5
B56
330
B4C
100
AcDbEntity
  8
0
100
AcDbLine
 10
403138.2870494381
 20
-703395.5055624784
 30
0.0
 11
403138.2870494381
 21
-703245.5055624784
 31
0.0
  0
LINE
  5
B57
330
B4C
100
AcDbEntity
  8
0
100
AcDbLine
 10
403138.2870494381
 20
-703645.5055624784
 30
0.0
 11
403138.2870494381
 21
-703545.5055624784
 31
0.0
  0
MTEXT
  5
B58
330
B4C
100
AcDbEntity
  8
SD_RESULT_SUPPORT
100
AcDbMText
 10
402788.2870494381
 20
-703595.5055624784
 30
0.0
 40
250.0
 71
5
  1
餘量 100
  7
OpenSansCondensed-Light
 11
7.644457643416814e-14
 21
1.0
 31
0.0
  0
POINT
  5
B59
330
B4C
100
AcDbEntity
  8
Defpoints
100
AcDbPoint
 10
403138.2870494381
 20
-703645.5055624784
 30
0.0
  0
POINT
  5
B5A
330
B4C
100
AcDbEntity
  8
Defpoints
100
AcDbPoint
 10
403788.2870494381
 20
-703645.5055624784
 30
0.0
  0
POINT
  5
B5B
330
B4C
100
AcDbEntity
  8
Defpoints
100
AcDbPoint
 10
403788.2870494381
 20
-703545.5055624784
 30
0.0
  0
ENDBLK
  5
B4E
330
B4C
100
AcDbEntity
  8
0
100
AcDbBlockEnd
  0
BLOCK
  5
B5E
330
B5D
100
AcDbEntity
  8
0
100
AcDbBlockBegin
  2
*D61
 70
1
 10
0.0
 20
0.0
 30
0.0
  3
*D61
  1

  0
LINE
  5
B60
330
B5D
100
AcDbEntity
  8
0
100
AcDbLine
 10
409688.2870494365
 20
-724845.5055624784
 30
0.0
 11
408988.2870494365
 21
-724845.5055624784
 31
0.0
  0
LINE
  5
B61
330
B5D
100
AcDbEntity
  8
0
100
AcDbLine
 10
409688.28704943473
 20
-715345.5055624784
 30
0.0
 11
408988.2870494365
 21
-715345.5055624784
 31
0.0
  0
INSERT
  5
B62
330
B5D
100
AcDbEntity
  8
SD_RESULT_SUPPORT
100
AcDbBlockReference
  2
_CLOSEDFILLED
 10
409138.2870494365
 20
-724845.5055624784
 30
0.0
 41
150.0
 42
150.0
 50
-89.99999999998937
  0
INSERT
  5
B64
330
B5D
100
AcDbEntity
  8
SD_RESULT_SUPPORT
100
AcDbBlockReference
  2
_CLOSEDFILLED
 10
409138.2870494365
 20
-715345.5055624784
 30
0.0
 41
150.0
 42
150.0
 50
90.00000000001064
  0
LINE
  5
B66
330
B5D
100
AcDbEntity
  8
0
100
AcDbLine
 10
409138.2870494365
 20
-724695.5055624784
 30
0.0
 11
409138.2870494365
 21
-720595.5055624784
 31
0.0
  0
LINE
  5
B67
330
B5D
100
AcDbEntity
  8
0
100
AcDbLine
 10
409138.2870494365
 20
-719595.5055624784
 30
0.0
 11
409138.2870494365
 21
-715495.5055624784
 31
0.0
  0
MTEXT
  5
B68
330
B5D
100
AcDbEntity
  8
SD_RESULT_SUPPORT
100
AcDbMText
 10
409138.2870494365
 20
-720095.5055624784
 30
0.0
 40
250.0
 71
5
  1
9500
  7
OpenSansCondensed-Light
 11
-1.8579010198229382e-13
 21
1.0
 31
0.0
  0
POINT
  5
B69
330
B5D
100
AcDbEntity
  8
Defpoints
100
AcDbPoint
 10
409138.2870494365
 20
-724845.5055624784
 30
0.0
  0
POINT
  5
B6A
330
B5D
100
AcDbEntity
  8
Defpoints
100
AcDbPoint
 10
409788.2870494365
 20
-724845.5055624784
 30
0.0
  0
POINT
  5
B6B
330
B5D
100
AcDbEntity
  8
Defpoints
100
AcDbPoint
 10
409788.28704943473
 20
-715345.5055624784
 30
0.0
  0
ENDBLK
  5
B5F
330
B5D
100
AcDbEntity
  8
0
100
AcDbBlockEnd
  0
BLOCK
  5
B70
330
B6F
100
AcDbEntity
  8
0
100
AcDbBlockBegin
  2
*D62
 70
1
 10
0.0
 20
0.0
 30
0.0
  3
*D62
  1

  0
LINE
  5
B72
330
B6F
100
AcDbEntity
  8
0
100
AcDbLine
 10
409688.2870494346
 20
-714745.5055624784
 30
0.0
 11
408988.2870494346
 21
-714745.5055624784
 31
0.0
  0
LINE
  5
B73
330
B6F
100
AcDbEntity
  8
0
100
AcDbLine
 10
409688.28704943456
 20
-714645.5055624784
 30
0.0
 11
408988.2870494346
 21
-714645.5055624784
 31
0.0
  0
INSERT
  5
B74
330
B6F
100
AcDbEntity
  8
SD_RESULT_SUPPORT
100
AcDbBlockReference
  2
_CLOSEDFILLED
 10
409138.2870494346
 20
-714745.5055624784
 30
0.0
 41
150.0
 42
150.0
 50
90.00000000001064
  0
INSERT
  5
B76
330
B6F
100
AcDbEntity
  8
SD_RESULT_SUPPORT
100
AcDbBlockReference
  2
_CLOSEDFILLED
 10
409138.2870494346
 20
-714645.5055624784
 30
0.0
 41
150.0
 42
150.0
 50
-89.99999999998937
  0
LINE
  5
B78
330
B6F
100
AcDbEntity
  8
0
100
AcDbLine
 10
409138.2870494346
 20
-714895.5055624784
 30
0.0
 11
409138.2870494346
 21
-715045.5055624784
 31
0.0
  0
LINE
  5
B79
330
B6F
100
AcDbEntity
  8
0
100
AcDbLine
 10
409138.2870494346
 20
-714495.5055624784
 30
0.0
 11
409138.2870494346
 21
-714345.5055624784
 31
0.0
  0
LINE
  5
B7A
330
B6F
100
AcDbEntity
  8
0
100
AcDbLine
 10
409138.2870494346
 20
-714745.5055624784
 30
0.0
 11
409138.2870494346
 21
-714645.5055624784
 31
0.0
  0
MTEXT
  5
B7B
330
B6F
100
AcDbEntity
  8
SD_RESULT_SUPPORT
100
AcDbMText
 10
408788.2870494346
 20
-714695.5055624784
 30
0.0
 40
250.0
 71
5
  1
調整塊 100
  7
OpenSansCondensed-Light
 11
-1.8579010198229382e-13
 21
1.0
 31
0.0
  0
POINT
  5
B7C
330
B6F
100
AcDbEntity
  8
Defpoints
100
AcDbPoint
 10
409138.2870494346
 20
-714745.5055624784
 30
0.0
  0
POINT
  5
B7D
330
B6F
100
AcDbEntity
  8
Defpoints
100
AcDbPoint
 10
409788.2870494346
 20
-714745.5055624784
 30
0.0
  0
POINT
  5
B7E
330
B6F
100
AcDbEntity
  8
Defpoints
100
AcDbPoint
 10
409788.28704943456
 20
-714645.5055624784
 30
0.0
  0
ENDBLK
  5
B71
330
B6F
100
AcDbEntity
  8
0
100
AcDbBlockEnd
  0
BLOCK
  5
B81
330
B80
100
AcDbEntity
  8
0
100
AcDbBlockBegin
  2
*D63
 70
1
 10
0.0
 20
0.0
 30
0.0
  3
*D63
  1

  0
LINE
  5
B83
330
B80
100
AcDbEntity
  8
0
100
AcDbLine
 10
409688.28704943456
 20
-714645.5055624784
 30
0.0
 11
408988.28704943456
 21
-714645.5055624784
 31
0.0
  0
LINE
  5
B84
330
B80
100
AcDbEntity
  8
0
100
AcDbLine
 10
409688.28704943357
 20
-709145.5055624784
 30
0.0
 11
408988.28704943456
 21
-709145.5055624784
 31
0.0
  0
INSERT
  5
B85
330
B80
100
AcDbEntity
  8
SD_RESULT_SUPPORT
100
AcDbBlockReference
  2
_CLOSEDFILLED
 10
409138.28704943456
 20
-714645.5055624784
 30
0.0
 41
150.0
 42
150.0
 50
-89.99999999998937
  0
INSERT
  5
B87
330
B80
100
AcDbEntity
  8
SD_RESULT_SUPPORT
100
AcDbBlockReference
  2
_CLOSEDFILLED
 10
409138.28704943456
 20
-709145.5055624784
 30
0.0
 41
150.0
 42
150.0
 50
90.00000000001064
  0
LINE
  5
B89
330
B80
100
AcDbEntity
  8
0
100
AcDbLine
 10
409138.28704943456
 20
-714495.5055624784
 30
0.0
 11
409138.28704943456
 21
-712395.5055624784
 31
0.0
  0
LINE
  5
B8A
330
B80
100
AcDbEntity
  8
0
100
AcDbLine
 10
409138.2870494346
 20
-711395.5055624784
 30
0.0
 11
409138.2870494346
 21
-709295.5055624784
 31
0.0
  0
MTEXT
  5
B8B
330
B80
100
AcDbEntity
  8
SD_RESULT_SUPPORT
100
AcDbMText
 10
409138.28704943456
 20
-711895.5055624784
 30
0.0
 40
250.0
 71
5
  1
5500
  7
OpenSansCondensed-Light
 11
-1.8579010198229382e-13
 21
1.0
 31
0.0
  0
POINT
  5
B8C
330
B80
100
AcDbEntity
  8
Defpoints
100
AcDbPoint
 10
409138.28704943456
 20
-714645.5055624784
 30
0.0
  0
POINT
  5
B8D
330
B80
100
AcDbEntity
  8
Defpoints
100
AcDbPoint
 10
409788.28704943456
 20
-714645.5055624784
 30
0.0
  0
POINT
  5
B8E
330
B80
100
AcDbEntity
  8
Defpoints
100
AcDbPoint
 10
409788.28704943357
 20
-709145.5055624784
 30
0.0
  0
ENDBLK
  5
B82
330
B80
100
AcDbEntity
  8
0
100
AcDbBlockEnd
  0
BLOCK
  5
B91
330
B90
100
AcDbEntity
  8
0
100
AcDbBlockBegin
  2
*D64
 70
1
 10
0.0
 20
0.0
 30
0.0
  3
*D64
  1

  0
LINE
  5
B93
330
B90
100
AcDbEntity
  8
0
100
AcDbLine
 10
409688.28704943357
 20
-709145.5055624784
 30
0.0
 11
408988.28704943357
 21
-709145.5055624784
 31
0.0
  0
LINE
  5
B94
330
B90
100
AcDbEntity
  8
0
100
AcDbLine
 10
409688.2870494325
 20
-703645.5055624784
 30
0.0
 11
408988.28704943357
 21
-703645.5055624784
 31
0.0
  0
INSERT
  5
B95
330
B90
100
AcDbEntity
  8
SD_RESULT_SUPPORT
100
AcDbBlockReference
  2
_CLOSEDFILLED
 10
409138.28704943357
 20
-709145.5055624784
 30
0.0
 41
150.0
 42
150.0
 50
-89.99999999998937
  0
INSERT
  5
B97
330
B90
100
AcDbEntity
  8
SD_RESULT_SUPPORT
100
AcDbBlockReference
  2
_CLOSEDFILLED
 10
409138.28704943357
 20
-703645.5055624784
 30
0.0
 41
150.0
 42
150.0
 50
90.00000000001064
  0
LINE
  5
B99
330
B90
100
AcDbEntity
  8
0
100
AcDbLine
 10
409138.2870494335
 20
-708995.5055624784
 30
0.0
 11
409138.28704943357
 21
-706895.5055624784
 31
0.0
  0
LINE
  5
B9A
330
B90
100
AcDbEntity
  8
0
100
AcDbLine
 10
409138.28704943357
 20
-705895.5055624784
 30
0.0
 11
409138.28704943357
 21
-703795.5055624784
 31
0.0
  0
MTEXT
  5
B9B
330
B90
100
AcDbEntity
  8
SD_RESULT_SUPPORT
100
AcDbMText
 10
409138.28704943357
 20
-706395.5055624784
 30
0.0
 40
250.0
 71
5
  1
5500
  7
OpenSansCondensed-Light
 11
-1.8579010198229382e-13
 21
1.0
 31
0.0
  0
POINT
  5
B9C
330
B90
100
AcDbEntity
  8
Defpoints
100
AcDbPoint
 10
409138.28704943357
 20
-709145.5055624784
 30
0.0
  0
POINT
  5
B9D
330
B90
100
AcDbEntity
  8
Defpoints
100
AcDbPoint
 10
409788.28704943357
 20
-709145.5055624784
 30
0.0
  0
POINT
  5
B9E
330
B90
100
AcDbEntity
  8
Defpoints
100
AcDbPoint
 10
409788.2870494325
 20
-703645.5055624784
 30
0.0
  0
ENDBLK
  5
B92
330
B90
100
AcDbEntity
  8
0
100
AcDbBlockEnd
  0
BLOCK
  5
BA1
330
BA0
100
AcDbEntity
  8
0
100
AcDbBlockBegin
  2
*D65
 70
1
 10
0.0
 20
0.0
 30
0.0
  3
*D65
  1

  0
LINE
  5
BA3
330
BA0
100
AcDbEntity
  8
0
100
AcDbLine
 10
409688.2870494325
 20
-703645.5055624784
 30
0.0
 11
408988.2870494325
 21
-703645.5055624784
 31
0.0
  0
LINE
  5
BA4
330
BA0
100
AcDbEntity
  8
0
100
AcDbLine
 10
409688.2870494325
 20
-703545.5055624784
 30
0.0
 11
408988.2870494325
 21
-703545.5055624784
 31
0.0
  0
INSERT
  5
BA5
330
BA0
100
AcDbEntity
  8
SD_RESULT_SUPPORT
100
AcDbBlockReference
  2
_CLOSEDFILLED
 10
409138.2870494325
 20
-703645.5055624784
 30
0.0
 41
150.0
 42
150.0
 50
90.00000000001064
  0
INSERT
  5
BA7
330
BA0
100
AcDbEntity
  8
SD_RESULT_SUPPORT
100
AcDbBlockReference
  2
_CLOSEDFILLED
 10
409138.2870494325
 20
-703545.5055624784
 30
0.0
 41
150.0
 42
150.0
 50
-89.99999999998937
  0
LINE
  5
BA9
330
BA0
100
AcDbEntity
  8
0
100
AcDbLine
 10
409138.2870494325
 20
-703795.5055624784
 30
0.0
 11
409138.2870494325
 21
-703945.5055624784
 31
0.0
  0
LINE
  5
BAA
330
BA0
100
AcDbEntity
  8
0
100
AcDbLine
 10
409138.2870494325
 20
-703395.5055624784
 30
0.0
 11
409138.2870494325
 21
-703245.5055624784
 31
0.0
  0
LINE
  5
BAB
330
BA0
100
AcDbEntity
  8
0
100
AcDbLine
 10
409138.2870494325
 20
-703645.5055624784
 30
0.0
 11
409138.2870494325
 21
-703545.5055624784
 31
0.0
  0
MTEXT
  5
BAC
330
BA0
100
AcDbEntity
  8
SD_RESULT_SUPPORT
100
AcDbMText
 10
408788.2870494325
 20
-703595.5055624784
 30
0.0
 40
250.0
 71
5
  1
餘量 100
  7
OpenSansCondensed-Light
 11
-1.8579010198229382e-13
 21
1.0
 31
0.0
  0
POINT
  5
BAD
330
BA0
100
AcDbEntity
  8
Defpoints
100
AcDbPoint
 10
409138.2870494325
 20
-703645.5055624784
 30
0.0
  0
POINT
  5
BAE
330
BA0
100
AcDbEntity
  8
Defpoints
100
AcDbPoint
 10
409788.2870494325
 20
-703645.5055624784
 30
0.0
  0
POINT
  5
BAF
330
BA0
100
AcDbEntity
  8
Defpoints
100
AcDbPoint
 10
409788.2870494325
 20
-703545.5055624784
 30
0.0
  0
ENDBLK
  5
BA2
330
BA0
100
AcDbEntity
  8
0
100
AcDbBlockEnd
  0
BLOCK
  5
BB2
330
BB1
100
AcDbEntity
  8
0
100
AcDbBlockBegin
  2
*D66
 70
1
 10
0.0
 20
0.0
 30
0.0
  3
*D66
  1

  0
LINE
  5
BB4
330
BB1
100
AcDbEntity
  8
0
100
AcDbLine
 10
415688.2870494365
 20
-724845.5055624784
 30
0.0
 11
414988.2870494365
 21
-724845.5055624784
 31
0.0
  0
LINE
  5
BB5
330
BB1
100
AcDbEntity
  8
0
100
AcDbLine
 10
415688.287049432
 20
-714845.5055624784
 30
0.0
 11
414988.2870494365
 21
-714845.5055624784
 31
0.0
  0
INSERT
  5
BB6
330
BB1
100
AcDbEntity
  8
SD_RESULT_SUPPORT
100
AcDbBlockReference
  2
_CLOSEDFILLED
 10
415138.2870494365
 20
-724845.5055624784
 30
0.0
 41
150.0
 42
150.0
 50
-89.9999999999743
  0
INSERT
  5
BB8
330
BB1
100
AcDbEntity
  8
SD_RESULT_SUPPORT
100
AcDbBlockReference
  2
_CLOSEDFILLED
 10
415138.2870494365
 20
-714845.5055624784
 30
0.0
 41
150.0
 42
150.0
 50
90.00000000002568
  0
LINE
  5
BBA
330
BB1
100
AcDbEntity
  8
0
100
AcDbLine
 10
415138.2870494364
 20
-724695.5055624784
 30
0.0
 11
415138.2870494365
 21
-720470.5055624784
 31
0.0
  0
LINE
  5
BBB
330
BB1
100
AcDbEntity
  8
0
100
AcDbLine
 10
415138.2870494365
 20
-719220.5055624784
 30
0.0
 11
415138.28704943653
 21
-714995.5055624784
 31
0.0
  0
MTEXT
  5
BBC
330
BB1
100
AcDbEntity
  8
SD_RESULT_SUPPORT
100
AcDbMText
 10
415138.2870494365
 20
-719845.5055624784
 30
0.0
 40
250.0
 71
5
  1
10000
  7
OpenSansCondensed-Light
 11
-4.4824682500368083e-13
 21
1.0
 31
0.0
  0
POINT
  5
BBD
330
BB1
100
AcDbEntity
  8
Defpoints
100
AcDbPoint
 10
415138.2870494365
 20
-724845.5055624784
 30
0.0
  0
POINT
  5
BBE
330
BB1
100
AcDbEntity
  8
Defpoints
100
AcDbPoint
 10
415788.2870494365
 20
-724845.5055624784
 30
0.0
  0
POINT
  5
BBF
330
BB1
100
AcDbEntity
  8
Defpoints
100
AcDbPoint
 10
415788.287049432
 20
-714845.5055624784
 30
0.0
  0
ENDBLK
  5
BB3
330
BB1
100
AcDbEntity
  8
0
100
AcDbBlockEnd
  0
BLOCK
  5
BC4
330
BC3
100
AcDbEntity
  8
0
100
AcDbBlockBegin
  2
*D67
 70
1
 10
0.0
 20
0.0
 30
0.0
  3
*D67
  1

  0
LINE
  5
BC6
330
BC3
100
AcDbEntity
  8
0
100
AcDbLine
 10
415688.2870494317
 20
-714245.5055624784
 30
0.0
 11
414988.2870494317
 21
-714245.5055624784
 31
0.0
  0
LINE
  5
BC7
330
BC3
100
AcDbEntity
  8
0
100
AcDbLine
 10
415688.2870494317
 20
-714145.5055624784
 30
0.0
 11
414988.2870494317
 21
-714145.5055624784
 31
0.0
  0
INSERT
  5
BC8
330
BC3
100
AcDbEntity
  8
SD_RESULT_SUPPORT
100
AcDbBlockReference
  2
_CLOSEDFILLED
 10
415138.2870494317
 20
-714245.5055624784
 30
0.0
 41
150.0
 42
150.0
 50
90.00000000002568
  0
INSERT
  5
BCA
330
BC3
100
AcDbEntity
  8
SD_RESULT_SUPPORT
100
AcDbBlockReference
  2
_CLOSEDFILLED
 10
415138.2870494317
 20
-714145.5055624784
 30
0.0
 41
150.0
 42
150.0
 50
-89.9999999999743
  0
LINE
  5
BCC
330
BC3
100
AcDbEntity
  8
0
100
AcDbLine
 10
415138.2870494317
 20
-714395.5055624784
 30
0.0
 11
415138.2870494317
 21
-714545.5055624784
 31
0.0
  0
LINE
  5
BCD
330
BC3
100
AcDbEntity
  8
0
100
AcDbLine
 10
415138.2870494317
 20
-713995.5055624784
 30
0.0
 11
415138.2870494317
 21
-713845.5055624784
 31
0.0
  0
LINE
  5
BCE
330
BC3
100
AcDbEntity
  8
0
100
AcDbLine
 10
415138.2870494317
 20
-714245.5055624784
 30
0.0
 11
415138.2870494317
 21
-714145.5055624784
 31
0.0
  0
MTEXT
  5
BCF
330
BC3
100
AcDbEntity
  8
SD_RESULT_SUPPORT
100
AcDbMText
 10
414788.2870494317
 20
-714195.5055624784
 30
0.0
 40
250.0
 71
5
  1
調整塊 100
  7
OpenSansCondensed-Light
 11
-4.4824682500368083e-13
 21
1.0
 31
0.0
  0
POINT
  5
BD0
330
BC3
100
AcDbEntity
  8
Defpoints
100
AcDbPoint
 10
415138.2870494317
 20
-714245.5055624784
 30
0.0
  0
POINT
  5
BD1
330
BC3
100
AcDbEntity
  8
Defpoints
100
AcDbPoint
 10
415788.2870494317
 20
-714245.5055624784
 30
0.0
  0
POINT
  5
BD2
330
BC3
100
AcDbEntity
  8
Defpoints
100
AcDbPoint
 10
415788.2870494317
 20
-714145.5055624784
 30
0.0
  0
ENDBLK
  5
BC5
330
BC3
100
AcDbEntity
  8
0
100
AcDbBlockEnd
  0
BLOCK
  5
BD5
330
BD4
100
AcDbEntity
  8
0
100
AcDbBlockBegin
  2
*D68
 70
1
 10
0.0
 20
0.0
 30
0.0
  3
*D68
  1

  0
LINE
  5
BD7
330
BD4
100
AcDbEntity
  8
0
100
AcDbLine
 10
415688.2870494317
 20
-714145.5055624784
 30
0.0
 11
414988.2870494317
 21
-714145.5055624784
 31
0.0
  0
LINE
  5
BD8
330
BD4
100
AcDbEntity
  8
0
100
AcDbLine
 10
415688.28704942943
 20
-709145.5055624784
 30
0.0
 11
414988.2870494317
 21
-709145.5055624784
 31
0.0
  0
INSERT
  5
BD9
330
BD4
100
AcDbEntity
  8
SD_RESULT_SUPPORT
100
AcDbBlockReference
  2
_CLOSEDFILLED
 10
415138.2870494317
 20
-714145.5055624784
 30
0.0
 41
150.0
 42
150.0
 50
-89.9999999999743
  0
INSERT
  5
BDB
330
BD4
100
AcDbEntity
  8
SD_RESULT_SUPPORT
100
AcDbBlockReference
  2
_CLOSEDFILLED
 10
415138.2870494317
 20
-709145.5055624784
 30
0.0
 41
150.0
 42
150.0
 50
90.00000000002568
  0
LINE
  5
BDD
330
BD4
100
AcDbEntity
  8
0
100
AcDbLine
 10
415138.2870494316
 20
-713995.5055624784
 30
0.0
 11
415138.28704943164
 21
-712145.5055624784
 31
0.0
  0
LINE
  5
BDE
330
BD4
100
AcDbEntity
  8
0
100
AcDbLine
 10
415138.2870494317
 20
-711145.5055624784
 30
0.0
 11
415138.28704943176
 21
-709295.5055624784
 31
0.0
  0
MTEXT
  5
BDF
330
BD4
100
AcDbEntity
  8
SD_RESULT_SUPPORT
100
AcDbMText
 10
415138.2870494317
 20
-711645.5055624784
 30
0.0
 40
250.0
 71
5
  1
5000
  7
OpenSansCondensed-Light
 11
-4.4824682500368083e-13
 21
1.0
 31
0.0
  0
POINT
  5
BE0
330
BD4
100
AcDbEntity
  8
Defpoints
100
AcDbPoint
 10
415138.2870494317
 20
-714145.5055624784
 30
0.0
  0
POINT
  5
BE1
330
BD4
100
AcDbEntity
  8
Defpoints
100
AcDbPoint
 10
415788.2870494317
 20
-714145.5055624784
 30
0.0
  0
POINT
  5
BE2
330
BD4
100
AcDbEntity
  8
Defpoints
100
AcDbPoint
 10
415788.28704942943
 20
-709145.5055624784
 30
0.0
  0
ENDBLK
  5
BD6
330
BD4
100
AcDbEntity
  8
0
100
AcDbBlockEnd
  0
BLOCK
  5
BE5
330
BE4
100
AcDbEntity
  8
0
100
AcDbBlockBegin
  2
*D69
 70
1
 10
0.0
 20
0.0
 30
0.0
  3
*D69
  1

  0
LINE
  5
BE7
330
BE4
100
AcDbEntity
  8
0
100
AcDbLine
 10
415688.28704942943
 20
-709145.5055624784
 30
0.0
 11
414988.28704942943
 21
-709145.5055624784
 31
0.0
  0
LINE
  5
BE8
330
BE4
100
AcDbEntity
  8
0
100
AcDbLine
 10
415688.287049427
 20
-703645.5055624784
 30
0.0
 11
414988.28704942943
 21
-703645.5055624784
 31
0.0
  0
INSERT
  5
BE9
330
BE4
100
AcDbEntity
  8
SD_RESULT_SUPPORT
100
AcDbBlockReference
  2
_CLOSEDFILLED
 10
415138.28704942943
 20
-709145.5055624784
 30
0.0
 41
150.0
 42
150.0
 50
-89.9999999999743
  0
INSERT
  5
BEB
330
BE4
100
AcDbEntity
  8
SD_RESULT_SUPPORT
100
AcDbBlockReference
  2
_CLOSEDFILLED
 10
415138.28704942943
 20
-703645.5055624784
 30
0.0
 41
150.0
 42
150.0
 50
90.00000000002568
  0
LINE
  5
BED
330
BE4
100
AcDbEntity
  8
0
100
AcDbLine
 10
415138.2870494294
 20
-708995.5055624784
 30
0.0
 11
415138.28704942943
 21
-706895.5055624784
 31
0.0
  0
LINE
  5
BEE
330
BE4
100
AcDbEntity
  8
0
100
AcDbLine
 10
415138.28704942943
 20
-705895.5055624784
 30
0.0
 11
415138.2870494295
 21
-703795.5055624784
 31
0.0
  0
MTEXT
  5
BEF
330
BE4
100
AcDbEntity
  8
SD_RESULT_SUPPORT
100
AcDbMText
 10
415138.28704942943
 20
-706395.5055624784
 30
0.0
 40
250.0
 71
5
  1
5500
  7
OpenSansCondensed-Light
 11
-4.4824682500368083e-13
 21
1.0
 31
0.0
  0
POINT
  5
BF0
330
BE4
100
AcDbEntity
  8
Defpoints
100
AcDbPoint
 10
415138.28704942943
 20
-709145.5055624784
 30
0.0
  0
POINT
  5
BF1
330
BE4
100
AcDbEntity
  8
Defpoints
100
AcDbPoint
 10
415788.28704942943
 20
-709145.5055624784
 30
0.0
  0
POINT
  5
BF2
330
BE4
100
AcDbEntity
  8
Defpoints
100
AcDbPoint
 10
415788.287049427
 20
-703645.5055624784
 30
0.0
  0
ENDBLK
  5
BE6
330
BE4
100
AcDbEntity
  8
0
100
AcDbBlockEnd
  0
BLOCK
  5
BF5
330
BF4
100
AcDbEntity
  8
0
100
AcDbBlockBegin
  2
*D70
 70
1
 10
0.0
 20
0.0
 30
0.0
  3
*D70
  1

  0
LINE
  5
BF7
330
BF4
100
AcDbEntity
  8
0
100
AcDbLine
 10
415688.287049427
 20
-703645.5055624784
 30
0.0
 11
414988.287049427
 21
-703645.5055624784
 31
0.0
  0
LINE
  5
BF8
330
BF4
100
AcDbEntity
  8
0
100
AcDbLine
 10
415688.28704942693
 20
-703545.5055624784
 30
0.0
 11
414988.287049427
 21
-703545.5055624784
 31
0.0
  0
INSERT
  5
BF9
330
BF4
100
AcDbEntity
  8
SD_RESULT_SUPPORT
100
AcDbBlockReference
  2
_CLOSEDFILLED
 10
415138.287049427
 20
-703645.5055624784
 30
0.0
 41
150.0
 42
150.0
 50
90.00000000002568
  0
INSERT
  5
BFB
330
BF4
100
AcDbEntity
  8
SD_RESULT_SUPPORT
100
AcDbBlockReference
  2
_CLOSEDFILLED
 10
415138.287049427
 20
-703545.5055624784
 30
0.0
 41
150.0
 42
150.0
 50
-89.9999999999743
  0
LINE
  5
BFD
330
BF4
100
AcDbEntity
  8
0
100
AcDbLine
 10
415138.287049427
 20
-703795.5055624784
 30
0.0
 11
415138.287049427
 21
-703945.5055624784
 31
0.0
  0
LINE
  5
BFE
330
BF4
100
AcDbEntity
  8
0
100
AcDbLine
 10
415138.287049427
 20
-703395.5055624784
 30
0.0
 11
415138.287049427
 21
-703245.5055624784
 31
0.0
  0
LINE
  5
BFF
330
BF4
100
AcDbEntity
  8
0
100
AcDbLine
 10
415138.287049427
 20
-703645.5055624784
 30
0.0
 11
415138.287049427
 21
-703545.5055624784
 31
0.0
  0
MTEXT
  5
C00
330
BF4
100
AcDbEntity
  8
SD_RESULT_SUPPORT
100
AcDbMText
 10
414788.287049427
 20
-703595.5055624784
 30
0.0
 40
250.0
 71
5
  1
餘量 100
  7
OpenSansCondensed-Light
 11
-4.4824682500368083e-13
 21
1.0
 31
0.0
  0
POINT
  5
C01
330
BF4
100
AcDbEntity
  8
Defpoints
100
AcDbPoint
 10
415138.287049427
 20
-703645.5055624784
 30
0.0
  0
POINT
  5
C02
330
BF4
100
AcDbEntity
  8
Defpoints
100
AcDbPoint
 10
415788.287049427
 20
-703645.5055624784
 30
0.0
  0
POINT
  5
C03
330
BF4
100
AcDbEntity
  8
Defpoints
100
AcDbPoint
 10
415788.28704942693
 20
-703545.5055624784
 30
0.0
  0
ENDBLK
  5
BF6
330
BF4
100
AcDbEntity
  8
0
100
AcDbBlockEnd
  0
BLOCK
  5
C06
330
C05
100
AcDbEntity
  8
0
100
AcDbBlockBegin
  2
*D71
 70
1
 10
0.0
 20
0.0
 30
0.0
  3
*D71
  1

  0
LINE
  5
C08
330
C05
100
AcDbEntity
  8
0
100
AcDbLine
 10
421688.2870494365
 20
-724845.5055624784
 30
0.0
 11
420988.2870494365
 21
-724845.5055624784
 31
0.0
  0
LINE
  5
C09
330
C05
100
AcDbEntity
  8
0
100
AcDbLine
 10
421688.2870494297
 20
-715345.5055624784
 30
0.0
 11
420988.2870494365
 21
-715345.5055624784
 31
0.0
  0
INSERT
  5
C0A
330
C05
100
AcDbEntity
  8
SD_RESULT_SUPPORT
100
AcDbBlockReference
  2
_CLOSEDFILLED
 10
421138.2870494365
 20
-724845.5055624784
 30
0.0
 41
150.0
 42
150.0
 50
-89.9999999999594
  0
INSERT
  5
C0C
330
C05
100
AcDbEntity
  8
SD_RESULT_SUPPORT
100
AcDbBlockReference
  2
_CLOSEDFILLED
 10
421138.2870494365
 20
-715345.5055624784
 30
0.0
 41
150.0
 42
150.0
 50
90.00000000004056
  0
LINE
  5
C0E
330
C05
100
AcDbEntity
  8
0
100
AcDbLine
 10
421138.28704943636
 20
-724695.5055624784
 30
0.0
 11
421138.2870494365
 21
-720595.5055624784
 31
0.0
  0
LINE
  5
C0F
330
C05
100
AcDbEntity
  8
0
100
AcDbLine
 10
421138.2870494365
 20
-719595.5055624784
 30
0.0
 11
421138.2870494366
 21
-715495.5055624784
 31
0.0
  0
MTEXT
  5
C10
330
C05
100
AcDbEntity
  8
SD_RESULT_SUPPORT
100
AcDbMText
 10
421138.2870494365
 20
-720095.5055624784
 30
0.0
 40
250.0
 71
5
  1
9500
  7
OpenSansCondensed-Light
 11
-7.078169681610424e-13
 21
1.0
 31
0.0
  0
POINT
  5
C11
330
C05
100
AcDbEntity
  8
Defpoints
100
AcDbPoint
 10
421138.2870494365
 20
-724845.5055624784
 30
0.0
  0
POINT
  5
C12
330
C05
100
AcDbEntity
  8
Defpoints
100
AcDbPoint
 10
421788.2870494365
 20
-724845.5055624784
 30
0.0
  0
POINT
  5
C13
330
C05
100
AcDbEntity
  8
Defpoints
100
AcDbPoint
 10
421788.2870494297
 20
-715345.5055624784
 30
0.0
  0
ENDBLK
  5
C07
330
C05
100
AcDbEntity
  8
0
100
AcDbBlockEnd
  0
BLOCK
  5
C18
330
C17
100
AcDbEntity
  8
0
100
AcDbBlockBegin
  2
*D72
 70
1
 10
0.0
 20
0.0
 30
0.0
  3
*D72
  1

  0
LINE
  5
C1A
330
C17
100
AcDbEntity
  8
0
100
AcDbLine
 10
421688.2870494293
 20
-714745.5055624784
 30
0.0
 11
420988.2870494293
 21
-714745.5055624784
 31
0.0
  0
LINE
  5
C1B
330
C17
100
AcDbEntity
  8
0
100
AcDbLine
 10
421688.28704942926
 20
-714645.5055624784
 30
0.0
 11
420988.2870494293
 21
-714645.5055624784
 31
0.0
  0
INSERT
  5
C1C
330
C17
100
AcDbEntity
  8
SD_RESULT_SUPPORT
100
AcDbBlockReference
  2
_CLOSEDFILLED
 10
421138.2870494293
 20
-714745.5055624784
 30
0.0
 41
150.0
 42
150.0
 50
90.00000000004056
  0
INSERT
  5
C1E
330
C17
100
AcDbEntity
  8
SD_RESULT_SUPPORT
100
AcDbBlockReference
  2
_CLOSEDFILLED
 10
421138.2870494293
 20
-714645.5055624784
 30
0.0
 41
150.0
 42
150.0
 50
-89.9999999999594
  0
LINE
  5
C20
330
C17
100
AcDbEntity
  8
0
100
AcDbLine
 10
421138.2870494293
 20
-714895.5055624784
 30
0.0
 11
421138.2870494293
 21
-715045.5055624784
 31
0.0
  0
LINE
  5
C21
330
C17
100
AcDbEntity
  8
0
100
AcDbLine
 10
421138.2870494293
 20
-714495.5055624784
 30
0.0
 11
421138.2870494293
 21
-714345.5055624784
 31
0.0
  0
LINE
  5
C22
330
C17
100
AcDbEntity
  8
0
100
AcDbLine
 10
421138.2870494293
 20
-714745.5055624784
 30
0.0
 11
421138.2870494293
 21
-714645.5055624784
 31
0.0
  0
MTEXT
  5
C23
330
C17
100
AcDbEntity
  8
SD_RESULT_SUPPORT
100
AcDbMText
 10
420788.2870494293
 20
-714695.5055624784
 30
0.0
 40
250.0
 71
5
  1
調整塊 100
  7
OpenSansCondensed-Light
 11
-7.078169681610424e-13
 21
1.0
 31
0.0
  0
POINT
  5
C24
330
C17
100
AcDbEntity
  8
Defpoints
100
AcDbPoint
 10
421138.2870494293
 20
-714745.5055624784
 30
0.0
  0
POINT
  5
C25
330
C17
100
AcDbEntity
  8
Defpoints
100
AcDbPoint
 10
421788.2870494293
 20
-714745.5055624784
 30
0.0
  0
POINT
  5
C26
330
C17
100
AcDbEntity
  8
Defpoints
100
AcDbPoint
 10
421788.28704942926
 20
-714645.5055624784
 30
0.0
  0
ENDBLK
  5
C19
330
C17
100
AcDbEntity
  8
0
100
AcDbBlockEnd
  0
BLOCK
  5
C29
330
C28
100
AcDbEntity
  8
0
100
AcDbBlockBegin
  2
*D73
 70
1
 10
0.0
 20
0.0
 30
0.0
  3
*D73
  1

  0
LINE
  5
C2B
330
C28
100
AcDbEntity
  8
0
100
AcDbLine
 10
421688.28704942926
 20
-714645.5055624784
 30
0.0
 11
420988.28704942926
 21
-714645.5055624784
 31
0.0
  0
LINE
  5
C2C
330
C28
100
AcDbEntity
  8
0
100
AcDbLine
 10
421688.2870494264
 20
-710645.5055624784
 30
0.0
 11
420988.28704942926
 21
-710645.5055624784
 31
0.0
  0
INSERT
  5
C2D
330
C28
100
AcDbEntity
  8
SD_RESULT_SUPPORT
100
AcDbBlockReference
  2
_CLOSEDFILLED
 10
421138.28704942926
 20
-714645.5055624784
 30
0.0
 41
150.0
 42
150.0
 50
-89.9999999999594
  0
INSERT
  5
C2F
330
C28
100
AcDbEntity
  8
SD_RESULT_SUPPORT
100
AcDbBlockReference
  2
_CLOSEDFILLED
 10
421138.28704942926
 20
-710645.5055624784
 30
0.0
 41
150.0
 42
150.0
 50
90.00000000004056
  0
LINE
  5
C31
330
C28
100
AcDbEntity
  8
0
100
AcDbLine
 10
421138.28704942914
 20
-714495.5055624784
 30
0.0
 11
421138.2870494292
 21
-713145.5055624784
 31
0.0
  0
LINE
  5
C32
330
C28
100
AcDbEntity
  8
0
100
AcDbLine
 10
421138.28704942926
 20
-712145.5055624784
 30
0.0
 11
421138.2870494294
 21
-710795.5055624784
 31
0.0
  0
MTEXT
  5
C33
330
C28
100
AcDbEntity
  8
SD_RESULT_SUPPORT
100
AcDbMText
 10
421138.28704942926
 20
-712645.5055624784
 30
0.0
 40
250.0
 71
5
  1
4000
  7
OpenSansCondensed-Light
 11
-7.078169681610424e-13
 21
1.0
 31
0.0
  0
POINT
  5
C34
330
C28
100
AcDbEntity
  8
Defpoints
100
AcDbPoint
 10
421138.28704942926
 20
-714645.5055624784
 30
0.0
  0
POINT
  5
C35
330
C28
100
AcDbEntity
  8
Defpoints
100
AcDbPoint
 10
421788.28704942926
 20
-714645.5055624784
 30
0.0
  0
POINT
  5
C36
330
C28
100
AcDbEntity
  8
Defpoints
100
AcDbPoint
 10
421788.2870494264
 20
-710645.5055624784
 30
0.0
  0
ENDBLK
  5
C2A
330
C28
100
AcDbEntity
  8
0
100
AcDbBlockEnd
  0
BLOCK
  5
C39
330
C38
100
AcDbEntity
  8
0
100
AcDbBlockBegin
  2
*D74
 70
1
 10
0.0
 20
0.0
 30
0.0
  3
*D74
  1

  0
LINE
  5
C3B
330
C38
100
AcDbEntity
  8
0
100
AcDbLine
 10
421688.2870494264
 20
-710645.5055624784
 30
0.0
 11
420988.2870494264
 21
-710645.5055624784
 31
0.0
  0
LINE
  5
C3C
330
C38
100
AcDbEntity
  8
0
100
AcDbLine
 10
421688.28704942146
 20
-703645.5055624784
 30
0.0
 11
420988.2870494264
 21
-703645.5055624784
 31
0.0
  0
INSERT
  5
C3D
330
C38
100
AcDbEntity
  8
SD_RESULT_SUPPORT
100
AcDbBlockReference
  2
_CLOSEDFILLED
 10
421138.2870494264
 20
-710645.5055624784
 30
0.0
 41
150.0
 42
150.0
 50
-89.9999999999594
  0
INSERT
  5
C3F
330
C38
100
AcDbEntity
  8
SD_RESULT_SUPPORT
100
AcDbBlockReference
  2
_CLOSEDFILLED
 10
421138.2870494264
 20
-703645.5055624784
 30
0.0
 41
150.0
 42
150.0
 50
90.00000000004056
  0
LINE
  5
C41
330
C38
100
AcDbEntity
  8
0
100
AcDbLine
 10
421138.28704942635
 20
-710495.5055624784
 30
0.0
 11
421138.2870494264
 21
-707645.5055624784
 31
0.0
  0
LINE
  5
C42
330
C38
100
AcDbEntity
  8
0
100
AcDbLine
 10
421138.28704942646
 20
-706645.5055624784
 30
0.0
 11
421138.2870494265
 21
-703795.5055624784
 31
0.0
  0
MTEXT
  5
C43
330
C38
100
AcDbEntity
  8
SD_RESULT_SUPPORT
100
AcDbMText
 10
421138.2870494264
 20
-707145.5055624784
 30
0.0
 40
250.0
 71
5
  1
7000
  7
OpenSansCondensed-Light
 11
-7.078169681610424e-13
 21
1.0
 31
0.0
  0
POINT
  5
C44
330
C38
100
AcDbEntity
  8
Defpoints
100
AcDbPoint
 10
421138.2870494264
 20
-710645.5055624784
 30
0.0
  0
POINT
  5
C45
330
C38
100
AcDbEntity
  8
Defpoints
100
AcDbPoint
 10
421788.2870494264
 20
-710645.5055624784
 30
0.0
  0
POINT
  5
C46
330
C38
100
AcDbEntity
  8
Defpoints
100
AcDbPoint
 10
421788.28704942146
 20
-703645.5055624784
 30
0.0
  0
ENDBLK
  5
C3A
330
C38
100
AcDbEntity
  8
0
100
AcDbBlockEnd
  0
BLOCK
  5
C49
330
C48
100
AcDbEntity
  8
0
100
AcDbBlockBegin
  2
*D75
 70
1
 10
0.0
 20
0.0
 30
0.0
  3
*D75
  1

  0
LINE
  5
C4B
330
C48
100
AcDbEntity
  8
0
100
AcDbLine
 10
421688.28704942146
 20
-703645.5055624784
 30
0.0
 11
420988.28704942146
 21
-703645.5055624784
 31
0.0
  0
LINE
  5
C4C
330
C48
100
AcDbEntity
  8
0
100
AcDbLine
 10
421688.2870494214
 20
-703545.5055624784
 30
0.0
 11
420988.28704942146
 21
-703545.5055624784
 31
0.0
  0
INSERT
  5
C4D
330
C48
100
AcDbEntity
  8
SD_RESULT_SUPPORT
100
AcDbBlockReference
  2
_CLOSEDFILLED
 10
421138.28704942146
 20
-703645.5055624784
 30
0.0
 41
150.0
 42
150.0
 50
90.00000000004056
  0
INSERT
  5
C4F
330
C48
100
AcDbEntity
  8
SD_RESULT_SUPPORT
100
AcDbBlockReference
  2
_CLOSEDFILLED
 10
421138.28704942146
 20
-703545.5055624784
 30
0.0
 41
150.0
 42
150.0
 50
-89.9999999999594
  0
LINE
  5
C51
330
C48
100
AcDbEntity
  8
0
100
AcDbLine
 10
421138.28704942146
 20
-703795.5055624784
 30
0.0
 11
421138.28704942146
 21
-703945.5055624784
 31
0.0
  0
LINE
  5
C52
330
C48
100
AcDbEntity
  8
0
100
AcDbLine
 10
421138.28704942146
 20
-703395.5055624784
 30
0.0
 11
421138.28704942146
 21
-703245.5055624784
 31
0.0
  0
LINE
  5
C53
330
C48
100
AcDbEntity
  8
0
100
AcDbLine
 10
421138.28704942146
 20
-703645.5055624784
 30
0.0
 11
421138.28704942146
 21
-703545.5055624784
 31
0.0
  0
MTEXT
  5
C54
330
C48
100
AcDbEntity
  8
SD_RESULT_SUPPORT
100
AcDbMText
 10
420788.28704942146
 20
-703595.5055624784
 30
0.0
 40
250.0
 71
5
  1
餘量 100
  7
OpenSansCondensed-Light
 11
-7.078169681610424e-13
 21
1.0
 31
0.0
  0
POINT
  5
C55
330
C48
100
AcDbEntity
  8
Defpoints
100
AcDbPoint
 10
421138.28704942146
 20
-703645.5055624784
 30
0.0
  0
POINT
  5
C56
330
C48
100
AcDbEntity
  8
Defpoints
100
AcDbPoint
 10
421788.28704942146
 20
-703645.5055624784
 30
0.0
  0
POINT
  5
C57
330
C48
100
AcDbEntity
  8
Defpoints
100
AcDbPoint
 10
421788.2870494214
 20
-703545.5055624784
 30
0.0
  0
ENDBLK
  5
C4A
330
C48
100
AcDbEntity
  8
0
100
AcDbBlockEnd
  0
BLOCK
  5
C5A
330
C59
100
AcDbEntity
  8
0
100
AcDbBlockBegin
  2
*D76
 70
1
 10
0.0
 20
0.0
 30
0.0
  3
*D76
  1

  0
LINE
  5
C5C
330
C59
100
AcDbEntity
  8
0
100
AcDbLine
 10
430188.2870494365
 20
-724845.5055624784
 30
0.0
 11
429488.2870494365
 21
-724845.5055624784
 31
0.0
  0
LINE
  5
C5D
330
C59
100
AcDbEntity
  8
0
100
AcDbLine
 10
430188.2870494257
 20
-714845.5055624784
 30
0.0
 11
429488.2870494257
 21
-714845.5055624784
 31
0.0
  0
INSERT
  5
C5E
330
C59
100
AcDbEntity
  8
SD_RESULT_SUPPORT
100
AcDbBlockReference
  2
_CLOSEDFILLED
 10
429638.2870494365
 20
-724845.5055624784
 30
0.0
 41
150.0
 42
150.0
 50
-89.99999999993834
  0
INSERT
  5
C60
330
C59
100
AcDbEntity
  8
SD_RESULT_SUPPORT
100
AcDbBlockReference
  2
_CLOSEDFILLED
 10
429638.2870494257
 20
-714845.5055624784
 30
0.0
 41
150.0
 42
150.0
 50
90.00000000006169
  0
LINE
  5
C62
330
C59
100
AcDbEntity
  8
0
100
AcDbLine
 10
429638.2870494363
 20
-724695.5055624784
 30
0.0
 11
429638.28704943176
 21
-720470.5055624784
 31
0.0
  0
LINE
  5
C63
330
C59
100
AcDbEntity
  8
0
100
AcDbLine
 10
429638.2870494304
 20
-719220.5055624784
 30
0.0
 11
429638.2870494259
 21
-714995.5055624784
 31
0.0
  0
MTEXT
  5
C64
330
C59
100
AcDbEntity
  8
SD_RESULT_SUPPORT
100
AcDbMText
 10
429638.2870494311
 20
-719845.5055624784
 30
0.0
 40
250.0
 71
5
  1
10000
  7
OpenSansCondensed-Light
 11
-1.0766330569415195e-12
 21
1.0
 31
0.0
  0
POINT
  5
C65
330
C59
100
AcDbEntity
  8
Defpoints
100
AcDbPoint
 10
429638.2870494365
 20
-724845.5055624784
 30
0.0
  0
POINT
  5
C66
330
C59
100
AcDbEntity
  8
Defpoints
100
AcDbPoint
 10
430288.2870494365
 20
-724845.5055624784
 30
0.0
  0
POINT
  5
C67
330
C59
100
AcDbEntity
  8
Defpoints
100
AcDbPoint
 10
430288.2870494257
 20
-714845.5055624784
 30
0.0
  0
ENDBLK
  5
C5B
330
C59
100
AcDbEntity
  8
0
100
AcDbBlockEnd
  0
BLOCK
  5
C6C
330
C6B
100
AcDbEntity
  8
0
100
AcDbBlockBegin
  2
*D77
 70
1
 10
0.0
 20
0.0
 30
0.0
  3
*D77
  1

  0
LINE
  5
C6E
330
C6B
100
AcDbEntity
  8
0
100
AcDbLine
 10
430188.28704942507
 20
-714245.5055624784
 30
0.0
 11
429488.28704942507
 21
-714245.5055624784
 31
0.0
  0
LINE
  5
C6F
330
C6B
100
AcDbEntity
  8
0
100
AcDbLine
 10
430188.28704942495
 20
-714145.5055624784
 30
0.0
 11
429488.28704942495
 21
-714145.5055624784
 31
0.0
  0
INSERT
  5
C70
330
C6B
100
AcDbEntity
  8
SD_RESULT_SUPPORT
100
AcDbBlockReference
  2
_CLOSEDFILLED
 10
429638.28704942507
 20
-714245.5055624784
 30
0.0
 41
150.0
 42
150.0
 50
90.00000000006169
  0
INSERT
  5
C72
330
C6B
100
AcDbEntity
  8
SD_RESULT_SUPPORT
100
AcDbBlockReference
  2
_CLOSEDFILLED
 10
429638.28704942495
 20
-714145.5055624784
 30
0.0
 41
150.0
 42
150.0
 50
-89.99999999993834
  0
LINE
  5
C74
330
C6B
100
AcDbEntity
  8
0
100
AcDbLine
 10
429638.28704942524
 20
-714395.5055624784
 30
0.0
 11
429638.28704942536
 21
-714545.5055624784
 31
0.0
  0
LINE
  5
C75
330
C6B
100
AcDbEntity
  8
0
100
AcDbLine
 10
429638.2870494248
 20
-713995.5055624784
 30
0.0
 11
429638.28704942466
 21
-713845.5055624784
 31
0.0
  0
LINE
  5
C76
330
C6B
100
AcDbEntity
  8
0
100
AcDbLine
 10
429638.28704942507
 20
-714245.5055624784
 30
0.0
 11
429638.28704942495
 21
-714145.5055624784
 31
0.0
  0
MTEXT
  5
C77
330
C6B
100
AcDbEntity
  8
SD_RESULT_SUPPORT
100
AcDbMText
 10
429288.287049425
 20
-714195.5055624788
 30
0.0
 40
250.0
 71
5
  1
調整塊 100
  7
OpenSansCondensed-Light
 11
-1.0766330569415195e-12
 21
1.0
 31
0.0
  0
POINT
  5
C78
330
C6B
100
AcDbEntity
  8
Defpoints
100
AcDbPoint
 10
429638.28704942507
 20
-714245.5055624784
 30
0.0
  0
POINT
  5
C79
330
C6B
100
AcDbEntity
  8
Defpoints
100
AcDbPoint
 10
430288.28704942507
 20
-714245.5055624784
 30
0.0
  0
POINT
  5
C7A
330
C6B
100
AcDbEntity
  8
Defpoints
100
AcDbPoint
 10
430288.28704942495
 20
-714145.5055624784
 30
0.0
  0
ENDBLK
  5
C6D
330
C6B
100
AcDbEntity
  8
0
100
AcDbBlockEnd
  0
BLOCK
  5
C7D
330
C7C
100
AcDbEntity
  8
0
100
AcDbBlockBegin
  2
*D78
 70
1
 10
0.0
 20
0.0
 30
0.0
  3
*D78
  1

  0
LINE
  5
C7F
330
C7C
100
AcDbEntity
  8
0
100
AcDbLine
 10
430188.28704942495
 20
-714145.5055624784
 30
0.0
 11
429488.28704942495
 21
-714145.5055624784
 31
0.0
  0
LINE
  5
C80
330
C7C
100
AcDbEntity
  8
0
100
AcDbLine
 10
430188.28704942064
 20
-710145.5055624784
 30
0.0
 11
429488.28704942064
 21
-710145.5055624784
 31
0.0
  0
INSERT
  5
C81
330
C7C
100
AcDbEntity
  8
SD_RESULT_SUPPORT
100
AcDbBlockReference
  2
_CLOSEDFILLED
 10
429638.28704942495
 20
-714145.5055624784
 30
0.0
 41
150.0
 42
150.0
 50
-89.99999999993834
  0
INSERT
  5
C83
330
C7C
100
AcDbEntity
  8
SD_RESULT_SUPPORT
100
AcDbBlockReference
  2
_CLOSEDFILLED
 10
429638.28704942064
 20
-710145.5055624784
 30
0.0
 41
150.0
 42
150.0
 50
90.00000000006169
  0
LINE
  5
C85
330
C7C
100
AcDbEntity
  8
0
100
AcDbLine
 10
429638.2870494248
 20
-713995.5055624784
 30
0.0
 11
429638.2870494233
 21
-712645.5055624784
 31
0.0
  0
LINE
  5
C86
330
C7C
100
AcDbEntity
  8
0
100
AcDbLine
 10
429638.2870494223
 20
-711645.5055624784
 30
0.0
 11
429638.2870494208
 21
-710295.5055624784
 31
0.0
  0
MTEXT
  5
C87
330
C7C
100
AcDbEntity
  8
SD_RESULT_SUPPORT
100
AcDbMText
 10
429638.2870494228
 20
-712145.5055624784
 30
0.0
 40
250.0
 71
5
  1
4000
  7
OpenSansCondensed-Light
 11
-1.0766330569415195e-12
 21
1.0
 31
0.0
  0
POINT
  5
C88
330
C7C
100
AcDbEntity
  8
Defpoints
100
AcDbPoint
 10
429638.28704942495
 20
-714145.5055624784
 30
0.0
  0
POINT
  5
C89
330
C7C
100
AcDbEntity
  8
Defpoints
100
AcDbPoint
 10
430288.28704942495
 20
-714145.5055624784
 30
0.0
  0
POINT
  5
C8A
330
C7C
100
AcDbEntity
  8
Defpoints
100
AcDbPoint
 10
430288.28704942064
 20
-710145.5055624784
 30
0.0
  0
ENDBLK
  5
C7E
330
C7C
100
AcDbEntity
  8
0
100
AcDbBlockEnd
  0
BLOCK
  5
C8D
330
C8C
100
AcDbEntity
  8
0
100
AcDbBlockBegin
  2
*D79
 70
1
 10
0.0
 20
0.0
 30
0.0
  3
*D79
  1

  0
LINE
  5
C8F
330
C8C
100
AcDbEntity
  8
0
100
AcDbLine
 10
430188.28704942064
 20
-710145.5055624784
 30
0.0
 11
429488.28704942064
 21
-710145.5055624784
 31
0.0
  0
LINE
  5
C90
330
C8C
100
AcDbEntity
  8
0
100
AcDbLine
 10
430188.28704941366
 20
-703645.5055624784
 30
0.0
 11
429488.28704941366
 21
-703645.5055624784
 31
0.0
  0
INSERT
  5
C91
330
C8C
100
AcDbEntity
  8
SD_RESULT_SUPPORT
100
AcDbBlockReference
  2
_CLOSEDFILLED
 10
429638.28704942064
 20
-710145.5055624784
 30
0.0
 41
150.0
 42
150.0
 50
-89.99999999993834
  0
INSERT
  5
C93
330
C8C
100
AcDbEntity
  8
SD_RESULT_SUPPORT
100
AcDbBlockReference
  2
_CLOSEDFILLED
 10
429638.28704941366
 20
-703645.5055624784
 30
0.0
 41
150.0
 42
150.0
 50
90.00000000006169
  0
LINE
  5
C95
330
C8C
100
AcDbEntity
  8
0
100
AcDbLine
 10
429638.28704942047
 20
-709995.5055624784
 30
0.0
 11
429638.2870494177
 21
-707395.5055624784
 31
0.0
  0
LINE
  5
C96
330
C8C
100
AcDbEntity
  8
0
100
AcDbLine
 10
429638.2870494166
 20
-706395.5055624784
 30
0.0
 11
429638.28704941383
 21
-703795.5055624784
 31
0.0
  0
MTEXT
  5
C97
330
C8C
100
AcDbEntity
  8
SD_RESULT_SUPPORT
100
AcDbMText
 10
429638.28704941715
 20
-706895.5055624784
 30
0.0
 40
250.0
 71
5
  1
6500
  7
OpenSansCondensed-Light
 11
-1.0766330569415195e-12
 21
1.0
 31
0.0
  0
POINT
  5
C98
330
C8C
100
AcDbEntity
  8
Defpoints
100
AcDbPoint
 10
429638.28704942064
 20
-710145.5055624784
 30
0.0
  0
POINT
  5
C99
330
C8C
100
AcDbEntity
  8
Defpoints
100
AcDbPoint
 10
430288.28704942064
 20
-710145.5055624784
 30
0.0
  0
POINT
  5
C9A
330
C8C
100
AcDbEntity
  8
Defpoints
100
AcDbPoint
 10
430288.28704941366
 20
-703645.5055624784
 30
0.0
  0
ENDBLK
  5
C8E
330
C8C
100
AcDbEntity
  8
0
100
AcDbBlockEnd
  0
BLOCK
  5
C9D
330
C9C
100
AcDbEntity
  8
0
100
AcDbBlockBegin
  2
*D80
 70
1
 10
0.0
 20
0.0
 30
0.0
  3
*D80
  1

  0
LINE
  5
C9F
330
C9C
100
AcDbEntity
  8
0
100
AcDbLine
 10
430188.28704941366
 20
-703645.5055624784
 30
0.0
 11
429488.28704941366
 21
-703645.5055624784
 31
0.0
  0
LINE
  5
CA0
330
C9C
100
AcDbEntity
  8
0
100
AcDbLine
 10
430188.28704941354
 20
-703545.5055624784
 30
0.0
 11
429488.28704941354
 21
-703545.5055624784
 31
0.0
  0
INSERT
  5
CA1
330
C9C
100
AcDbEntity
  8
SD_RESULT_SUPPORT
100
AcDbBlockReference
  2
_CLOSEDFILLED
 10
429638.28704941366
 20
-703645.5055624784
 30
0.0
 41
150.0
 42
150.0
 50
90.00000000006169
  0
INSERT
  5
CA3
330
C9C
100
AcDbEntity
  8
SD_RESULT_SUPPORT
100
AcDbBlockReference
  2
_CLOSEDFILLED
 10
429638.28704941354
 20
-703545.5055624784
 30
0.0
 41
150.0
 42
150.0
 50
-89.99999999993834
  0
LINE
  5
CA5
330
C9C
100
AcDbEntity
  8
0
100
AcDbLine
 10
429638.28704941383
 20
-703795.5055624784
 30
0.0
 11
429638.28704941395
 21
-703945.5055624784
 31
0.0
  0
LINE
  5
CA6
330
C9C
100
AcDbEntity
  8
0
100
AcDbLine
 10
429638.28704941337
 20
-703395.5055624784
 30
0.0
 11
429638.2870494132
 21
-703245.5055624784
 31
0.0
  0
LINE
  5
CA7
330
C9C
100
AcDbEntity
  8
0
100
AcDbLine
 10
429638.28704941366
 20
-703645.5055624784
 30
0.0
 11
429638.28704941354
 21
-703545.5055624784
 31
0.0
  0
MTEXT
  5
CA8
330
C9C
100
AcDbEntity
  8
SD_RESULT_SUPPORT
100
AcDbMText
 10
429288.2870494136
 20
-703595.5055624788
 30
0.0
 40
250.0
 71
5
  1
餘量 100
  7
OpenSansCondensed-Light
 11
-1.0766330569415195e-12
 21
1.0
 31
0.0
  0
POINT
  5
CA9
330
C9C
100
AcDbEntity
  8
Defpoints
100
AcDbPoint
 10
429638.28704941366
 20
-703645.5055624784
 30
0.0
  0
POINT
  5
CAA
330
C9C
100
AcDbEntity
  8
Defpoints
100
AcDbPoint
 10
430288.28704941366
 20
-703645.5055624784
 30
0.0
  0
POINT
  5
CAB
330
C9C
100
AcDbEntity
  8
Defpoints
100
AcDbPoint
 10
430288.28704941354
 20
-703545.5055624784
 30
0.0
  0
ENDBLK
  5
C9E
330
C9C
100
AcDbEntity
  8
0
100
AcDbBlockEnd
  0
ENDSEC
  0
SECTION
  2
ENTITIES
  0
LINE
  5
94
330
17
100
AcDbEntity
  8
ES-圍令L1H350x350
100
AcDbLine
 10
338238.2870494365
 20
-703545.5703399841
 30
0.0
 11
338238.2870494365
 21
-703095.5703399841
 31
0.0
1001
SUPPORT_DISTRIBUTION_UV
1000
clean_dxf_export_v1
1000
background
1000
waler
1000
ES-圍令L1H350x350
1000
source_geometry
1000
CE83A
1071
1
  0
LINE
  5
95
330
17
100
AcDbEntity
  8
ES-圍令L1H350x350
100
AcDbLine
 10
338238.2870494365
 20
-703095.5703399841
 30
0.0
 11
337888.2870494365
 21
-703095.5703399841
 31
0.0
1001
SUPPORT_DISTRIBUTION_UV
1000
clean_dxf_export_v1
1000
background
1000
waler
1000
ES-圍令L1H350x350
1000
source_geometry
1000
CE83A
1071
2
  0
LINE
  5
96
330
17
100
AcDbEntity
  8
ES-圍令L1H350x350
100
AcDbLine
 10
337888.2870494365
 20
-703095.5703399841
 30
0.0
 11
337888.2870494365
 21
-725295.5694823605
 31
0.0
1001
SUPPORT_DISTRIBUTION_UV
1000
clean_dxf_export_v1
1000
background
1000
waler
1000
ES-圍令L1H350x350
1000
source_geometry
1000
CE83A
1071
3
  0
LINE
  5
97
330
17
100
AcDbEntity
  8
ES-圍令L1H350x350
100
AcDbLine
 10
337888.2870494365
 20
-725295.5694823605
 30
0.0
 11
338238.2870494365
 21
-725295.5694823606
 31
0.0
1001
SUPPORT_DISTRIBUTION_UV
1000
clean_dxf_export_v1
1000
background
1000
waler
1000
ES-圍令L1H350x350
1000
source_geometry
1000
CE83A
1071
4
  0
LINE
  5
98
330
17
100
AcDbEntity
  8
ES-圍令L1H350x350
100
AcDbLine
 10
338238.2870494365
 20
-725295.5694823606
 30
0.0
 11
338238.2870494365
 21
-703545.5703399841
 31
0.0
1001
SUPPORT_DISTRIBUTION_UV
1000
clean_dxf_export_v1
1000
background
1000
waler
1000
ES-圍令L1H350x350
1000
source_geometry
1000
CE83A
1071
5
  0
LINE
  5
99
330
17
100
AcDbEntity
  8
ES-圍令L1H350x350
100
AcDbLine
 10
338238.2870494365
 20
-703195.5055624783
 30
0.0
 11
338238.2870494365
 21
-703545.5055624783
 31
0.0
1001
SUPPORT_DISTRIBUTION_UV
1000
clean_dxf_export_v1
1000
background
1000
waler
1000
ES-圍令L1H350x350
1000
source_geometry
1000
CE83B
1071
6
  0
LINE
  5
9A
330
17
100
AcDbEntity
  8
ES-圍令L1H350x350
100
AcDbLine
 10
338238.2870494365
 20
-703545.5055624783
 30
0.0
 11
433838.3901963694
 21
-703545.5976083238
 31
0.0
1001
SUPPORT_DISTRIBUTION_UV
1000
clean_dxf_export_v1
1000
background
1000
waler
1000
ES-圍令L1H350x350
1000
source_geometry
1000
CE83B
1071
7
  0
LINE
  5
9B
330
17
100
AcDbEntity
  8
ES-圍令L1H350x350
100
AcDbLine
 10
433838.3901963694
 20
-703545.5976083238
 30
0.0
 11
433838.3901963694
 21
-703195.5976083238
 31
0.0
1001
SUPPORT_DISTRIBUTION_UV
1000
clean_dxf_export_v1
1000
background
1000
waler
1000
ES-圍令L1H350x350
1000
source_geometry
1000
CE83B
1071
8
  0
LINE
  5
9C
330
17
100
AcDbEntity
  8
ES-圍令L1H350x350
100
AcDbLine
 10
433838.3901963694
 20
-703195.5976083238
 30
0.0
 11
349335.7744228524
 21
-703195.5703399841
 31
0.0
1001
SUPPORT_DISTRIBUTION_UV
1000
clean_dxf_export_v1
1000
background
1000
waler
1000
ES-圍令L1H350x350
1000
source_geometry
1000
CE83B
1071
9
  0
LINE
  5
9D
330
17
100
AcDbEntity
  8
ES-圍令L1H350x350
100
AcDbLine
 10
349335.7744228524
 20
-703195.5703399841
 30
0.0
 11
338238.2870494365
 21
-703195.5055624783
 31
0.0
1001
SUPPORT_DISTRIBUTION_UV
1000
clean_dxf_export_v1
1000
background
1000
waler
1000
ES-圍令L1H350x350
1000
source_geometry
1000
CE83B
1071
10
  0
LINE
  5
9E
330
17
100
AcDbEntity
  8
ES-圍令L1H350x350
100
AcDbLine
 10
338238.2870494365
 20
-724845.5055624783
 30
0.0
 11
338238.2870494365
 21
-725195.5055624783
 31
0.0
1001
SUPPORT_DISTRIBUTION_UV
1000
clean_dxf_export_v1
1000
background
1000
waler
1000
ES-圍令L1H350x350
1000
source_geometry
1000
CE83C
1071
11
  0
LINE
  5
9F
330
17
100
AcDbEntity
  8
ES-圍令L1H350x350
100
AcDbLine
 10
338238.2870494365
 20
-725195.5055624783
 30
0.0
 11
433838.3901963694
 21
-725195.5055624784
 31
0.0
1001
SUPPORT_DISTRIBUTION_UV
1000
clean_dxf_export_v1
1000
background
1000
waler
1000
ES-圍令L1H350x350
1000
source_geometry
1000
CE83C
1071
12
  0
LINE
  5
A0
330
17
100
AcDbEntity
  8
ES-圍令L1H350x350
100
AcDbLine
 10
433838.3901963694
 20
-725195.5055624784
 30
0.0
 11
433838.3901963694
 21
-724845.5055624784
 31
0.0
1001
SUPPORT_DISTRIBUTION_UV
1000
clean_dxf_export_v1
1000
background
1000
waler
1000
ES-圍令L1H350x350
1000
source_geometry
1000
CE83C
1071
13
  0
LINE
  5
A1
330
17
100
AcDbEntity
  8
ES-圍令L1H350x350
100
AcDbLine
 10
433838.3901963694
 20
-724845.5055624784
 30
0.0
 11
349335.7744228519
 21
-724845.5694930165
 31
0.0
1001
SUPPORT_DISTRIBUTION_UV
1000
clean_dxf_export_v1
1000
background
1000
waler
1000
ES-圍令L1H350x350
1000
source_geometry
1000
CE83C
1071
14
  0
LINE
  5
A2
330
17
100
AcDbEntity
  8
ES-圍令L1H350x350
100
AcDbLine
 10
349335.7744228519
 20
-724845.5694930165
 30
0.0
 11
338238.2870494365
 21
-724845.5055624783
 31
0.0
1001
SUPPORT_DISTRIBUTION_UV
1000
clean_dxf_export_v1
1000
background
1000
waler
1000
ES-圍令L1H350x350
1000
source_geometry
1000
CE83C
1071
15
  0
LINE
  5
A3
330
17
100
AcDbEntity
  8
ES-圍令L1H350x350
100
AcDbLine
 10
434188.3901963694
 20
-703545.5055624783
 30
0.0
 11
434188.2870494364
 21
-703095.5703399841
 31
0.0
1001
SUPPORT_DISTRIBUTION_UV
1000
clean_dxf_export_v1
1000
background
1000
waler
1000
ES-圍令L1H350x350
1000
source_geometry
1000
CE83D
1071
16
  0
LINE
  5
A4
330
17
100
AcDbEntity
  8
ES-圍令L1H350x350
100
AcDbLine
 10
434188.2870494364
 20
-703095.5703399841
 30
0.0
 11
433838.3901963694
 21
-703095.5055624784
 31
0.0
1001
SUPPORT_DISTRIBUTION_UV
1000
clean_dxf_export_v1
1000
background
1000
waler
1000
ES-圍令L1H350x350
1000
source_geometry
1000
CE83D
1071
17
  0
LINE
  5
A5
330
17
100
AcDbEntity
  8
ES-圍令L1H350x350
100
AcDbLine
 10
433838.3901963694
 20
-703095.5055624784
 30
0.0
 11
433838.3901963694
 21
-725295.5055624783
 31
0.0
1001
SUPPORT_DISTRIBUTION_UV
1000
clean_dxf_export_v1
1000
background
1000
waler
1000
ES-圍令L1H350x350
1000
source_geometry
1000
CE83D
1071
18
  0
LINE
  5
A6
330
17
100
AcDbEntity
  8
ES-圍令L1H350x350
100
AcDbLine
 10
433838.3901963694
 20
-725295.5055624783
 30
0.0
 11
434188.3901963694
 21
-725295.5055624783
 31
0.0
1001
SUPPORT_DISTRIBUTION_UV
1000
clean_dxf_export_v1
1000
background
1000
waler
1000
ES-圍令L1H350x350
1000
source_geometry
1000
CE83D
1071
19
  0
LINE
  5
A7
330
17
100
AcDbEntity
  8
ES-圍令L1H350x350
100
AcDbLine
 10
434188.3901963694
 20
-725295.5055624783
 30
0.0
 11
434188.3901963694
 21
-703545.5055624783
 31
0.0
1001
SUPPORT_DISTRIBUTION_UV
1000
clean_dxf_export_v1
1000
background
1000
waler
1000
ES-圍令L1H350x350
1000
source_geometry
1000
CE83D
1071
20
  0
LINE
  5
A8
330
17
100
AcDbEntity
  8
ES-LH350x350
100
AcDbLine
 10
341613.2870494365
 20
-724845.5694823605
 30
0.0
 11
341613.2870494365
 21
-703545.570339984
 31
0.0
1001
SUPPORT_DISTRIBUTION_UV
1000
clean_dxf_export_v1
1000
background
1000
strut
1000
ES-LH350x350
1000
source_geometry
1000
CD958
1071
21
  0
LINE
  5
A9
330
17
100
AcDbEntity
  8
ES-LH350x350
100
AcDbLine
 10
341613.2870494365
 20
-703545.570339984
 30
0.0
 11
341963.2870494365
 21
-703545.570339984
 31
0.0
1001
SUPPORT_DISTRIBUTION_UV
1000
clean_dxf_export_v1
1000
background
1000
strut
1000
ES-LH350x350
1000
source_geometry
1000
CD958
1071
22
  0
LINE
  5
AA
330
17
100
AcDbEntity
  8
ES-LH350x350
100
AcDbLine
 10
341963.2870494365
 20
-703545.570339984
 30
0.0
 11
341963.2870494365
 21
-724845.5694823605
 31
0.0
1001
SUPPORT_DISTRIBUTION_UV
1000
clean_dxf_export_v1
1000
background
1000
strut
1000
ES-LH350x350
1000
source_geometry
1000
CD958
1071
23
  0
LINE
  5
AB
330
17
100
AcDbEntity
  8
ES-LH350x350
100
AcDbLine
 10
341963.2870494365
 20
-724845.5694823605
 30
0.0
 11
341613.2870494365
 21
-724845.5694823605
 31
0.0
1001
SUPPORT_DISTRIBUTION_UV
1000
clean_dxf_export_v1
1000
background
1000
strut
1000
ES-LH350x350
1000
source_geometry
1000
CD958
1071
24
  0
LINE
  5
AC
330
17
100
AcDbEntity
  8
ES-LH350x350
100
AcDbLine
 10
341788.2870494365
 20
-724845.5694823605
 30
0.0
 11
341788.2870494365
 21
-703545.570339984
 31
0.0
1001
SUPPORT_DISTRIBUTION_UV
1000
clean_dxf_export_v1
1000
background
1000
strut
1000
ES-LH350x350
1000
source_geometry
1000
CD958
1071
25
  0
LINE
  5
AD
330
17
100
AcDbEntity
  8
ES-LH350x350
100
AcDbLine
 10
351113.2870494365
 20
-724845.5694823605
 30
0.0
 11
351113.2870494365
 21
-703545.570339984
 31
0.0
1001
SUPPORT_DISTRIBUTION_UV
1000
clean_dxf_export_v1
1000
background
1000
strut
1000
ES-LH350x350
1000
source_geometry
1000
CD98B
1071
26
  0
LINE
  5
AE
330
17
100
AcDbEntity
  8
ES-LH350x350
100
AcDbLine
 10
351113.2870494365
 20
-703545.570339984
 30
0.0
 11
351463.2870494365
 21
-703545.570339984
 31
0.0
1001
SUPPORT_DISTRIBUTION_UV
1000
clean_dxf_export_v1
1000
background
1000
strut
1000
ES-LH350x350
1000
source_geometry
1000
CD98B
1071
27
  0
LINE
  5
AF
330
17
100
AcDbEntity
  8
ES-LH350x350
100
AcDbLine
 10
351463.2870494365
 20
-703545.570339984
 30
0.0
 11
351463.2870494365
 21
-724845.5694823605
 31
0.0
1001
SUPPORT_DISTRIBUTION_UV
1000
clean_dxf_export_v1
1000
background
1000
strut
1000
ES-LH350x350
1000
source_geometry
1000
CD98B
1071
28
  0
LINE
  5
B0
330
17
100
AcDbEntity
  8
ES-LH350x350
100
AcDbLine
 10
351463.2870494365
 20
-724845.5694823605
 30
0.0
 11
351113.2870494365
 21
-724845.5694823605
 31
0.0
1001
SUPPORT_DISTRIBUTION_UV
1000
clean_dxf_export_v1
1000
background
1000
strut
1000
ES-LH350x350
1000
source_geometry
1000
CD98B
1071
29
  0
LINE
  5
B1
330
17
100
AcDbEntity
  8
ES-LH350x350
100
AcDbLine
 10
351288.2870494365
 20
-724845.5694823605
 30
0.0
 11
351288.2870494365
 21
-703545.570339984
 31
0.0
1001
SUPPORT_DISTRIBUTION_UV
1000
clean_dxf_export_v1
1000
background
1000
strut
1000
ES-LH350x350
1000
source_geometry
1000
CD98B
1071
30
  0
LINE
  5
B2
330
17
100
AcDbEntity
  8
ES-LH350x350
100
AcDbLine
 10
357113.2870494365
 20
-724845.5694823605
 30
0.0
 11
357113.2870494365
 21
-703545.570339984
 31
0.0
1001
SUPPORT_DISTRIBUTION_UV
1000
clean_dxf_export_v1
1000
background
1000
strut
1000
ES-LH350x350
1000
source_geometry
1000
CD995
1071
31
  0
LINE
  5
B3
330
17
100
AcDbEntity
  8
ES-LH350x350
100
AcDbLine
 10
357113.2870494365
 20
-703545.570339984
 30
0.0
 11
357463.2870494365
 21
-703545.570339984
 31
0.0
1001
SUPPORT_DISTRIBUTION_UV
1000
clean_dxf_export_v1
1000
background
1000
strut
1000
ES-LH350x350
1000
source_geometry
1000
CD995
1071
32
  0
LINE
  5
B4
330
17
100
AcDbEntity
  8
ES-LH350x350
100
AcDbLine
 10
357463.2870494365
 20
-703545.570339984
 30
0.0
 11
357463.2870494365
 21
-724845.5694823605
 31
0.0
1001
SUPPORT_DISTRIBUTION_UV
1000
clean_dxf_export_v1
1000
background
1000
strut
1000
ES-LH350x350
1000
source_geometry
1000
CD995
1071
33
  0
LINE
  5
B5
330
17
100
AcDbEntity
  8
ES-LH350x350
100
AcDbLine
 10
357463.2870494365
 20
-724845.5694823605
 30
0.0
 11
357113.2870494365
 21
-724845.5694823605
 31
0.0
1001
SUPPORT_DISTRIBUTION_UV
1000
clean_dxf_export_v1
1000
background
1000
strut
1000
ES-LH350x350
1000
source_geometry
1000
CD995
1071
34
  0
LINE
  5
B6
330
17
100
AcDbEntity
  8
ES-LH350x350
100
AcDbLine
 10
357288.2870494365
 20
-724845.5694823605
 30
0.0
 11
357288.2870494365
 21
-703545.570339984
 31
0.0
1001
SUPPORT_DISTRIBUTION_UV
1000
clean_dxf_export_v1
1000
background
1000
strut
1000
ES-LH350x350
1000
source_geometry
1000
CD995
1071
35
  0
LINE
  5
B7
330
17
100
AcDbEntity
  8
ES-LH350x350
100
AcDbLine
 10
363113.2870494365
 20
-724845.5694823605
 30
0.0
 11
363113.2870494365
 21
-703545.570339984
 31
0.0
1001
SUPPORT_DISTRIBUTION_UV
1000
clean_dxf_export_v1
1000
background
1000
strut
1000
ES-LH350x350
1000
source_geometry
1000
CD99F
1071
36
  0
LINE
  5
B8
330
17
100
AcDbEntity
  8
ES-LH350x350
100
AcDbLine
 10
363113.2870494365
 20
-703545.570339984
 30
0.0
 11
363463.2870494365
 21
-703545.570339984
 31
0.0
1001
SUPPORT_DISTRIBUTION_UV
1000
clean_dxf_export_v1
1000
background
1000
strut
1000
ES-LH350x350
1000
source_geometry
1000
CD99F
1071
37
  0
LINE
  5
B9
330
17
100
AcDbEntity
  8
ES-LH350x350
100
AcDbLine
 10
363463.2870494365
 20
-703545.570339984
 30
0.0
 11
363463.2870494365
 21
-724845.5694823605
 31
0.0
1001
SUPPORT_DISTRIBUTION_UV
1000
clean_dxf_export_v1
1000
background
1000
strut
1000
ES-LH350x350
1000
source_geometry
1000
CD99F
1071
38
  0
LINE
  5
BA
330
17
100
AcDbEntity
  8
ES-LH350x350
100
AcDbLine
 10
363463.2870494365
 20
-724845.5694823605
 30
0.0
 11
363113.2870494365
 21
-724845.5694823605
 31
0.0
1001
SUPPORT_DISTRIBUTION_UV
1000
clean_dxf_export_v1
1000
background
1000
strut
1000
ES-LH350x350
1000
source_geometry
1000
CD99F
1071
39
  0
LINE
  5
BB
330
17
100
AcDbEntity
  8
ES-LH350x350
100
AcDbLine
 10
363288.2870494365
 20
-724845.5694823605
 30
0.0
 11
363288.2870494365
 21
-703545.570339984
 31
0.0
1001
SUPPORT_DISTRIBUTION_UV
1000
clean_dxf_export_v1
1000
background
1000
strut
1000
ES-LH350x350
1000
source_geometry
1000
CD99F
1071
40
  0
LINE
  5
BC
330
17
100
AcDbEntity
  8
ES-LH350x350
100
AcDbLine
 10
369113.2870494365
 20
-724845.5694823605
 30
0.0
 11
369113.2870494365
 21
-703545.570339984
 31
0.0
1001
SUPPORT_DISTRIBUTION_UV
1000
clean_dxf_export_v1
1000
background
1000
strut
1000
ES-LH350x350
1000
source_geometry
1000
CD9A9
1071
41
  0
LINE
  5
BD
330
17
100
AcDbEntity
  8
ES-LH350x350
100
AcDbLine
 10
369113.2870494365
 20
-703545.570339984
 30
0.0
 11
369463.2870494365
 21
-703545.570339984
 31
0.0
1001
SUPPORT_DISTRIBUTION_UV
1000
clean_dxf_export_v1
1000
background
1000
strut
1000
ES-LH350x350
1000
source_geometry
1000
CD9A9
1071
42
  0
LINE
  5
BE
330
17
100
AcDbEntity
  8
ES-LH350x350
100
AcDbLine
 10
369463.2870494365
 20
-703545.570339984
 30
0.0
 11
369463.2870494365
 21
-724845.5694823605
 31
0.0
1001
SUPPORT_DISTRIBUTION_UV
1000
clean_dxf_export_v1
1000
background
1000
strut
1000
ES-LH350x350
1000
source_geometry
1000
CD9A9
1071
43
  0
LINE
  5
BF
330
17
100
AcDbEntity
  8
ES-LH350x350
100
AcDbLine
 10
369463.2870494365
 20
-724845.5694823605
 30
0.0
 11
369113.2870494365
 21
-724845.5694823605
 31
0.0
1001
SUPPORT_DISTRIBUTION_UV
1000
clean_dxf_export_v1
1000
background
1000
strut
1000
ES-LH350x350
1000
source_geometry
1000
CD9A9
1071
44
  0
LINE
  5
C0
330
17
100
AcDbEntity
  8
ES-LH350x350
100
AcDbLine
 10
369288.2870494365
 20
-724845.5694823605
 30
0.0
 11
369288.2870494365
 21
-703545.570339984
 31
0.0
1001
SUPPORT_DISTRIBUTION_UV
1000
clean_dxf_export_v1
1000
background
1000
strut
1000
ES-LH350x350
1000
source_geometry
1000
CD9A9
1071
45
  0
LINE
  5
C1
330
17
100
AcDbEntity
  8
ES-LH350x350
100
AcDbLine
 10
374113.2870494365
 20
-724845.5694823605
 30
0.0
 11
374113.2870494365
 21
-703545.570339984
 31
0.0
1001
SUPPORT_DISTRIBUTION_UV
1000
clean_dxf_export_v1
1000
background
1000
strut
1000
ES-LH350x350
1000
source_geometry
1000
CD9B3
1071
46
  0
LINE
  5
C2
330
17
100
AcDbEntity
  8
ES-LH350x350
100
AcDbLine
 10
374113.2870494365
 20
-703545.570339984
 30
0.0
 11
374463.2870494365
 21
-703545.570339984
 31
0.0
1001
SUPPORT_DISTRIBUTION_UV
1000
clean_dxf_export_v1
1000
background
1000
strut
1000
ES-LH350x350
1000
source_geometry
1000
CD9B3
1071
47
  0
LINE
  5
C3
330
17
100
AcDbEntity
  8
ES-LH350x350
100
AcDbLine
 10
374463.2870494365
 20
-703545.570339984
 30
0.0
 11
374463.2870494365
 21
-724845.5694823605
 31
0.0
1001
SUPPORT_DISTRIBUTION_UV
1000
clean_dxf_export_v1
1000
background
1000
strut
1000
ES-LH350x350
1000
source_geometry
1000
CD9B3
1071
48
  0
LINE
  5
C4
330
17
100
AcDbEntity
  8
ES-LH350x350
100
AcDbLine
 10
374463.2870494365
 20
-724845.5694823605
 30
0.0
 11
374113.2870494365
 21
-724845.5694823605
 31
0.0
1001
SUPPORT_DISTRIBUTION_UV
1000
clean_dxf_export_v1
1000
background
1000
strut
1000
ES-LH350x350
1000
source_geometry
1000
CD9B3
1071
49
  0
LINE
  5
C5
330
17
100
AcDbEntity
  8
ES-LH350x350
100
AcDbLine
 10
374288.2870494365
 20
-724845.5694823605
 30
0.0
 11
374288.2870494365
 21
-703545.570339984
 31
0.0
1001
SUPPORT_DISTRIBUTION_UV
1000
clean_dxf_export_v1
1000
background
1000
strut
1000
ES-LH350x350
1000
source_geometry
1000
CD9B3
1071
50
  0
LINE
  5
C6
330
17
100
AcDbEntity
  8
ES-LH350x350
100
AcDbLine
 10
380113.2870494365
 20
-724845.5694823605
 30
0.0
 11
380113.2870494365
 21
-703545.570339984
 31
0.0
1001
SUPPORT_DISTRIBUTION_UV
1000
clean_dxf_export_v1
1000
background
1000
strut
1000
ES-LH350x350
1000
source_geometry
1000
CD9BD
1071
51
  0
LINE
  5
C7
330
17
100
AcDbEntity
  8
ES-LH350x350
100
AcDbLine
 10
380113.2870494365
 20
-703545.570339984
 30
0.0
 11
380463.2870494365
 21
-703545.570339984
 31
0.0
1001
SUPPORT_DISTRIBUTION_UV
1000
clean_dxf_export_v1
1000
background
1000
strut
1000
ES-LH350x350
1000
source_geometry
1000
CD9BD
1071
52
  0
LINE
  5
C8
330
17
100
AcDbEntity
  8
ES-LH350x350
100
AcDbLine
 10
380463.2870494365
 20
-703545.570339984
 30
0.0
 11
380463.2870494365
 21
-724845.5694823605
 31
0.0
1001
SUPPORT_DISTRIBUTION_UV
1000
clean_dxf_export_v1
1000
background
1000
strut
1000
ES-LH350x350
1000
source_geometry
1000
CD9BD
1071
53
  0
LINE
  5
C9
330
17
100
AcDbEntity
  8
ES-LH350x350
100
AcDbLine
 10
380463.2870494365
 20
-724845.5694823605
 30
0.0
 11
380113.2870494365
 21
-724845.5694823605
 31
0.0
1001
SUPPORT_DISTRIBUTION_UV
1000
clean_dxf_export_v1
1000
background
1000
strut
1000
ES-LH350x350
1000
source_geometry
1000
CD9BD
1071
54
  0
LINE
  5
CA
330
17
100
AcDbEntity
  8
ES-LH350x350
100
AcDbLine
 10
380288.2870494365
 20
-724845.5694823605
 30
0.0
 11
380288.2870494365
 21
-703545.570339984
 31
0.0
1001
SUPPORT_DISTRIBUTION_UV
1000
clean_dxf_export_v1
1000
background
1000
strut
1000
ES-LH350x350
1000
source_geometry
1000
CD9BD
1071
55
  0
LINE
  5
CB
330
17
100
AcDbEntity
  8
ES-LH350x350
100
AcDbLine
 10
386113.2870494365
 20
-724845.5694823605
 30
0.0
 11
386113.2870494365
 21
-703545.570339984
 31
0.0
1001
SUPPORT_DISTRIBUTION_UV
1000
clean_dxf_export_v1
1000
background
1000
strut
1000
ES-LH350x350
1000
source_geometry
1000
CD9C7
1071
56
  0
LINE
  5
CC
330
17
100
AcDbEntity
  8
ES-LH350x350
100
AcDbLine
 10
386113.2870494365
 20
-703545.570339984
 30
0.0
 11
386463.2870494365
 21
-703545.570339984
 31
0.0
1001
SUPPORT_DISTRIBUTION_UV
1000
clean_dxf_export_v1
1000
background
1000
strut
1000
ES-LH350x350
1000
source_geometry
1000
CD9C7
1071
57
  0
LINE
  5
CD
330
17
100
AcDbEntity
  8
ES-LH350x350
100
AcDbLine
 10
386463.2870494365
 20
-703545.570339984
 30
0.0
 11
386463.2870494365
 21
-724845.5694823605
 31
0.0
1001
SUPPORT_DISTRIBUTION_UV
1000
clean_dxf_export_v1
1000
background
1000
strut
1000
ES-LH350x350
1000
source_geometry
1000
CD9C7
1071
58
  0
LINE
  5
CE
330
17
100
AcDbEntity
  8
ES-LH350x350
100
AcDbLine
 10
386463.2870494365
 20
-724845.5694823605
 30
0.0
 11
386113.2870494365
 21
-724845.5694823605
 31
0.0
1001
SUPPORT_DISTRIBUTION_UV
1000
clean_dxf_export_v1
1000
background
1000
strut
1000
ES-LH350x350
1000
source_geometry
1000
CD9C7
1071
59
  0
LINE
  5
CF
330
17
100
AcDbEntity
  8
ES-LH350x350
100
AcDbLine
 10
386288.2870494365
 20
-724845.5694823605
 30
0.0
 11
386288.2870494365
 21
-703545.570339984
 31
0.0
1001
SUPPORT_DISTRIBUTION_UV
1000
clean_dxf_export_v1
1000
background
1000
strut
1000
ES-LH350x350
1000
source_geometry
1000
CD9C7
1071
60
  0
LINE
  5
D0
330
17
100
AcDbEntity
  8
ES-LH350x350
100
AcDbLine
 10
391613.2870494365
 20
-724845.5694823605
 30
0.0
 11
391613.2870494365
 21
-703545.570339984
 31
0.0
1001
SUPPORT_DISTRIBUTION_UV
1000
clean_dxf_export_v1
1000
background
1000
strut
1000
ES-LH350x350
1000
source_geometry
1000
CD9D1
1071
61
  0
LINE
  5
D1
330
17
100
AcDbEntity
  8
ES-LH350x350
100
AcDbLine
 10
391613.2870494365
 20
-703545.570339984
 30
0.0
 11
391963.2870494365
 21
-703545.570339984
 31
0.0
1001
SUPPORT_DISTRIBUTION_UV
1000
clean_dxf_export_v1
1000
background
1000
strut
1000
ES-LH350x350
1000
source_geometry
1000
CD9D1
1071
62
  0
LINE
  5
D2
330
17
100
AcDbEntity
  8
ES-LH350x350
100
AcDbLine
 10
391963.2870494365
 20
-703545.570339984
 30
0.0
 11
391963.2870494365
 21
-724845.5694823605
 31
0.0
1001
SUPPORT_DISTRIBUTION_UV
1000
clean_dxf_export_v1
1000
background
1000
strut
1000
ES-LH350x350
1000
source_geometry
1000
CD9D1
1071
63
  0
LINE
  5
D3
330
17
100
AcDbEntity
  8
ES-LH350x350
100
AcDbLine
 10
391963.2870494365
 20
-724845.5694823605
 30
0.0
 11
391613.2870494365
 21
-724845.5694823605
 31
0.0
1001
SUPPORT_DISTRIBUTION_UV
1000
clean_dxf_export_v1
1000
background
1000
strut
1000
ES-LH350x350
1000
source_geometry
1000
CD9D1
1071
64
  0
LINE
  5
D4
330
17
100
AcDbEntity
  8
ES-LH350x350
100
AcDbLine
 10
391788.2870494365
 20
-724845.5694823605
 30
0.0
 11
391788.2870494365
 21
-703545.570339984
 31
0.0
1001
SUPPORT_DISTRIBUTION_UV
1000
clean_dxf_export_v1
1000
background
1000
strut
1000
ES-LH350x350
1000
source_geometry
1000
CD9D1
1071
65
  0
LINE
  5
D5
330
17
100
AcDbEntity
  8
ES-LH350x350
100
AcDbLine
 10
397613.2870494365
 20
-724845.5694823605
 30
0.0
 11
397613.2870494365
 21
-703545.570339984
 31
0.0
1001
SUPPORT_DISTRIBUTION_UV
1000
clean_dxf_export_v1
1000
background
1000
strut
1000
ES-LH350x350
1000
source_geometry
1000
CD9DB
1071
66
  0
LINE
  5
D6
330
17
100
AcDbEntity
  8
ES-LH350x350
100
AcDbLine
 10
397613.2870494365
 20
-703545.570339984
 30
0.0
 11
397963.2870494365
 21
-703545.570339984
 31
0.0
1001
SUPPORT_DISTRIBUTION_UV
1000
clean_dxf_export_v1
1000
background
1000
strut
1000
ES-LH350x350
1000
source_geometry
1000
CD9DB
1071
67
  0
LINE
  5
D7
330
17
100
AcDbEntity
  8
ES-LH350x350
100
AcDbLine
 10
397963.2870494365
 20
-703545.570339984
 30
0.0
 11
397963.2870494365
 21
-724845.5694823605
 31
0.0
1001
SUPPORT_DISTRIBUTION_UV
1000
clean_dxf_export_v1
1000
background
1000
strut
1000
ES-LH350x350
1000
source_geometry
1000
CD9DB
1071
68
  0
LINE
  5
D8
330
17
100
AcDbEntity
  8
ES-LH350x350
100
AcDbLine
 10
397963.2870494365
 20
-724845.5694823605
 30
0.0
 11
397613.2870494365
 21
-724845.5694823605
 31
0.0
1001
SUPPORT_DISTRIBUTION_UV
1000
clean_dxf_export_v1
1000
background
1000
strut
1000
ES-LH350x350
1000
source_geometry
1000
CD9DB
1071
69
  0
LINE
  5
D9
330
17
100
AcDbEntity
  8
ES-LH350x350
100
AcDbLine
 10
397788.2870494365
 20
-724845.5694823605
 30
0.0
 11
397788.2870494365
 21
-703545.570339984
 31
0.0
1001
SUPPORT_DISTRIBUTION_UV
1000
clean_dxf_export_v1
1000
background
1000
strut
1000
ES-LH350x350
1000
source_geometry
1000
CD9DB
1071
70
  0
LINE
  5
DA
330
17
100
AcDbEntity
  8
ES-LH350x350
100
AcDbLine
 10
403613.2870494365
 20
-724845.5694823605
 30
0.0
 11
403613.2870494365
 21
-703545.570339984
 31
0.0
1001
SUPPORT_DISTRIBUTION_UV
1000
clean_dxf_export_v1
1000
background
1000
strut
1000
ES-LH350x350
1000
source_geometry
1000
CD9E5
1071
71
  0
LINE
  5
DB
330
17
100
AcDbEntity
  8
ES-LH350x350
100
AcDbLine
 10
403613.2870494365
 20
-703545.570339984
 30
0.0
 11
403963.2870494365
 21
-703545.570339984
 31
0.0
1001
SUPPORT_DISTRIBUTION_UV
1000
clean_dxf_export_v1
1000
background
1000
strut
1000
ES-LH350x350
1000
source_geometry
1000
CD9E5
1071
72
  0
LINE
  5
DC
330
17
100
AcDbEntity
  8
ES-LH350x350
100
AcDbLine
 10
403963.2870494365
 20
-703545.570339984
 30
0.0
 11
403963.2870494365
 21
-724845.5694823605
 31
0.0
1001
SUPPORT_DISTRIBUTION_UV
1000
clean_dxf_export_v1
1000
background
1000
strut
1000
ES-LH350x350
1000
source_geometry
1000
CD9E5
1071
73
  0
LINE
  5
DD
330
17
100
AcDbEntity
  8
ES-LH350x350
100
AcDbLine
 10
403963.2870494365
 20
-724845.5694823605
 30
0.0
 11
403613.2870494365
 21
-724845.5694823605
 31
0.0
1001
SUPPORT_DISTRIBUTION_UV
1000
clean_dxf_export_v1
1000
background
1000
strut
1000
ES-LH350x350
1000
source_geometry
1000
CD9E5
1071
74
  0
LINE
  5
DE
330
17
100
AcDbEntity
  8
ES-LH350x350
100
AcDbLine
 10
403788.2870494365
 20
-724845.5694823605
 30
0.0
 11
403788.2870494365
 21
-703545.570339984
 31
0.0
1001
SUPPORT_DISTRIBUTION_UV
1000
clean_dxf_export_v1
1000
background
1000
strut
1000
ES-LH350x350
1000
source_geometry
1000
CD9E5
1071
75
  0
LINE
  5
DF
330
17
100
AcDbEntity
  8
ES-LH350x350
100
AcDbLine
 10
409613.2870494365
 20
-724845.5694823605
 30
0.0
 11
409613.2870494365
 21
-703545.570339984
 31
0.0
1001
SUPPORT_DISTRIBUTION_UV
1000
clean_dxf_export_v1
1000
background
1000
strut
1000
ES-LH350x350
1000
source_geometry
1000
CD9EF
1071
76
  0
LINE
  5
E0
330
17
100
AcDbEntity
  8
ES-LH350x350
100
AcDbLine
 10
409613.2870494365
 20
-703545.570339984
 30
0.0
 11
409963.2870494365
 21
-703545.570339984
 31
0.0
1001
SUPPORT_DISTRIBUTION_UV
1000
clean_dxf_export_v1
1000
background
1000
strut
1000
ES-LH350x350
1000
source_geometry
1000
CD9EF
1071
77
  0
LINE
  5
E1
330
17
100
AcDbEntity
  8
ES-LH350x350
100
AcDbLine
 10
409963.2870494365
 20
-703545.570339984
 30
0.0
 11
409963.2870494365
 21
-724845.5694823605
 31
0.0
1001
SUPPORT_DISTRIBUTION_UV
1000
clean_dxf_export_v1
1000
background
1000
strut
1000
ES-LH350x350
1000
source_geometry
1000
CD9EF
1071
78
  0
LINE
  5
E2
330
17
100
AcDbEntity
  8
ES-LH350x350
100
AcDbLine
 10
409963.2870494365
 20
-724845.5694823605
 30
0.0
 11
409613.2870494365
 21
-724845.5694823605
 31
0.0
1001
SUPPORT_DISTRIBUTION_UV
1000
clean_dxf_export_v1
1000
background
1000
strut
1000
ES-LH350x350
1000
source_geometry
1000
CD9EF
1071
79
  0
LINE
  5
E3
330
17
100
AcDbEntity
  8
ES-LH350x350
100
AcDbLine
 10
409788.2870494365
 20
-724845.5694823605
 30
0.0
 11
409788.2870494365
 21
-703545.570339984
 31
0.0
1001
SUPPORT_DISTRIBUTION_UV
1000
clean_dxf_export_v1
1000
background
1000
strut
1000
ES-LH350x350
1000
source_geometry
1000
CD9EF
1071
80
  0
LINE
  5
E4
330
17
100
AcDbEntity
  8
ES-LH350x350
100
AcDbLine
 10
415613.2870494365
 20
-724845.5694823605
 30
0.0
 11
415613.2870494365
 21
-703545.570339984
 31
0.0
1001
SUPPORT_DISTRIBUTION_UV
1000
clean_dxf_export_v1
1000
background
1000
strut
1000
ES-LH350x350
1000
source_geometry
1000
CD9F9
1071
81
  0
LINE
  5
E5
330
17
100
AcDbEntity
  8
ES-LH350x350
100
AcDbLine
 10
415613.2870494365
 20
-703545.570339984
 30
0.0
 11
415963.2870494365
 21
-703545.570339984
 31
0.0
1001
SUPPORT_DISTRIBUTION_UV
1000
clean_dxf_export_v1
1000
background
1000
strut
1000
ES-LH350x350
1000
source_geometry
1000
CD9F9
1071
82
  0
LINE
  5
E6
330
17
100
AcDbEntity
  8
ES-LH350x350
100
AcDbLine
 10
415963.2870494365
 20
-703545.570339984
 30
0.0
 11
415963.2870494365
 21
-724845.5694823605
 31
0.0
1001
SUPPORT_DISTRIBUTION_UV
1000
clean_dxf_export_v1
1000
background
1000
strut
1000
ES-LH350x350
1000
source_geometry
1000
CD9F9
1071
83
  0
LINE
  5
E7
330
17
100
AcDbEntity
  8
ES-LH350x350
100
AcDbLine
 10
415963.2870494365
 20
-724845.5694823605
 30
0.0
 11
415613.2870494365
 21
-724845.5694823605
 31
0.0
1001
SUPPORT_DISTRIBUTION_UV
1000
clean_dxf_export_v1
1000
background
1000
strut
1000
ES-LH350x350
1000
source_geometry
1000
CD9F9
1071
84
  0
LINE
  5
E8
330
17
100
AcDbEntity
  8
ES-LH350x350
100
AcDbLine
 10
415788.2870494365
 20
-724845.5694823605
 30
0.0
 11
415788.2870494365
 21
-703545.570339984
 31
0.0
1001
SUPPORT_DISTRIBUTION_UV
1000
clean_dxf_export_v1
1000
background
1000
strut
1000
ES-LH350x350
1000
source_geometry
1000
CD9F9
1071
85
  0
LINE
  5
E9
330
17
100
AcDbEntity
  8
ES-LH350x350
100
AcDbLine
 10
421613.2870494365
 20
-724845.5694823605
 30
0.0
 11
421613.2870494365
 21
-703545.570339984
 31
0.0
1001
SUPPORT_DISTRIBUTION_UV
1000
clean_dxf_export_v1
1000
background
1000
strut
1000
ES-LH350x350
1000
source_geometry
1000
CDA03
1071
86
  0
LINE
  5
EA
330
17
100
AcDbEntity
  8
ES-LH350x350
100
AcDbLine
 10
421613.2870494365
 20
-703545.570339984
 30
0.0
 11
421963.2870494365
 21
-703545.570339984
 31
0.0
1001
SUPPORT_DISTRIBUTION_UV
1000
clean_dxf_export_v1
1000
background
1000
strut
1000
ES-LH350x350
1000
source_geometry
1000
CDA03
1071
87
  0
LINE
  5
EB
330
17
100
AcDbEntity
  8
ES-LH350x350
100
AcDbLine
 10
421963.2870494365
 20
-703545.570339984
 30
0.0
 11
421963.2870494365
 21
-724845.5694823605
 31
0.0
1001
SUPPORT_DISTRIBUTION_UV
1000
clean_dxf_export_v1
1000
background
1000
strut
1000
ES-LH350x350
1000
source_geometry
1000
CDA03
1071
88
  0
LINE
  5
EC
330
17
100
AcDbEntity
  8
ES-LH350x350
100
AcDbLine
 10
421963.2870494365
 20
-724845.5694823605
 30
0.0
 11
421613.2870494365
 21
-724845.5694823605
 31
0.0
1001
SUPPORT_DISTRIBUTION_UV
1000
clean_dxf_export_v1
1000
background
1000
strut
1000
ES-LH350x350
1000
source_geometry
1000
CDA03
1071
89
  0
LINE
  5
ED
330
17
100
AcDbEntity
  8
ES-LH350x350
100
AcDbLine
 10
421788.2870494365
 20
-724845.5694823605
 30
0.0
 11
421788.2870494365
 21
-703545.570339984
 31
0.0
1001
SUPPORT_DISTRIBUTION_UV
1000
clean_dxf_export_v1
1000
background
1000
strut
1000
ES-LH350x350
1000
source_geometry
1000
CDA03
1071
90
  0
LINE
  5
EE
330
17
100
AcDbEntity
  8
ES-LH350x350
100
AcDbLine
 10
430113.2870494365
 20
-724845.5694823605
 30
0.0
 11
430113.2870494365
 21
-703545.570339984
 31
0.0
1001
SUPPORT_DISTRIBUTION_UV
1000
clean_dxf_export_v1
1000
background
1000
strut
1000
ES-LH350x350
1000
source_geometry
1000
CDA0D
1071
91
  0
LINE
  5
EF
330
17
100
AcDbEntity
  8
ES-LH350x350
100
AcDbLine
 10
430113.2870494365
 20
-703545.570339984
 30
0.0
 11
430463.2870494365
 21
-703545.570339984
 31
0.0
1001
SUPPORT_DISTRIBUTION_UV
1000
clean_dxf_export_v1
1000
background
1000
strut
1000
ES-LH350x350
1000
source_geometry
1000
CDA0D
1071
92
  0
LINE
  5
F0
330
17
100
AcDbEntity
  8
ES-LH350x350
100
AcDbLine
 10
430463.2870494365
 20
-703545.570339984
 30
0.0
 11
430463.2870494365
 21
-724845.5694823605
 31
0.0
1001
SUPPORT_DISTRIBUTION_UV
1000
clean_dxf_export_v1
1000
background
1000
strut
1000
ES-LH350x350
1000
source_geometry
1000
CDA0D
1071
93
  0
LINE
  5
F1
330
17
100
AcDbEntity
  8
ES-LH350x350
100
AcDbLine
 10
430463.2870494365
 20
-724845.5694823605
 30
0.0
 11
430113.2870494365
 21
-724845.5694823605
 31
0.0
1001
SUPPORT_DISTRIBUTION_UV
1000
clean_dxf_export_v1
1000
background
1000
strut
1000
ES-LH350x350
1000
source_geometry
1000
CDA0D
1071
94
  0
LINE
  5
F2
330
17
100
AcDbEntity
  8
ES-LH350x350
100
AcDbLine
 10
430288.2870494365
 20
-724845.5694823605
 30
0.0
 11
430288.2870494365
 21
-703545.570339984
 31
0.0
1001
SUPPORT_DISTRIBUTION_UV
1000
clean_dxf_export_v1
1000
background
1000
strut
1000
ES-LH350x350
1000
source_geometry
1000
CDA0D
1071
95
  0
LINE
  5
F3
330
17
100
AcDbEntity
  8
ES-大斜撐_支撐350x350
100
AcDbLine
 10
338238.2870494365
 20
-722795.5694823605
 30
0.0
 11
340288.3575455124
 21
-724845.4468694259
 31
0.0
1001
SUPPORT_DISTRIBUTION_UV
1000
clean_dxf_export_v1
1000
background
1000
brace
1000
ES-大斜撐_支撐350x350
1000
source_geometry
1000
CDA17
1071
96
  0
LINE
  5
F4
330
17
100
AcDbEntity
  8
ES-大斜撐_支撐350x350
100
AcDbLine
 10
338238.2870494365
 20
-720295.5694823605
 30
0.0
 11
342788.2609943277
 21
-724845.5434272516
 31
0.0
1001
SUPPORT_DISTRIBUTION_UV
1000
clean_dxf_export_v1
1000
background
1000
brace
1000
ES-大斜撐_支撐350x350
1000
source_geometry
1000
CDA1B
1071
97
  0
LINE
  5
F5
330
17
100
AcDbEntity
  8
ES-大斜撐_支撐350x350
100
AcDbLine
 10
338238.2870494365
 20
-717795.5694823605
 30
0.0
 11
345288.2609943277
 21
-724845.5434272516
 31
0.0
1001
SUPPORT_DISTRIBUTION_UV
1000
clean_dxf_export_v1
1000
background
1000
brace
1000
ES-大斜撐_支撐350x350
1000
source_geometry
1000
CDA1C
1071
98
  0
LINE
  5
F6
330
17
100
AcDbEntity
  8
ES-大斜撐_支撐350x350
100
AcDbLine
 10
347788.234939219
 20
-724845.5173721429
 30
0.0
 11
338238.2870494365
 21
-715295.5694823605
 31
0.0
1001
SUPPORT_DISTRIBUTION_UV
1000
clean_dxf_export_v1
1000
background
1000
brace
1000
ES-大斜撐_支撐350x350
1000
source_geometry
1000
CDA1D
1071
99
  0
LINE
  5
F7
330
17
100
AcDbEntity
  8
ES-大斜撐_支撐350x350
100
AcDbLine
 10
338238.2870494365
 20
-722548.0821089452
 30
0.0
 11
338238.2870494365
 21
-723043.0568557759
 31
0.0
1001
SUPPORT_DISTRIBUTION_UV
1000
clean_dxf_export_v1
1000
background
1000
brace
1000
ES-大斜撐_支撐350x350
1000
source_geometry
1000
CDA1E
1071
100
  0
LINE
  5
F8
330
17
100
AcDbEntity
  8
ES-大斜撐_支撐350x350
100
AcDbLine
 10
338238.2870494365
 20
-723043.0568557759
 30
0.0
 11
340040.9282760707
 21
-724845.5173721429
 31
0.0
1001
SUPPORT_DISTRIBUTION_UV
1000
clean_dxf_export_v1
1000
background
1000
brace
1000
ES-大斜撐_支撐350x350
1000
source_geometry
1000
CDA1E
1071
101
  0
LINE
  5
F9
330
17
100
AcDbEntity
  8
ES-大斜撐_支撐350x350
100
AcDbLine
 10
340040.9282760707
 20
-724845.5173721429
 30
0.0
 11
340535.9264211548
 21
-724845.5173721428
 31
0.0
1001
SUPPORT_DISTRIBUTION_UV
1000
clean_dxf_export_v1
1000
background
1000
brace
1000
ES-大斜撐_支撐350x350
1000
source_geometry
1000
CDA1E
1071
102
  0
LINE
  5
FA
330
17
100
AcDbEntity
  8
ES-大斜撐_支撐350x350
100
AcDbLine
 10
340535.9264211548
 20
-724845.5173721428
 30
0.0
 11
338238.2870494365
 21
-722548.0821089452
 31
0.0
1001
SUPPORT_DISTRIBUTION_UV
1000
clean_dxf_export_v1
1000
background
1000
brace
1000
ES-大斜撐_支撐350x350
1000
source_geometry
1000
CDA1E
1071
103
  0
LINE
  5
FB
330
17
100
AcDbEntity
  8
ES-大斜撐_支撐350x350
100
AcDbLine
 10
338238.2870494365
 20
-720048.0821089452
 30
0.0
 11
338238.2870494365
 21
-720543.0568557759
 31
0.0
1001
SUPPORT_DISTRIBUTION_UV
1000
clean_dxf_export_v1
1000
background
1000
brace
1000
ES-大斜撐_支撐350x350
1000
source_geometry
1000
CDA1F
1071
104
  0
LINE
  5
FC
330
17
100
AcDbEntity
  8
ES-大斜撐_支撐350x350
100
AcDbLine
 10
338238.2870494365
 20
-720543.0568557759
 30
0.0
 11
342540.8111956932
 21
-724845.530348511
 31
0.0
1001
SUPPORT_DISTRIBUTION_UV
1000
clean_dxf_export_v1
1000
background
1000
brace
1000
ES-大斜撐_支撐350x350
1000
source_geometry
1000
CDA1F
1071
105
  0
LINE
  5
FD
330
17
100
AcDbEntity
  8
ES-大斜撐_支撐350x350
100
AcDbLine
 10
342540.8111956932
 20
-724845.530348511
 30
0.0
 11
343035.7733669332
 21
-724845.5173721429
 31
0.0
1001
SUPPORT_DISTRIBUTION_UV
1000
clean_dxf_export_v1
1000
background
1000
brace
1000
ES-大斜撐_支撐350x350
1000
source_geometry
1000
CDA1F
1071
106
  0
LINE
  5
FE
330
17
100
AcDbEntity
  8
ES-大斜撐_支撐350x350
100
AcDbLine
 10
343035.7733669332
 20
-724845.5173721429
 30
0.0
 11
338238.2870494365
 21
-720048.0821089452
 31
0.0
1001
SUPPORT_DISTRIBUTION_UV
1000
clean_dxf_export_v1
1000
background
1000
brace
1000
ES-大斜撐_支撐350x350
1000
source_geometry
1000
CDA1F
1071
107
  0
LINE
  5
FF
330
17
100
AcDbEntity
  8
ES-大斜撐_支撐350x350
100
AcDbLine
 10
338238.2870494365
 20
-717548.0821089452
 30
0.0
 11
338238.2870494365
 21
-718043.0568557759
 31
0.0
1001
SUPPORT_DISTRIBUTION_UV
1000
clean_dxf_export_v1
1000
background
1000
brace
1000
ES-大斜撐_支撐350x350
1000
source_geometry
1000
CDA20
1071
108
  0
LINE
  5
100
330
17
100
AcDbEntity
  8
ES-大斜撐_支撐350x350
100
AcDbLine
 10
338238.2870494365
 20
-718043.0568557759
 30
0.0
 11
345040.7749439928
 21
-724845.544750332
 31
0.0
1001
SUPPORT_DISTRIBUTION_UV
1000
clean_dxf_export_v1
1000
background
1000
brace
1000
ES-大斜撐_支撐350x350
1000
source_geometry
1000
CDA20
1071
109
  0
LINE
  5
101
330
17
100
AcDbEntity
  8
ES-大斜撐_支撐350x350
100
AcDbLine
 10
345040.7749439928
 20
-724845.544750332
 30
0.0
 11
345535.7223126343
 21
-724845.5173721429
 31
0.0
1001
SUPPORT_DISTRIBUTION_UV
1000
clean_dxf_export_v1
1000
background
1000
brace
1000
ES-大斜撐_支撐350x350
1000
source_geometry
1000
CDA20
1071
110
  0
LINE
  5
102
330
17
100
AcDbEntity
  8
ES-大斜撐_支撐350x350
100
AcDbLine
 10
345535.7223126343
 20
-724845.5173721429
 30
0.0
 11
338238.2870494365
 21
-717548.0821089452
 31
0.0
1001
SUPPORT_DISTRIBUTION_UV
1000
clean_dxf_export_v1
1000
background
1000
brace
1000
ES-大斜撐_支撐350x350
1000
source_geometry
1000
CDA20
1071
111
  0
LINE
  5
103
330
17
100
AcDbEntity
  8
ES-大斜撐_支撐350x350
100
AcDbLine
 10
338238.2870494365
 20
-715048.0821089452
 30
0.0
 11
338238.2870494365
 21
-715543.0568557759
 31
0.0
1001
SUPPORT_DISTRIBUTION_UV
1000
clean_dxf_export_v1
1000
background
1000
brace
1000
ES-大斜撐_支撐350x350
1000
source_geometry
1000
CDA21
1071
112
  0
LINE
  5
104
330
17
100
AcDbEntity
  8
ES-大斜撐_支撐350x350
100
AcDbLine
 10
338238.2870494365
 20
-715543.0568557759
 30
0.0
 11
347540.7475658035
 21
-724845.5173721428
 31
0.0
1001
SUPPORT_DISTRIBUTION_UV
1000
clean_dxf_export_v1
1000
background
1000
brace
1000
ES-大斜撐_支撐350x350
1000
source_geometry
1000
CDA21
1071
113
  0
LINE
  5
105
330
17
100
AcDbEntity
  8
ES-大斜撐_支撐350x350
100
AcDbLine
 10
347540.7475658035
 20
-724845.5173721428
 30
0.0
 11
348035.9328121484
 21
-724845.5620048733
 31
0.0
1001
SUPPORT_DISTRIBUTION_UV
1000
clean_dxf_export_v1
1000
background
1000
brace
1000
ES-大斜撐_支撐350x350
1000
source_geometry
1000
CDA21
1071
114
  0
LINE
  5
106
330
17
100
AcDbEntity
  8
ES-大斜撐_支撐350x350
100
AcDbLine
 10
348035.9328121484
 20
-724845.5620048733
 30
0.0
 11
338238.2870494365
 21
-715048.0821089452
 31
0.0
1001
SUPPORT_DISTRIBUTION_UV
1000
clean_dxf_export_v1
1000
background
1000
brace
1000
ES-大斜撐_支撐350x350
1000
source_geometry
1000
CDA21
1071
115
  0
LINE
  5
107
330
17
100
AcDbEntity
  8
ES-大斜撐_支撐350x350
100
AcDbLine
 10
338238.2870494365
 20
-705595.5703399852
 30
0.0
 11
340288.3575455124
 21
-703545.6929529198
 31
0.0
1001
SUPPORT_DISTRIBUTION_UV
1000
clean_dxf_export_v1
1000
background
1000
brace
1000
ES-大斜撐_支撐350x350
1000
source_geometry
1000
CF856
1071
116
  0
LINE
  5
108
330
17
100
AcDbEntity
  8
ES-大斜撐_支撐350x350
100
AcDbLine
 10
338238.2870494365
 20
-708095.5703399852
 30
0.0
 11
342788.2609943277
 21
-703545.5963950941
 31
0.0
1001
SUPPORT_DISTRIBUTION_UV
1000
clean_dxf_export_v1
1000
background
1000
brace
1000
ES-大斜撐_支撐350x350
1000
source_geometry
1000
CF857
1071
117
  0
LINE
  5
109
330
17
100
AcDbEntity
  8
ES-大斜撐_支撐350x350
100
AcDbLine
 10
338238.2870494365
 20
-710595.5703399852
 30
0.0
 11
345288.2609943277
 21
-703545.5963950941
 31
0.0
1001
SUPPORT_DISTRIBUTION_UV
1000
clean_dxf_export_v1
1000
background
1000
brace
1000
ES-大斜撐_支撐350x350
1000
source_geometry
1000
CF858
1071
118
  0
LINE
  5
10A
330
17
100
AcDbEntity
  8
ES-大斜撐_支撐350x350
100
AcDbLine
 10
347788.234939219
 20
-703545.6224502028
 30
0.0
 11
338238.2870494365
 21
-713095.5703399852
 31
0.0
1001
SUPPORT_DISTRIBUTION_UV
1000
clean_dxf_export_v1
1000
background
1000
brace
1000
ES-大斜撐_支撐350x350
1000
source_geometry
1000
CF859
1071
119
  0
LINE
  5
10B
330
17
100
AcDbEntity
  8
ES-大斜撐_支撐350x350
100
AcDbLine
 10
338238.2870494365
 20
-705843.0577134005
 30
0.0
 11
338238.2870494365
 21
-705348.0829665698
 31
0.0
1001
SUPPORT_DISTRIBUTION_UV
1000
clean_dxf_export_v1
1000
background
1000
brace
1000
ES-大斜撐_支撐350x350
1000
source_geometry
1000
CF85A
1071
120
  0
LINE
  5
10C
330
17
100
AcDbEntity
  8
ES-大斜撐_支撐350x350
100
AcDbLine
 10
338238.2870494365
 20
-705348.0829665698
 30
0.0
 11
340040.9282760707
 21
-703545.6224502028
 31
0.0
1001
SUPPORT_DISTRIBUTION_UV
1000
clean_dxf_export_v1
1000
background
1000
brace
1000
ES-大斜撐_支撐350x350
1000
source_geometry
1000
CF85A
1071
121
  0
LINE
  5
10D
330
17
100
AcDbEntity
  8
ES-大斜撐_支撐350x350
100
AcDbLine
 10
340040.9282760707
 20
-703545.6224502028
 30
0.0
 11
340535.9264211548
 21
-703545.6224502029
 31
0.0
1001
SUPPORT_DISTRIBUTION_UV
1000
clean_dxf_export_v1
1000
background
1000
brace
1000
ES-大斜撐_支撐350x350
1000
source_geometry
1000
CF85A
1071
122
  0
LINE
  5
10E
330
17
100
AcDbEntity
  8
ES-大斜撐_支撐350x350
100
AcDbLine
 10
340535.9264211548
 20
-703545.6224502029
 30
0.0
 11
338238.2870494365
 21
-705843.0577134005
 31
0.0
1001
SUPPORT_DISTRIBUTION_UV
1000
clean_dxf_export_v1
1000
background
1000
brace
1000
ES-大斜撐_支撐350x350
1000
source_geometry
1000
CF85A
1071
123
  0
LINE
  5
10F
330
17
100
AcDbEntity
  8
ES-大斜撐_支撐350x350
100
AcDbLine
 10
338238.2870494365
 20
-708343.0577134005
 30
0.0
 11
338238.2870494365
 21
-707848.0829665698
 31
0.0
1001
SUPPORT_DISTRIBUTION_UV
1000
clean_dxf_export_v1
1000
background
1000
brace
1000
ES-大斜撐_支撐350x350
1000
source_geometry
1000
CF85B
1071
124
  0
LINE
  5
110
330
17
100
AcDbEntity
  8
ES-大斜撐_支撐350x350
100
AcDbLine
 10
338238.2870494365
 20
-707848.0829665698
 30
0.0
 11
342540.8111956932
 21
-703545.6094738347
 31
0.0
1001
SUPPORT_DISTRIBUTION_UV
1000
clean_dxf_export_v1
1000
background
1000
brace
1000
ES-大斜撐_支撐350x350
1000
source_geometry
1000
CF85B
1071
125
  0
LINE
  5
111
330
17
100
AcDbEntity
  8
ES-大斜撐_支撐350x350
100
AcDbLine
 10
342540.8111956932
 20
-703545.6094738347
 30
0.0
 11
343035.7733669332
 21
-703545.6224502028
 31
0.0
1001
SUPPORT_DISTRIBUTION_UV
1000
clean_dxf_export_v1
1000
background
1000
brace
1000
ES-大斜撐_支撐350x350
1000
source_geometry
1000
CF85B
1071
126
  0
LINE
  5
112
330
17
100
AcDbEntity
  8
ES-大斜撐_支撐350x350
100
AcDbLine
 10
343035.7733669332
 20
-703545.6224502028
 30
0.0
 11
338238.2870494365
 21
-708343.0577134005
 31
0.0
1001
SUPPORT_DISTRIBUTION_UV
1000
clean_dxf_export_v1
1000
background
1000
brace
1000
ES-大斜撐_支撐350x350
1000
source_geometry
1000
CF85B
1071
127
  0
LINE
  5
113
330
17
100
AcDbEntity
  8
ES-大斜撐_支撐350x350
100
AcDbLine
 10
338238.2870494365
 20
-710843.0577134005
 30
0.0
 11
338238.2870494365
 21
-710348.0829665698
 31
0.0
1001
SUPPORT_DISTRIBUTION_UV
1000
clean_dxf_export_v1
1000
background
1000
brace
1000
ES-大斜撐_支撐350x350
1000
source_geometry
1000
CF85C
1071
128
  0
LINE
  5
114
330
17
100
AcDbEntity
  8
ES-大斜撐_支撐350x350
100
AcDbLine
 10
338238.2870494365
 20
-710348.0829665698
 30
0.0
 11
345040.7749439928
 21
-703545.5950720137
 31
0.0
1001
SUPPORT_DISTRIBUTION_UV
1000
clean_dxf_export_v1
1000
background
1000
brace
1000
ES-大斜撐_支撐350x350
1000
source_geometry
1000
CF85C
1071
129
  0
LINE
  5
115
330
17
100
AcDbEntity
  8
ES-大斜撐_支撐350x350
100
AcDbLine
 10
345040.7749439928
 20
-703545.5950720137
 30
0.0
 11
345535.7223126343
 21
-703545.6224502028
 31
0.0
1001
SUPPORT_DISTRIBUTION_UV
1000
clean_dxf_export_v1
1000
background
1000
brace
1000
ES-大斜撐_支撐350x350
1000
source_geometry
1000
CF85C
1071
130
  0
LINE
  5
116
330
17
100
AcDbEntity
  8
ES-大斜撐_支撐350x350
100
AcDbLine
 10
345535.7223126343
 20
-703545.6224502028
 30
0.0
 11
338238.2870494365
 21
-710843.0577134005
 31
0.0
1001
SUPPORT_DISTRIBUTION_UV
1000
clean_dxf_export_v1
1000
background
1000
brace
1000
ES-大斜撐_支撐350x350
1000
source_geometry
1000
CF85C
1071
131
  0
LINE
  5
117
330
17
100
AcDbEntity
  8
ES-大斜撐_支撐350x350
100
AcDbLine
 10
338238.2870494365
 20
-713343.0577134005
 30
0.0
 11
338238.2870494365
 21
-712848.0829665698
 31
0.0
1001
SUPPORT_DISTRIBUTION_UV
1000
clean_dxf_export_v1
1000
background
1000
brace
1000
ES-大斜撐_支撐350x350
1000
source_geometry
1000
CF85D
1071
132
  0
LINE
  5
118
330
17
100
AcDbEntity
  8
ES-大斜撐_支撐350x350
100
AcDbLine
 10
338238.2870494365
 20
-712848.0829665698
 30
0.0
 11
347540.7475658035
 21
-703545.6224502029
 31
0.0
1001
SUPPORT_DISTRIBUTION_UV
1000
clean_dxf_export_v1
1000
background
1000
brace
1000
ES-大斜撐_支撐350x350
1000
source_geometry
1000
CF85D
1071
133
  0
LINE
  5
119
330
17
100
AcDbEntity
  8
ES-大斜撐_支撐350x350
100
AcDbLine
 10
347540.7475658035
 20
-703545.6224502029
 30
0.0
 11
348035.9328121484
 21
-703545.5778174724
 31
0.0
1001
SUPPORT_DISTRIBUTION_UV
1000
clean_dxf_export_v1
1000
background
1000
brace
1000
ES-大斜撐_支撐350x350
1000
source_geometry
1000
CF85D
1071
134
  0
LINE
  5
11A
330
17
100
AcDbEntity
  8
ES-大斜撐_支撐350x350
100
AcDbLine
 10
348035.9328121484
 20
-703545.5778174724
 30
0.0
 11
338238.2870494365
 21
-713343.0577134005
 31
0.0
1001
SUPPORT_DISTRIBUTION_UV
1000
clean_dxf_export_v1
1000
background
1000
brace
1000
ES-大斜撐_支撐350x350
1000
source_geometry
1000
CF85D
1071
135
  0
LINE
  5
11B
330
17
100
AcDbEntity
  8
ES-大斜撐_支撐350x350
100
AcDbLine
 10
433838.2870494365
 20
-722795.5694823605
 30
0.0
 11
431788.2165533606
 21
-724845.4468694259
 31
0.0
1001
SUPPORT_DISTRIBUTION_UV
1000
clean_dxf_export_v1
1000
background
1000
brace
1000
ES-大斜撐_支撐350x350
1000
source_geometry
1000
CF85E
1071
136
  0
LINE
  5
11C
330
17
100
AcDbEntity
  8
ES-大斜撐_支撐350x350
100
AcDbLine
 10
433838.2870494365
 20
-720295.5694823605
 30
0.0
 11
429288.3131045453
 21
-724845.5434272516
 31
0.0
1001
SUPPORT_DISTRIBUTION_UV
1000
clean_dxf_export_v1
1000
background
1000
brace
1000
ES-大斜撐_支撐350x350
1000
source_geometry
1000
CF85F
1071
137
  0
LINE
  5
11D
330
17
100
AcDbEntity
  8
ES-大斜撐_支撐350x350
100
AcDbLine
 10
433838.2870494365
 20
-717795.5694823605
 30
0.0
 11
426788.3131045453
 21
-724845.5434272516
 31
0.0
1001
SUPPORT_DISTRIBUTION_UV
1000
clean_dxf_export_v1
1000
background
1000
brace
1000
ES-大斜撐_支撐350x350
1000
source_geometry
1000
CF860
1071
138
  0
LINE
  5
11E
330
17
100
AcDbEntity
  8
ES-大斜撐_支撐350x350
100
AcDbLine
 10
424288.339159654
 20
-724845.5173721429
 30
0.0
 11
433838.2870494365
 21
-715295.5694823605
 31
0.0
1001
SUPPORT_DISTRIBUTION_UV
1000
clean_dxf_export_v1
1000
background
1000
brace
1000
ES-大斜撐_支撐350x350
1000
source_geometry
1000
CF861
1071
139
  0
LINE
  5
11F
330
17
100
AcDbEntity
  8
ES-大斜撐_支撐350x350
100
AcDbLine
 10
433838.2870494365
 20
-722548.0821089452
 30
0.0
 11
433838.2870494365
 21
-723043.0568557759
 31
0.0
1001
SUPPORT_DISTRIBUTION_UV
1000
clean_dxf_export_v1
1000
background
1000
brace
1000
ES-大斜撐_支撐350x350
1000
source_geometry
1000
CF862
1071
140
  0
LINE
  5
120
330
17
100
AcDbEntity
  8
ES-大斜撐_支撐350x350
100
AcDbLine
 10
433838.2870494365
 20
-723043.0568557759
 30
0.0
 11
432035.6458228022
 21
-724845.5173721429
 31
0.0
1001
SUPPORT_DISTRIBUTION_UV
1000
clean_dxf_export_v1
1000
background
1000
brace
1000
ES-大斜撐_支撐350x350
1000
source_geometry
1000
CF862
1071
141
  0
LINE
  5
121
330
17
100
AcDbEntity
  8
ES-大斜撐_支撐350x350
100
AcDbLine
 10
432035.6458228022
 20
-724845.5173721429
 30
0.0
 11
431540.6476777181
 21
-724845.5173721428
 31
0.0
1001
SUPPORT_DISTRIBUTION_UV
1000
clean_dxf_export_v1
1000
background
1000
brace
1000
ES-大斜撐_支撐350x350
1000
source_geometry
1000
CF862
1071
142
  0
LINE
  5
122
330
17
100
AcDbEntity
  8
ES-大斜撐_支撐350x350
100
AcDbLine
 10
431540.6476777181
 20
-724845.5173721428
 30
0.0
 11
433838.2870494365
 21
-722548.0821089452
 31
0.0
1001
SUPPORT_DISTRIBUTION_UV
1000
clean_dxf_export_v1
1000
background
1000
brace
1000
ES-大斜撐_支撐350x350
1000
source_geometry
1000
CF862
1071
143
  0
LINE
  5
123
330
17
100
AcDbEntity
  8
ES-大斜撐_支撐350x350
100
AcDbLine
 10
433838.2870494365
 20
-720048.0821089452
 30
0.0
 11
433838.2870494365
 21
-720543.0568557759
 31
0.0
1001
SUPPORT_DISTRIBUTION_UV
1000
clean_dxf_export_v1
1000
background
1000
brace
1000
ES-大斜撐_支撐350x350
1000
source_geometry
1000
CF863
1071
144
  0
LINE
  5
124
330
17
100
AcDbEntity
  8
ES-大斜撐_支撐350x350
100
AcDbLine
 10
433838.2870494365
 20
-720543.0568557759
 30
0.0
 11
429535.7629031798
 21
-724845.530348511
 31
0.0
1001
SUPPORT_DISTRIBUTION_UV
1000
clean_dxf_export_v1
1000
background
1000
brace
1000
ES-大斜撐_支撐350x350
1000
source_geometry
1000
CF863
1071
145
  0
LINE
  5
125
330
17
100
AcDbEntity
  8
ES-大斜撐_支撐350x350
100
AcDbLine
 10
429535.7629031798
 20
-724845.530348511
 30
0.0
 11
429040.8007319397
 21
-724845.5173721429
 31
0.0
1001
SUPPORT_DISTRIBUTION_UV
1000
clean_dxf_export_v1
1000
background
1000
brace
1000
ES-大斜撐_支撐350x350
1000
source_geometry
1000
CF863
1071
146
  0
LINE
  5
126
330
17
100
AcDbEntity
  8
ES-大斜撐_支撐350x350
100
AcDbLine
 10
429040.8007319397
 20
-724845.5173721429
 30
0.0
 11
433838.2870494365
 21
-720048.0821089452
 31
0.0
1001
SUPPORT_DISTRIBUTION_UV
1000
clean_dxf_export_v1
1000
background
1000
brace
1000
ES-大斜撐_支撐350x350
1000
source_geometry
1000
CF863
1071
147
  0
LINE
  5
127
330
17
100
AcDbEntity
  8
ES-大斜撐_支撐350x350
100
AcDbLine
 10
433838.2870494365
 20
-717548.0821089452
 30
0.0
 11
433838.2870494365
 21
-718043.0568557759
 31
0.0
1001
SUPPORT_DISTRIBUTION_UV
1000
clean_dxf_export_v1
1000
background
1000
brace
1000
ES-大斜撐_支撐350x350
1000
source_geometry
1000
CF864
1071
148
  0
LINE
  5
128
330
17
100
AcDbEntity
  8
ES-大斜撐_支撐350x350
100
AcDbLine
 10
433838.2870494365
 20
-718043.0568557759
 30
0.0
 11
427035.7991548802
 21
-724845.544750332
 31
0.0
1001
SUPPORT_DISTRIBUTION_UV
1000
clean_dxf_export_v1
1000
background
1000
brace
1000
ES-大斜撐_支撐350x350
1000
source_geometry
1000
CF864
1071
149
  0
LINE
  5
129
330
17
100
AcDbEntity
  8
ES-大斜撐_支撐350x350
100
AcDbLine
 10
427035.7991548802
 20
-724845.544750332
 30
0.0
 11
426540.8517862387
 21
-724845.5173721429
 31
0.0
1001
SUPPORT_DISTRIBUTION_UV
1000
clean_dxf_export_v1
1000
background
1000
brace
1000
ES-大斜撐_支撐350x350
1000
source_geometry
1000
CF864
1071
150
  0
LINE
  5
12A
330
17
100
AcDbEntity
  8
ES-大斜撐_支撐350x350
100
AcDbLine
 10
426540.8517862387
 20
-724845.5173721429
 30
0.0
 11
433838.2870494365
 21
-717548.0821089452
 31
0.0
1001
SUPPORT_DISTRIBUTION_UV
1000
clean_dxf_export_v1
1000
background
1000
brace
1000
ES-大斜撐_支撐350x350
1000
source_geometry
1000
CF864
1071
151
  0
LINE
  5
12B
330
17
100
AcDbEntity
  8
ES-大斜撐_支撐350x350
100
AcDbLine
 10
433838.2870494365
 20
-715048.0821089452
 30
0.0
 11
433838.2870494365
 21
-715543.0568557759
 31
0.0
1001
SUPPORT_DISTRIBUTION_UV
1000
clean_dxf_export_v1
1000
background
1000
brace
1000
ES-大斜撐_支撐350x350
1000
source_geometry
1000
CF865
1071
152
  0
LINE
  5
12C
330
17
100
AcDbEntity
  8
ES-大斜撐_支撐350x350
100
AcDbLine
 10
433838.2870494365
 20
-715543.0568557759
 30
0.0
 11
424535.8265330694
 21
-724845.5173721428
 31
0.0
1001
SUPPORT_DISTRIBUTION_UV
1000
clean_dxf_export_v1
1000
background
1000
brace
1000
ES-大斜撐_支撐350x350
1000
source_geometry
1000
CF865
1071
153
  0
LINE
  5
12D
330
17
100
AcDbEntity
  8
ES-大斜撐_支撐350x350
100
AcDbLine
 10
424535.8265330694
 20
-724845.5173721428
 30
0.0
 11
424040.6412867247
 21
-724845.5620048733
 31
0.0
1001
SUPPORT_DISTRIBUTION_UV
1000
clean_dxf_export_v1
1000
background
1000
brace
1000
ES-大斜撐_支撐350x350
1000
source_geometry
1000
CF865
1071
154
  0
LINE
  5
12E
330
17
100
AcDbEntity
  8
ES-大斜撐_支撐350x350
100
AcDbLine
 10
424040.6412867247
 20
-724845.5620048733
 30
0.0
 11
433838.2870494365
 21
-715048.0821089452
 31
0.0
1001
SUPPORT_DISTRIBUTION_UV
1000
clean_dxf_export_v1
1000
background
1000
brace
1000
ES-大斜撐_支撐350x350
1000
source_geometry
1000
CF865
1071
155
  0
LINE
  5
12F
330
17
100
AcDbEntity
  8
ES-大斜撐_支撐350x350
100
AcDbLine
 10
433838.2870494365
 20
-705595.5703399852
 30
0.0
 11
431788.2165533606
 21
-703545.6929529198
 31
0.0
1001
SUPPORT_DISTRIBUTION_UV
1000
clean_dxf_export_v1
1000
background
1000
brace
1000
ES-大斜撐_支撐350x350
1000
source_geometry
1000
CF866
1071
156
  0
LINE
  5
130
330
17
100
AcDbEntity
  8
ES-大斜撐_支撐350x350
100
AcDbLine
 10
433838.2870494365
 20
-708095.5703399852
 30
0.0
 11
429288.3131045453
 21
-703545.5963950941
 31
0.0
1001
SUPPORT_DISTRIBUTION_UV
1000
clean_dxf_export_v1
1000
background
1000
brace
1000
ES-大斜撐_支撐350x350
1000
source_geometry
1000
CF867
1071
157
  0
LINE
  5
131
330
17
100
AcDbEntity
  8
ES-大斜撐_支撐350x350
100
AcDbLine
 10
433838.2870494365
 20
-710595.5703399852
 30
0.0
 11
426788.3131045453
 21
-703545.5963950941
 31
0.0
1001
SUPPORT_DISTRIBUTION_UV
1000
clean_dxf_export_v1
1000
background
1000
brace
1000
ES-大斜撐_支撐350x350
1000
source_geometry
1000
CF868
1071
158
  0
LINE
  5
132
330
17
100
AcDbEntity
  8
ES-大斜撐_支撐350x350
100
AcDbLine
 10
424288.339159654
 20
-703545.6224502028
 30
0.0
 11
433838.2870494365
 21
-713095.5703399852
 31
0.0
1001
SUPPORT_DISTRIBUTION_UV
1000
clean_dxf_export_v1
1000
background
1000
brace
1000
ES-大斜撐_支撐350x350
1000
source_geometry
1000
CF869
1071
159
  0
LINE
  5
133
330
17
100
AcDbEntity
  8
ES-大斜撐_支撐350x350
100
AcDbLine
 10
433838.2870494365
 20
-705843.0577134005
 30
0.0
 11
433838.2870494365
 21
-705348.0829665698
 31
0.0
1001
SUPPORT_DISTRIBUTION_UV
1000
clean_dxf_export_v1
1000
background
1000
brace
1000
ES-大斜撐_支撐350x350
1000
source_geometry
1000
CF86A
1071
160
  0
LINE
  5
134
330
17
100
AcDbEntity
  8
ES-大斜撐_支撐350x350
100
AcDbLine
 10
433838.2870494365
 20
-705348.0829665698
 30
0.0
 11
432035.6458228022
 21
-703545.6224502028
 31
0.0
1001
SUPPORT_DISTRIBUTION_UV
1000
clean_dxf_export_v1
1000
background
1000
brace
1000
ES-大斜撐_支撐350x350
1000
source_geometry
1000
CF86A
1071
161
  0
LINE
  5
135
330
17
100
AcDbEntity
  8
ES-大斜撐_支撐350x350
100
AcDbLine
 10
432035.6458228022
 20
-703545.6224502028
 30
0.0
 11
431540.6476777181
 21
-703545.6224502029
 31
0.0
1001
SUPPORT_DISTRIBUTION_UV
1000
clean_dxf_export_v1
1000
background
1000
brace
1000
ES-大斜撐_支撐350x350
1000
source_geometry
1000
CF86A
1071
162
  0
LINE
  5
136
330
17
100
AcDbEntity
  8
ES-大斜撐_支撐350x350
100
AcDbLine
 10
431540.6476777181
 20
-703545.6224502029
 30
0.0
 11
433838.2870494365
 21
-705843.0577134005
 31
0.0
1001
SUPPORT_DISTRIBUTION_UV
1000
clean_dxf_export_v1
1000
background
1000
brace
1000
ES-大斜撐_支撐350x350
1000
source_geometry
1000
CF86A
1071
163
  0
LINE
  5
137
330
17
100
AcDbEntity
  8
ES-大斜撐_支撐350x350
100
AcDbLine
 10
433838.2870494365
 20
-708343.0577134005
 30
0.0
 11
433838.2870494365
 21
-707848.0829665698
 31
0.0
1001
SUPPORT_DISTRIBUTION_UV
1000
clean_dxf_export_v1
1000
background
1000
brace
1000
ES-大斜撐_支撐350x350
1000
source_geometry
1000
CF86B
1071
164
  0
LINE
  5
138
330
17
100
AcDbEntity
  8
ES-大斜撐_支撐350x350
100
AcDbLine
 10
433838.2870494365
 20
-707848.0829665698
 30
0.0
 11
429535.7629031798
 21
-703545.6094738347
 31
0.0
1001
SUPPORT_DISTRIBUTION_UV
1000
clean_dxf_export_v1
1000
background
1000
brace
1000
ES-大斜撐_支撐350x350
1000
source_geometry
1000
CF86B
1071
165
  0
LINE
  5
139
330
17
100
AcDbEntity
  8
ES-大斜撐_支撐350x350
100
AcDbLine
 10
429535.7629031798
 20
-703545.6094738347
 30
0.0
 11
429040.8007319397
 21
-703545.6224502028
 31
0.0
1001
SUPPORT_DISTRIBUTION_UV
1000
clean_dxf_export_v1
1000
background
1000
brace
1000
ES-大斜撐_支撐350x350
1000
source_geometry
1000
CF86B
1071
166
  0
LINE
  5
13A
330
17
100
AcDbEntity
  8
ES-大斜撐_支撐350x350
100
AcDbLine
 10
429040.8007319397
 20
-703545.6224502028
 30
0.0
 11
433838.2870494365
 21
-708343.0577134005
 31
0.0
1001
SUPPORT_DISTRIBUTION_UV
1000
clean_dxf_export_v1
1000
background
1000
brace
1000
ES-大斜撐_支撐350x350
1000
source_geometry
1000
CF86B
1071
167
  0
LINE
  5
13B
330
17
100
AcDbEntity
  8
ES-大斜撐_支撐350x350
100
AcDbLine
 10
433838.2870494365
 20
-710843.0577134005
 30
0.0
 11
433838.2870494365
 21
-710348.0829665698
 31
0.0
1001
SUPPORT_DISTRIBUTION_UV
1000
clean_dxf_export_v1
1000
background
1000
brace
1000
ES-大斜撐_支撐350x350
1000
source_geometry
1000
CF86C
1071
168
  0
LINE
  5
13C
330
17
100
AcDbEntity
  8
ES-大斜撐_支撐350x350
100
AcDbLine
 10
433838.2870494365
 20
-710348.0829665698
 30
0.0
 11
427035.7991548802
 21
-703545.5950720137
 31
0.0
1001
SUPPORT_DISTRIBUTION_UV
1000
clean_dxf_export_v1
1000
background
1000
brace
1000
ES-大斜撐_支撐350x350
1000
source_geometry
1000
CF86C
1071
169
  0
LINE
  5
13D
330
17
100
AcDbEntity
  8
ES-大斜撐_支撐350x350
100
AcDbLine
 10
427035.7991548802
 20
-703545.5950720137
 30
0.0
 11
426540.8517862387
 21
-703545.6224502028
 31
0.0
1001
SUPPORT_DISTRIBUTION_UV
1000
clean_dxf_export_v1
1000
background
1000
brace
1000
ES-大斜撐_支撐350x350
1000
source_geometry
1000
CF86C
1071
170
  0
LINE
  5
13E
330
17
100
AcDbEntity
  8
ES-大斜撐_支撐350x350
100
AcDbLine
 10
426540.8517862387
 20
-703545.6224502028
 30
0.0
 11
433838.2870494365
 21
-710843.0577134005
 31
0.0
1001
SUPPORT_DISTRIBUTION_UV
1000
clean_dxf_export_v1
1000
background
1000
brace
1000
ES-大斜撐_支撐350x350
1000
source_geometry
1000
CF86C
1071
171
  0
LINE
  5
13F
330
17
100
AcDbEntity
  8
ES-大斜撐_支撐350x350
100
AcDbLine
 10
433838.2870494365
 20
-713343.0577134005
 30
0.0
 11
433838.2870494365
 21
-712848.0829665698
 31
0.0
1001
SUPPORT_DISTRIBUTION_UV
1000
clean_dxf_export_v1
1000
background
1000
brace
1000
ES-大斜撐_支撐350x350
1000
source_geometry
1000
CF86D
1071
172
  0
LINE
  5
140
330
17
100
AcDbEntity
  8
ES-大斜撐_支撐350x350
100
AcDbLine
 10
433838.2870494365
 20
-712848.0829665698
 30
0.0
 11
424535.8265330694
 21
-703545.6224502029
 31
0.0
1001
SUPPORT_DISTRIBUTION_UV
1000
clean_dxf_export_v1
1000
background
1000
brace
1000
ES-大斜撐_支撐350x350
1000
source_geometry
1000
CF86D
1071
173
  0
LINE
  5
141
330
17
100
AcDbEntity
  8
ES-大斜撐_支撐350x350
100
AcDbLine
 10
424535.8265330694
 20
-703545.6224502029
 30
0.0
 11
424040.6412867247
 21
-703545.5778174724
 31
0.0
1001
SUPPORT_DISTRIBUTION_UV
1000
clean_dxf_export_v1
1000
background
1000
brace
1000
ES-大斜撐_支撐350x350
1000
source_geometry
1000
CF86D
1071
174
  0
LINE
  5
142
330
17
100
AcDbEntity
  8
ES-大斜撐_支撐350x350
100
AcDbLine
 10
424040.6412867247
 20
-703545.5778174724
 30
0.0
 11
433838.2870494365
 21
-713343.0577134005
 31
0.0
1001
SUPPORT_DISTRIBUTION_UV
1000
clean_dxf_export_v1
1000
background
1000
brace
1000
ES-大斜撐_支撐350x350
1000
source_geometry
1000
CF86D
1071
175
  0
LINE
  5
143
330
17
100
AcDbEntity
  8
ES-中間樁NO
100
AcDbLine
 10
385585.7870494365
 20
-717324.5694823605
 30
0.0
 11
385757.2870494365
 21
-717324.5694823605
 31
0.0
1001
SUPPORT_DISTRIBUTION_UV
1000
clean_dxf_export_v1
1000
background
1000
column
1000
ES-中間樁NO
1000
source_geometry
1000
DC594
1071
176
  0
LINE
  5
144
330
17
100
AcDbEntity
  8
ES-中間樁NO
100
AcDbLine
 10
385757.2870494365
 20
-717324.5694823605
 30
0.0
 11
385779.2870494365
 21
-717302.5694823605
 31
0.0
1001
SUPPORT_DISTRIBUTION_UV
1000
clean_dxf_export_v1
1000
background
1000
column
1000
ES-中間樁NO
1000
source_geometry
1000
DC594
1071
177
  0
LINE
  5
145
330
17
100
AcDbEntity
  8
ES-中間樁NO
100
AcDbLine
 10
385779.2870494365
 20
-717302.5694823605
 30
0.0
 11
385779.2870494365
 21
-716988.5694823605
 31
0.0
1001
SUPPORT_DISTRIBUTION_UV
1000
clean_dxf_export_v1
1000
background
1000
column
1000
ES-中間樁NO
1000
source_geometry
1000
DC594
1071
178
  0
LINE
  5
146
330
17
100
AcDbEntity
  8
ES-中間樁NO
100
AcDbLine
 10
385779.2870494365
 20
-716988.5694823605
 30
0.0
 11
385757.2870494365
 21
-716966.5694823605
 31
0.0
1001
SUPPORT_DISTRIBUTION_UV
1000
clean_dxf_export_v1
1000
background
1000
column
1000
ES-中間樁NO
1000
source_geometry
1000
DC594
1071
179
  0
LINE
  5
147
330
17
100
AcDbEntity
  8
ES-中間樁NO
100
AcDbLine
 10
385757.2870494365
 20
-716966.5694823605
 30
0.0
 11
385585.7870494365
 21
-716966.5694823605
 31
0.0
1001
SUPPORT_DISTRIBUTION_UV
1000
clean_dxf_export_v1
1000
background
1000
column
1000
ES-中間樁NO
1000
source_geometry
1000
DC594
1071
180
  0
LINE
  5
148
330
17
100
AcDbEntity
  8
ES-中間樁NO
100
AcDbLine
 10
385585.7870494365
 20
-716966.5694823605
 30
0.0
 11
385585.7870494365
 21
-716938.5694823605
 31
0.0
1001
SUPPORT_DISTRIBUTION_UV
1000
clean_dxf_export_v1
1000
background
1000
column
1000
ES-中間樁NO
1000
source_geometry
1000
DC594
1071
181
  0
LINE
  5
149
330
17
100
AcDbEntity
  8
ES-中間樁NO
100
AcDbLine
 10
385585.7870494365
 20
-716938.5694823605
 30
0.0
 11
385990.7870494365
 21
-716938.5694823605
 31
0.0
1001
SUPPORT_DISTRIBUTION_UV
1000
clean_dxf_export_v1
1000
background
1000
column
1000
ES-中間樁NO
1000
source_geometry
1000
DC594
1071
182
  0
LINE
  5
14A
330
17
100
AcDbEntity
  8
ES-中間樁NO
100
AcDbLine
 10
385990.7870494365
 20
-716938.5694823605
 30
0.0
 11
385990.7870494365
 21
-716966.5694823605
 31
0.0
1001
SUPPORT_DISTRIBUTION_UV
1000
clean_dxf_export_v1
1000
background
1000
column
1000
ES-中間樁NO
1000
source_geometry
1000
DC594
1071
183
  0
LINE
  5
14B
330
17
100
AcDbEntity
  8
ES-中間樁NO
100
AcDbLine
 10
385990.7870494365
 20
-716966.5694823605
 30
0.0
 11
385819.2870494365
 21
-716966.5694823605
 31
0.0
1001
SUPPORT_DISTRIBUTION_UV
1000
clean_dxf_export_v1
1000
background
1000
column
1000
ES-中間樁NO
1000
source_geometry
1000
DC594
1071
184
  0
LINE
  5
14C
330
17
100
AcDbEntity
  8
ES-中間樁NO
100
AcDbLine
 10
385819.2870494365
 20
-716966.5694823605
 30
0.0
 11
385797.2870494365
 21
-716988.5694823605
 31
0.0
1001
SUPPORT_DISTRIBUTION_UV
1000
clean_dxf_export_v1
1000
background
1000
column
1000
ES-中間樁NO
1000
source_geometry
1000
DC594
1071
185
  0
LINE
  5
14D
330
17
100
AcDbEntity
  8
ES-中間樁NO
100
AcDbLine
 10
385797.2870494365
 20
-716988.5694823605
 30
0.0
 11
385797.2870494365
 21
-717302.5694823605
 31
0.0
1001
SUPPORT_DISTRIBUTION_UV
1000
clean_dxf_export_v1
1000
background
1000
column
1000
ES-中間樁NO
1000
source_geometry
1000
DC594
1071
186
  0
LINE
  5
14E
330
17
100
AcDbEntity
  8
ES-中間樁NO
100
AcDbLine
 10
385797.2870494365
 20
-717302.5694823605
 30
0.0
 11
385819.2870494365
 21
-717324.5694823605
 31
0.0
1001
SUPPORT_DISTRIBUTION_UV
1000
clean_dxf_export_v1
1000
background
1000
column
1000
ES-中間樁NO
1000
source_geometry
1000
DC594
1071
187
  0
LINE
  5
14F
330
17
100
AcDbEntity
  8
ES-中間樁NO
100
AcDbLine
 10
385819.2870494365
 20
-717324.5694823605
 30
0.0
 11
385990.7870494365
 21
-717324.5694823605
 31
0.0
1001
SUPPORT_DISTRIBUTION_UV
1000
clean_dxf_export_v1
1000
background
1000
column
1000
ES-中間樁NO
1000
source_geometry
1000
DC594
1071
188
  0
LINE
  5
150
330
17
100
AcDbEntity
  8
ES-中間樁NO
100
AcDbLine
 10
385990.7870494365
 20
-717324.5694823605
 30
0.0
 11
385990.7870494365
 21
-717352.5694823605
 31
0.0
1001
SUPPORT_DISTRIBUTION_UV
1000
clean_dxf_export_v1
1000
background
1000
column
1000
ES-中間樁NO
1000
source_geometry
1000
DC594
1071
189
  0
LINE
  5
151
330
17
100
AcDbEntity
  8
ES-中間樁NO
100
AcDbLine
 10
385990.7870494365
 20
-717352.5694823605
 30
0.0
 11
385585.7870494365
 21
-717352.5694823605
 31
0.0
1001
SUPPORT_DISTRIBUTION_UV
1000
clean_dxf_export_v1
1000
background
1000
column
1000
ES-中間樁NO
1000
source_geometry
1000
DC594
1071
190
  0
LINE
  5
152
330
17
100
AcDbEntity
  8
ES-中間樁NO
100
AcDbLine
 10
385585.7870494365
 20
-717352.5694823605
 30
0.0
 11
385585.7870494365
 21
-717324.5694823605
 31
0.0
1001
SUPPORT_DISTRIBUTION_UV
1000
clean_dxf_export_v1
1000
background
1000
column
1000
ES-中間樁NO
1000
source_geometry
1000
DC594
1071
191
  0
LINE
  5
153
330
17
100
AcDbEntity
  8
ES-中間樁NO
100
AcDbLine
 10
421085.7870494364
 20
-716474.5694823605
 30
0.0
 11
421257.2870494364
 21
-716474.5694823605
 31
0.0
1001
SUPPORT_DISTRIBUTION_UV
1000
clean_dxf_export_v1
1000
background
1000
column
1000
ES-中間樁NO
1000
source_geometry
1000
DC595
1071
192
  0
LINE
  5
154
330
17
100
AcDbEntity
  8
ES-中間樁NO
100
AcDbLine
 10
421257.2870494364
 20
-716474.5694823605
 30
0.0
 11
421279.2870494364
 21
-716452.5694823605
 31
0.0
1001
SUPPORT_DISTRIBUTION_UV
1000
clean_dxf_export_v1
1000
background
1000
column
1000
ES-中間樁NO
1000
source_geometry
1000
DC595
1071
193
  0
LINE
  5
155
330
17
100
AcDbEntity
  8
ES-中間樁NO
100
AcDbLine
 10
421279.2870494364
 20
-716452.5694823605
 30
0.0
 11
421279.2870494364
 21
-716138.5694823605
 31
0.0
1001
SUPPORT_DISTRIBUTION_UV
1000
clean_dxf_export_v1
1000
background
1000
column
1000
ES-中間樁NO
1000
source_geometry
1000
DC595
1071
194
  0
LINE
  5
156
330
17
100
AcDbEntity
  8
ES-中間樁NO
100
AcDbLine
 10
421279.2870494364
 20
-716138.5694823605
 30
0.0
 11
421257.2870494364
 21
-716116.5694823605
 31
0.0
1001
SUPPORT_DISTRIBUTION_UV
1000
clean_dxf_export_v1
1000
background
1000
column
1000
ES-中間樁NO
1000
source_geometry
1000
DC595
1071
195
  0
LINE
  5
157
330
17
100
AcDbEntity
  8
ES-中間樁NO
100
AcDbLine
 10
421257.2870494364
 20
-716116.5694823605
 30
0.0
 11
421085.7870494364
 21
-716116.5694823605
 31
0.0
1001
SUPPORT_DISTRIBUTION_UV
1000
clean_dxf_export_v1
1000
background
1000
column
1000
ES-中間樁NO
1000
source_geometry
1000
DC595
1071
196
  0
LINE
  5
158
330
17
100
AcDbEntity
  8
ES-中間樁NO
100
AcDbLine
 10
421085.7870494364
 20
-716116.5694823605
 30
0.0
 11
421085.7870494364
 21
-716088.5694823605
 31
0.0
1001
SUPPORT_DISTRIBUTION_UV
1000
clean_dxf_export_v1
1000
background
1000
column
1000
ES-中間樁NO
1000
source_geometry
1000
DC595
1071
197
  0
LINE
  5
159
330
17
100
AcDbEntity
  8
ES-中間樁NO
100
AcDbLine
 10
421085.7870494364
 20
-716088.5694823605
 30
0.0
 11
421490.7870494364
 21
-716088.5694823605
 31
0.0
1001
SUPPORT_DISTRIBUTION_UV
1000
clean_dxf_export_v1
1000
background
1000
column
1000
ES-中間樁NO
1000
source_geometry
1000
DC595
1071
198
  0
LINE
  5
15A
330
17
100
AcDbEntity
  8
ES-中間樁NO
100
AcDbLine
 10
421490.7870494364
 20
-716088.5694823605
 30
0.0
 11
421490.7870494364
 21
-716116.5694823605
 31
0.0
1001
SUPPORT_DISTRIBUTION_UV
1000
clean_dxf_export_v1
1000
background
1000
column
1000
ES-中間樁NO
1000
source_geometry
1000
DC595
1071
199
  0
LINE
  5
15B
330
17
100
AcDbEntity
  8
ES-中間樁NO
100
AcDbLine
 10
421490.7870494364
 20
-716116.5694823605
 30
0.0
 11
421319.2870494364
 21
-716116.5694823605
 31
0.0
1001
SUPPORT_DISTRIBUTION_UV
1000
clean_dxf_export_v1
1000
background
1000
column
1000
ES-中間樁NO
1000
source_geometry
1000
DC595
1071
200
  0
LINE
  5
15C
330
17
100
AcDbEntity
  8
ES-中間樁NO
100
AcDbLine
 10
421319.2870494364
 20
-716116.5694823605
 30
0.0
 11
421297.2870494364
 21
-716138.5694823605
 31
0.0
1001
SUPPORT_DISTRIBUTION_UV
1000
clean_dxf_export_v1
1000
background
1000
column
1000
ES-中間樁NO
1000
source_geometry
1000
DC595
1071
201
  0
LINE
  5
15D
330
17
100
AcDbEntity
  8
ES-中間樁NO
100
AcDbLine
 10
421297.2870494364
 20
-716138.5694823605
 30
0.0
 11
421297.2870494364
 21
-716452.5694823605
 31
0.0
1001
SUPPORT_DISTRIBUTION_UV
1000
clean_dxf_export_v1
1000
background
1000
column
1000
ES-中間樁NO
1000
source_geometry
1000
DC595
1071
202
  0
LINE
  5
15E
330
17
100
AcDbEntity
  8
ES-中間樁NO
100
AcDbLine
 10
421297.2870494364
 20
-716452.5694823605
 30
0.0
 11
421319.2870494364
 21
-716474.5694823605
 31
0.0
1001
SUPPORT_DISTRIBUTION_UV
1000
clean_dxf_export_v1
1000
background
1000
column
1000
ES-中間樁NO
1000
source_geometry
1000
DC595
1071
203
  0
LINE
  5
15F
330
17
100
AcDbEntity
  8
ES-中間樁NO
100
AcDbLine
 10
421319.2870494364
 20
-716474.5694823605
 30
0.0
 11
421490.7870494364
 21
-716474.5694823605
 31
0.0
1001
SUPPORT_DISTRIBUTION_UV
1000
clean_dxf_export_v1
1000
background
1000
column
1000
ES-中間樁NO
1000
source_geometry
1000
DC595
1071
204
  0
LINE
  5
160
330
17
100
AcDbEntity
  8
ES-中間樁NO
100
AcDbLine
 10
421490.7870494364
 20
-716474.5694823605
 30
0.0
 11
421490.7870494364
 21
-716502.5694823605
 31
0.0
1001
SUPPORT_DISTRIBUTION_UV
1000
clean_dxf_export_v1
1000
background
1000
column
1000
ES-中間樁NO
1000
source_geometry
1000
DC595
1071
205
  0
LINE
  5
161
330
17
100
AcDbEntity
  8
ES-中間樁NO
100
AcDbLine
 10
421490.7870494364
 20
-716502.5694823605
 30
0.0
 11
421085.7870494364
 21
-716502.5694823605
 31
0.0
1001
SUPPORT_DISTRIBUTION_UV
1000
clean_dxf_export_v1
1000
background
1000
column
1000
ES-中間樁NO
1000
source_geometry
1000
DC595
1071
206
  0
LINE
  5
162
330
17
100
AcDbEntity
  8
ES-中間樁NO
100
AcDbLine
 10
421085.7870494364
 20
-716502.5694823605
 30
0.0
 11
421085.7870494364
 21
-716474.5694823605
 31
0.0
1001
SUPPORT_DISTRIBUTION_UV
1000
clean_dxf_export_v1
1000
background
1000
column
1000
ES-中間樁NO
1000
source_geometry
1000
DC595
1071
207
  0
LINE
  5
163
330
17
100
AcDbEntity
  8
ES-中間樁NO
100
AcDbLine
 10
350585.7870494365
 20
-716474.5694823605
 30
0.0
 11
350757.2870494365
 21
-716474.5694823605
 31
0.0
1001
SUPPORT_DISTRIBUTION_UV
1000
clean_dxf_export_v1
1000
background
1000
column
1000
ES-中間樁NO
1000
source_geometry
1000
DC596
1071
208
  0
LINE
  5
164
330
17
100
AcDbEntity
  8
ES-中間樁NO
100
AcDbLine
 10
350757.2870494365
 20
-716474.5694823605
 30
0.0
 11
350779.2870494365
 21
-716452.5694823605
 31
0.0
1001
SUPPORT_DISTRIBUTION_UV
1000
clean_dxf_export_v1
1000
background
1000
column
1000
ES-中間樁NO
1000
source_geometry
1000
DC596
1071
209
  0
LINE
  5
165
330
17
100
AcDbEntity
  8
ES-中間樁NO
100
AcDbLine
 10
350779.2870494365
 20
-716452.5694823605
 30
0.0
 11
350779.2870494365
 21
-716138.5694823605
 31
0.0
1001
SUPPORT_DISTRIBUTION_UV
1000
clean_dxf_export_v1
1000
background
1000
column
1000
ES-中間樁NO
1000
source_geometry
1000
DC596
1071
210
  0
LINE
  5
166
330
17
100
AcDbEntity
  8
ES-中間樁NO
100
AcDbLine
 10
350779.2870494365
 20
-716138.5694823605
 30
0.0
 11
350757.2870494365
 21
-716116.5694823605
 31
0.0
1001
SUPPORT_DISTRIBUTION_UV
1000
clean_dxf_export_v1
1000
background
1000
column
1000
ES-中間樁NO
1000
source_geometry
1000
DC596
1071
211
  0
LINE
  5
167
330
17
100
AcDbEntity
  8
ES-中間樁NO
100
AcDbLine
 10
350757.2870494365
 20
-716116.5694823605
 30
0.0
 11
350585.7870494365
 21
-716116.5694823605
 31
0.0
1001
SUPPORT_DISTRIBUTION_UV
1000
clean_dxf_export_v1
1000
background
1000
column
1000
ES-中間樁NO
1000
source_geometry
1000
DC596
1071
212
  0
LINE
  5
168
330
17
100
AcDbEntity
  8
ES-中間樁NO
100
AcDbLine
 10
350585.7870494365
 20
-716116.5694823605
 30
0.0
 11
350585.7870494365
 21
-716088.5694823605
 31
0.0
1001
SUPPORT_DISTRIBUTION_UV
1000
clean_dxf_export_v1
1000
background
1000
column
1000
ES-中間樁NO
1000
source_geometry
1000
DC596
1071
213
  0
LINE
  5
169
330
17
100
AcDbEntity
  8
ES-中間樁NO
100
AcDbLine
 10
350585.7870494365
 20
-716088.5694823605
 30
0.0
 11
350990.7870494365
 21
-716088.5694823605
 31
0.0
1001
SUPPORT_DISTRIBUTION_UV
1000
clean_dxf_export_v1
1000
background
1000
column
1000
ES-中間樁NO
1000
source_geometry
1000
DC596
1071
214
  0
LINE
  5
16A
330
17
100
AcDbEntity
  8
ES-中間樁NO
100
AcDbLine
 10
350990.7870494365
 20
-716088.5694823605
 30
0.0
 11
350990.7870494365
 21
-716116.5694823605
 31
0.0
1001
SUPPORT_DISTRIBUTION_UV
1000
clean_dxf_export_v1
1000
background
1000
column
1000
ES-中間樁NO
1000
source_geometry
1000
DC596
1071
215
  0
LINE
  5
16B
330
17
100
AcDbEntity
  8
ES-中間樁NO
100
AcDbLine
 10
350990.7870494365
 20
-716116.5694823605
 30
0.0
 11
350819.2870494365
 21
-716116.5694823605
 31
0.0
1001
SUPPORT_DISTRIBUTION_UV
1000
clean_dxf_export_v1
1000
background
1000
column
1000
ES-中間樁NO
1000
source_geometry
1000
DC596
1071
216
  0
LINE
  5
16C
330
17
100
AcDbEntity
  8
ES-中間樁NO
100
AcDbLine
 10
350819.2870494365
 20
-716116.5694823605
 30
0.0
 11
350797.2870494365
 21
-716138.5694823605
 31
0.0
1001
SUPPORT_DISTRIBUTION_UV
1000
clean_dxf_export_v1
1000
background
1000
column
1000
ES-中間樁NO
1000
source_geometry
1000
DC596
1071
217
  0
LINE
  5
16D
330
17
100
AcDbEntity
  8
ES-中間樁NO
100
AcDbLine
 10
350797.2870494365
 20
-716138.5694823605
 30
0.0
 11
350797.2870494365
 21
-716452.5694823605
 31
0.0
1001
SUPPORT_DISTRIBUTION_UV
1000
clean_dxf_export_v1
1000
background
1000
column
1000
ES-中間樁NO
1000
source_geometry
1000
DC596
1071
218
  0
LINE
  5
16E
330
17
100
AcDbEntity
  8
ES-中間樁NO
100
AcDbLine
 10
350797.2870494365
 20
-716452.5694823605
 30
0.0
 11
350819.2870494365
 21
-716474.5694823605
 31
0.0
1001
SUPPORT_DISTRIBUTION_UV
1000
clean_dxf_export_v1
1000
background
1000
column
1000
ES-中間樁NO
1000
source_geometry
1000
DC596
1071
219
  0
LINE
  5
16F
330
17
100
AcDbEntity
  8
ES-中間樁NO
100
AcDbLine
 10
350819.2870494365
 20
-716474.5694823605
 30
0.0
 11
350990.7870494365
 21
-716474.5694823605
 31
0.0
1001
SUPPORT_DISTRIBUTION_UV
1000
clean_dxf_export_v1
1000
background
1000
column
1000
ES-中間樁NO
1000
source_geometry
1000
DC596
1071
220
  0
LINE
  5
170
330
17
100
AcDbEntity
  8
ES-中間樁NO
100
AcDbLine
 10
350990.7870494365
 20
-716474.5694823605
 30
0.0
 11
350990.7870494365
 21
-716502.5694823605
 31
0.0
1001
SUPPORT_DISTRIBUTION_UV
1000
clean_dxf_export_v1
1000
background
1000
column
1000
ES-中間樁NO
1000
source_geometry
1000
DC596
1071
221
  0
LINE
  5
171
330
17
100
AcDbEntity
  8
ES-中間樁NO
100
AcDbLine
 10
350990.7870494365
 20
-716502.5694823605
 30
0.0
 11
350585.7870494365
 21
-716502.5694823605
 31
0.0
1001
SUPPORT_DISTRIBUTION_UV
1000
clean_dxf_export_v1
1000
background
1000
column
1000
ES-中間樁NO
1000
source_geometry
1000
DC596
1071
222
  0
LINE
  5
172
330
17
100
AcDbEntity
  8
ES-中間樁NO
100
AcDbLine
 10
350585.7870494365
 20
-716502.5694823605
 30
0.0
 11
350585.7870494365
 21
-716474.5694823605
 31
0.0
1001
SUPPORT_DISTRIBUTION_UV
1000
clean_dxf_export_v1
1000
background
1000
column
1000
ES-中間樁NO
1000
source_geometry
1000
DC596
1071
223
  0
LINE
  5
173
330
17
100
AcDbEntity
  8
ES-中間樁NO
100
AcDbLine
 10
368585.7870494365
 20
-711424.570339984
 30
0.0
 11
368757.2870494365
 21
-711424.570339984
 31
0.0
1001
SUPPORT_DISTRIBUTION_UV
1000
clean_dxf_export_v1
1000
background
1000
column
1000
ES-中間樁NO
1000
source_geometry
1000
DC597
1071
224
  0
LINE
  5
174
330
17
100
AcDbEntity
  8
ES-中間樁NO
100
AcDbLine
 10
368757.2870494365
 20
-711424.570339984
 30
0.0
 11
368779.2870494365
 21
-711402.570339984
 31
0.0
1001
SUPPORT_DISTRIBUTION_UV
1000
clean_dxf_export_v1
1000
background
1000
column
1000
ES-中間樁NO
1000
source_geometry
1000
DC597
1071
225
  0
LINE
  5
175
330
17
100
AcDbEntity
  8
ES-中間樁NO
100
AcDbLine
 10
368779.2870494365
 20
-711402.570339984
 30
0.0
 11
368779.2870494365
 21
-711088.570339984
 31
0.0
1001
SUPPORT_DISTRIBUTION_UV
1000
clean_dxf_export_v1
1000
background
1000
column
1000
ES-中間樁NO
1000
source_geometry
1000
DC597
1071
226
  0
LINE
  5
176
330
17
100
AcDbEntity
  8
ES-中間樁NO
100
AcDbLine
 10
368779.2870494365
 20
-711088.570339984
 30
0.0
 11
368757.2870494365
 21
-711066.570339984
 31
0.0
1001
SUPPORT_DISTRIBUTION_UV
1000
clean_dxf_export_v1
1000
background
1000
column
1000
ES-中間樁NO
1000
source_geometry
1000
DC597
1071
227
  0
LINE
  5
177
330
17
100
AcDbEntity
  8
ES-中間樁NO
100
AcDbLine
 10
368757.2870494365
 20
-711066.570339984
 30
0.0
 11
368585.7870494365
 21
-711066.570339984
 31
0.0
1001
SUPPORT_DISTRIBUTION_UV
1000
clean_dxf_export_v1
1000
background
1000
column
1000
ES-中間樁NO
1000
source_geometry
1000
DC597
1071
228
  0
LINE
  5
178
330
17
100
AcDbEntity
  8
ES-中間樁NO
100
AcDbLine
 10
368585.7870494365
 20
-711066.570339984
 30
0.0
 11
368585.7870494365
 21
-711038.570339984
 31
0.0
1001
SUPPORT_DISTRIBUTION_UV
1000
clean_dxf_export_v1
1000
background
1000
column
1000
ES-中間樁NO
1000
source_geometry
1000
DC597
1071
229
  0
LINE
  5
179
330
17
100
AcDbEntity
  8
ES-中間樁NO
100
AcDbLine
 10
368585.7870494365
 20
-711038.570339984
 30
0.0
 11
368990.7870494365
 21
-711038.570339984
 31
0.0
1001
SUPPORT_DISTRIBUTION_UV
1000
clean_dxf_export_v1
1000
background
1000
column
1000
ES-中間樁NO
1000
source_geometry
1000
DC597
1071
230
  0
LINE
  5
17A
330
17
100
AcDbEntity
  8
ES-中間樁NO
100
AcDbLine
 10
368990.7870494365
 20
-711038.570339984
 30
0.0
 11
368990.7870494365
 21
-711066.570339984
 31
0.0
1001
SUPPORT_DISTRIBUTION_UV
1000
clean_dxf_export_v1
1000
background
1000
column
1000
ES-中間樁NO
1000
source_geometry
1000
DC597
1071
231
  0
LINE
  5
17B
330
17
100
AcDbEntity
  8
ES-中間樁NO
100
AcDbLine
 10
368990.7870494365
 20
-711066.570339984
 30
0.0
 11
368819.2870494365
 21
-711066.570339984
 31
0.0
1001
SUPPORT_DISTRIBUTION_UV
1000
clean_dxf_export_v1
1000
background
1000
column
1000
ES-中間樁NO
1000
source_geometry
1000
DC597
1071
232
  0
LINE
  5
17C
330
17
100
AcDbEntity
  8
ES-中間樁NO
100
AcDbLine
 10
368819.2870494365
 20
-711066.570339984
 30
0.0
 11
368797.2870494365
 21
-711088.570339984
 31
0.0
1001
SUPPORT_DISTRIBUTION_UV
1000
clean_dxf_export_v1
1000
background
1000
column
1000
ES-中間樁NO
1000
source_geometry
1000
DC597
1071
233
  0
LINE
  5
17D
330
17
100
AcDbEntity
  8
ES-中間樁NO
100
AcDbLine
 10
368797.2870494365
 20
-711088.570339984
 30
0.0
 11
368797.2870494365
 21
-711402.570339984
 31
0.0
1001
SUPPORT_DISTRIBUTION_UV
1000
clean_dxf_export_v1
1000
background
1000
column
1000
ES-中間樁NO
1000
source_geometry
1000
DC597
1071
234
  0
LINE
  5
17E
330
17
100
AcDbEntity
  8
ES-中間樁NO
100
AcDbLine
 10
368797.2870494365
 20
-711402.570339984
 30
0.0
 11
368819.2870494365
 21
-711424.570339984
 31
0.0
1001
SUPPORT_DISTRIBUTION_UV
1000
clean_dxf_export_v1
1000
background
1000
column
1000
ES-中間樁NO
1000
source_geometry
1000
DC597
1071
235
  0
LINE
  5
17F
330
17
100
AcDbEntity
  8
ES-中間樁NO
100
AcDbLine
 10
368819.2870494365
 20
-711424.570339984
 30
0.0
 11
368990.7870494365
 21
-711424.570339984
 31
0.0
1001
SUPPORT_DISTRIBUTION_UV
1000
clean_dxf_export_v1
1000
background
1000
column
1000
ES-中間樁NO
1000
source_geometry
1000
DC597
1071
236
  0
LINE
  5
180
330
17
100
AcDbEntity
  8
ES-中間樁NO
100
AcDbLine
 10
368990.7870494365
 20
-711424.570339984
 30
0.0
 11
368990.7870494365
 21
-711452.570339984
 31
0.0
1001
SUPPORT_DISTRIBUTION_UV
1000
clean_dxf_export_v1
1000
background
1000
column
1000
ES-中間樁NO
1000
source_geometry
1000
DC597
1071
237
  0
LINE
  5
181
330
17
100
AcDbEntity
  8
ES-中間樁NO
100
AcDbLine
 10
368990.7870494365
 20
-711452.570339984
 30
0.0
 11
368585.7870494365
 21
-711452.570339984
 31
0.0
1001
SUPPORT_DISTRIBUTION_UV
1000
clean_dxf_export_v1
1000
background
1000
column
1000
ES-中間樁NO
1000
source_geometry
1000
DC597
1071
238
  0
LINE
  5
182
330
17
100
AcDbEntity
  8
ES-中間樁NO
100
AcDbLine
 10
368585.7870494365
 20
-711452.570339984
 30
0.0
 11
368585.7870494365
 21
-711424.570339984
 31
0.0
1001
SUPPORT_DISTRIBUTION_UV
1000
clean_dxf_export_v1
1000
background
1000
column
1000
ES-中間樁NO
1000
source_geometry
1000
DC597
1071
239
  0
LINE
  5
183
330
17
100
AcDbEntity
  8
ES-中間樁NO
100
AcDbLine
 10
385585.7870494365
 20
-711424.570339984
 30
0.0
 11
385757.2870494365
 21
-711424.570339984
 31
0.0
1001
SUPPORT_DISTRIBUTION_UV
1000
clean_dxf_export_v1
1000
background
1000
column
1000
ES-中間樁NO
1000
source_geometry
1000
DC598
1071
240
  0
LINE
  5
184
330
17
100
AcDbEntity
  8
ES-中間樁NO
100
AcDbLine
 10
385757.2870494365
 20
-711424.570339984
 30
0.0
 11
385779.2870494365
 21
-711402.570339984
 31
0.0
1001
SUPPORT_DISTRIBUTION_UV
1000
clean_dxf_export_v1
1000
background
1000
column
1000
ES-中間樁NO
1000
source_geometry
1000
DC598
1071
241
  0
LINE
  5
185
330
17
100
AcDbEntity
  8
ES-中間樁NO
100
AcDbLine
 10
385779.2870494365
 20
-711402.570339984
 30
0.0
 11
385779.2870494365
 21
-711088.570339984
 31
0.0
1001
SUPPORT_DISTRIBUTION_UV
1000
clean_dxf_export_v1
1000
background
1000
column
1000
ES-中間樁NO
1000
source_geometry
1000
DC598
1071
242
  0
LINE
  5
186
330
17
100
AcDbEntity
  8
ES-中間樁NO
100
AcDbLine
 10
385779.2870494365
 20
-711088.570339984
 30
0.0
 11
385757.2870494365
 21
-711066.570339984
 31
0.0
1001
SUPPORT_DISTRIBUTION_UV
1000
clean_dxf_export_v1
1000
background
1000
column
1000
ES-中間樁NO
1000
source_geometry
1000
DC598
1071
243
  0
LINE
  5
187
330
17
100
AcDbEntity
  8
ES-中間樁NO
100
AcDbLine
 10
385757.2870494365
 20
-711066.570339984
 30
0.0
 11
385585.7870494365
 21
-711066.570339984
 31
0.0
1001
SUPPORT_DISTRIBUTION_UV
1000
clean_dxf_export_v1
1000
background
1000
column
1000
ES-中間樁NO
1000
source_geometry
1000
DC598
1071
244
  0
LINE
  5
188
330
17
100
AcDbEntity
  8
ES-中間樁NO
100
AcDbLine
 10
385585.7870494365
 20
-711066.570339984
 30
0.0
 11
385585.7870494365
 21
-711038.570339984
 31
0.0
1001
SUPPORT_DISTRIBUTION_UV
1000
clean_dxf_export_v1
1000
background
1000
column
1000
ES-中間樁NO
1000
source_geometry
1000
DC598
1071
245
  0
LINE
  5
189
330
17
100
AcDbEntity
  8
ES-中間樁NO
100
AcDbLine
 10
385585.7870494365
 20
-711038.570339984
 30
0.0
 11
385990.7870494365
 21
-711038.570339984
 31
0.0
1001
SUPPORT_DISTRIBUTION_UV
1000
clean_dxf_export_v1
1000
background
1000
column
1000
ES-中間樁NO
1000
source_geometry
1000
DC598
1071
246
  0
LINE
  5
18A
330
17
100
AcDbEntity
  8
ES-中間樁NO
100
AcDbLine
 10
385990.7870494365
 20
-711038.570339984
 30
0.0
 11
385990.7870494365
 21
-711066.570339984
 31
0.0
1001
SUPPORT_DISTRIBUTION_UV
1000
clean_dxf_export_v1
1000
background
1000
column
1000
ES-中間樁NO
1000
source_geometry
1000
DC598
1071
247
  0
LINE
  5
18B
330
17
100
AcDbEntity
  8
ES-中間樁NO
100
AcDbLine
 10
385990.7870494365
 20
-711066.570339984
 30
0.0
 11
385819.2870494365
 21
-711066.570339984
 31
0.0
1001
SUPPORT_DISTRIBUTION_UV
1000
clean_dxf_export_v1
1000
background
1000
column
1000
ES-中間樁NO
1000
source_geometry
1000
DC598
1071
248
  0
LINE
  5
18C
330
17
100
AcDbEntity
  8
ES-中間樁NO
100
AcDbLine
 10
385819.2870494365
 20
-711066.570339984
 30
0.0
 11
385797.2870494365
 21
-711088.570339984
 31
0.0
1001
SUPPORT_DISTRIBUTION_UV
1000
clean_dxf_export_v1
1000
background
1000
column
1000
ES-中間樁NO
1000
source_geometry
1000
DC598
1071
249
  0
LINE
  5
18D
330
17
100
AcDbEntity
  8
ES-中間樁NO
100
AcDbLine
 10
385797.2870494365
 20
-711088.570339984
 30
0.0
 11
385797.2870494365
 21
-711402.570339984
 31
0.0
1001
SUPPORT_DISTRIBUTION_UV
1000
clean_dxf_export_v1
1000
background
1000
column
1000
ES-中間樁NO
1000
source_geometry
1000
DC598
1071
250
  0
LINE
  5
18E
330
17
100
AcDbEntity
  8
ES-中間樁NO
100
AcDbLine
 10
385797.2870494365
 20
-711402.570339984
 30
0.0
 11
385819.2870494365
 21
-711424.570339984
 31
0.0
1001
SUPPORT_DISTRIBUTION_UV
1000
clean_dxf_export_v1
1000
background
1000
column
1000
ES-中間樁NO
1000
source_geometry
1000
DC598
1071
251
  0
LINE
  5
18F
330
17
100
AcDbEntity
  8
ES-中間樁NO
100
AcDbLine
 10
385819.2870494365
 20
-711424.570339984
 30
0.0
 11
385990.7870494365
 21
-711424.570339984
 31
0.0
1001
SUPPORT_DISTRIBUTION_UV
1000
clean_dxf_export_v1
1000
background
1000
column
1000
ES-中間樁NO
1000
source_geometry
1000
DC598
1071
252
  0
LINE
  5
190
330
17
100
AcDbEntity
  8
ES-中間樁NO
100
AcDbLine
 10
385990.7870494365
 20
-711424.570339984
 30
0.0
 11
385990.7870494365
 21
-711452.570339984
 31
0.0
1001
SUPPORT_DISTRIBUTION_UV
1000
clean_dxf_export_v1
1000
background
1000
column
1000
ES-中間樁NO
1000
source_geometry
1000
DC598
1071
253
  0
LINE
  5
191
330
17
100
AcDbEntity
  8
ES-中間樁NO
100
AcDbLine
 10
385990.7870494365
 20
-711452.570339984
 30
0.0
 11
385585.7870494365
 21
-711452.570339984
 31
0.0
1001
SUPPORT_DISTRIBUTION_UV
1000
clean_dxf_export_v1
1000
background
1000
column
1000
ES-中間樁NO
1000
source_geometry
1000
DC598
1071
254
  0
LINE
  5
192
330
17
100
AcDbEntity
  8
ES-中間樁NO
100
AcDbLine
 10
385585.7870494365
 20
-711452.570339984
 30
0.0
 11
385585.7870494365
 21
-711424.570339984
 31
0.0
1001
SUPPORT_DISTRIBUTION_UV
1000
clean_dxf_export_v1
1000
background
1000
column
1000
ES-中間樁NO
1000
source_geometry
1000
DC598
1071
255
  0
LINE
  5
193
330
17
100
AcDbEntity
  8
ES-中間樁NO
100
AcDbLine
 10
379585.7870494365
 20
-717324.5694823605
 30
0.0
 11
379757.2870494365
 21
-717324.5694823605
 31
0.0
1001
SUPPORT_DISTRIBUTION_UV
1000
clean_dxf_export_v1
1000
background
1000
column
1000
ES-中間樁NO
1000
source_geometry
1000
DC599
1071
256
  0
LINE
  5
194
330
17
100
AcDbEntity
  8
ES-中間樁NO
100
AcDbLine
 10
379757.2870494365
 20
-717324.5694823605
 30
0.0
 11
379779.2870494365
 21
-717302.5694823605
 31
0.0
1001
SUPPORT_DISTRIBUTION_UV
1000
clean_dxf_export_v1
1000
background
1000
column
1000
ES-中間樁NO
1000
source_geometry
1000
DC599
1071
257
  0
LINE
  5
195
330
17
100
AcDbEntity
  8
ES-中間樁NO
100
AcDbLine
 10
379779.2870494365
 20
-717302.5694823605
 30
0.0
 11
379779.2870494365
 21
-716988.5694823605
 31
0.0
1001
SUPPORT_DISTRIBUTION_UV
1000
clean_dxf_export_v1
1000
background
1000
column
1000
ES-中間樁NO
1000
source_geometry
1000
DC599
1071
258
  0
LINE
  5
196
330
17
100
AcDbEntity
  8
ES-中間樁NO
100
AcDbLine
 10
379779.2870494365
 20
-716988.5694823605
 30
0.0
 11
379757.2870494365
 21
-716966.5694823605
 31
0.0
1001
SUPPORT_DISTRIBUTION_UV
1000
clean_dxf_export_v1
1000
background
1000
column
1000
ES-中間樁NO
1000
source_geometry
1000
DC599
1071
259
  0
LINE
  5
197
330
17
100
AcDbEntity
  8
ES-中間樁NO
100
AcDbLine
 10
379757.2870494365
 20
-716966.5694823605
 30
0.0
 11
379585.7870494365
 21
-716966.5694823605
 31
0.0
1001
SUPPORT_DISTRIBUTION_UV
1000
clean_dxf_export_v1
1000
background
1000
column
1000
ES-中間樁NO
1000
source_geometry
1000
DC599
1071
260
  0
LINE
  5
198
330
17
100
AcDbEntity
  8
ES-中間樁NO
100
AcDbLine
 10
379585.7870494365
 20
-716966.5694823605
 30
0.0
 11
379585.7870494365
 21
-716938.5694823605
 31
0.0
1001
SUPPORT_DISTRIBUTION_UV
1000
clean_dxf_export_v1
1000
background
1000
column
1000
ES-中間樁NO
1000
source_geometry
1000
DC599
1071
261
  0
LINE
  5
199
330
17
100
AcDbEntity
  8
ES-中間樁NO
100
AcDbLine
 10
379585.7870494365
 20
-716938.5694823605
 30
0.0
 11
379990.7870494365
 21
-716938.5694823605
 31
0.0
1001
SUPPORT_DISTRIBUTION_UV
1000
clean_dxf_export_v1
1000
background
1000
column
1000
ES-中間樁NO
1000
source_geometry
1000
DC599
1071
262
  0
LINE
  5
19A
330
17
100
AcDbEntity
  8
ES-中間樁NO
100
AcDbLine
 10
379990.7870494365
 20
-716938.5694823605
 30
0.0
 11
379990.7870494365
 21
-716966.5694823605
 31
0.0
1001
SUPPORT_DISTRIBUTION_UV
1000
clean_dxf_export_v1
1000
background
1000
column
1000
ES-中間樁NO
1000
source_geometry
1000
DC599
1071
263
  0
LINE
  5
19B
330
17
100
AcDbEntity
  8
ES-中間樁NO
100
AcDbLine
 10
379990.7870494365
 20
-716966.5694823605
 30
0.0
 11
379819.2870494365
 21
-716966.5694823605
 31
0.0
1001
SUPPORT_DISTRIBUTION_UV
1000
clean_dxf_export_v1
1000
background
1000
column
1000
ES-中間樁NO
1000
source_geometry
1000
DC599
1071
264
  0
LINE
  5
19C
330
17
100
AcDbEntity
  8
ES-中間樁NO
100
AcDbLine
 10
379819.2870494365
 20
-716966.5694823605
 30
0.0
 11
379797.2870494365
 21
-716988.5694823605
 31
0.0
1001
SUPPORT_DISTRIBUTION_UV
1000
clean_dxf_export_v1
1000
background
1000
column
1000
ES-中間樁NO
1000
source_geometry
1000
DC599
1071
265
  0
LINE
  5
19D
330
17
100
AcDbEntity
  8
ES-中間樁NO
100
AcDbLine
 10
379797.2870494365
 20
-716988.5694823605
 30
0.0
 11
379797.2870494365
 21
-717302.5694823605
 31
0.0
1001
SUPPORT_DISTRIBUTION_UV
1000
clean_dxf_export_v1
1000
background
1000
column
1000
ES-中間樁NO
1000
source_geometry
1000
DC599
1071
266
  0
LINE
  5
19E
330
17
100
AcDbEntity
  8
ES-中間樁NO
100
AcDbLine
 10
379797.2870494365
 20
-717302.5694823605
 30
0.0
 11
379819.2870494365
 21
-717324.5694823605
 31
0.0
1001
SUPPORT_DISTRIBUTION_UV
1000
clean_dxf_export_v1
1000
background
1000
column
1000
ES-中間樁NO
1000
source_geometry
1000
DC599
1071
267
  0
LINE
  5
19F
330
17
100
AcDbEntity
  8
ES-中間樁NO
100
AcDbLine
 10
379819.2870494365
 20
-717324.5694823605
 30
0.0
 11
379990.7870494365
 21
-717324.5694823605
 31
0.0
1001
SUPPORT_DISTRIBUTION_UV
1000
clean_dxf_export_v1
1000
background
1000
column
1000
ES-中間樁NO
1000
source_geometry
1000
DC599
1071
268
  0
LINE
  5
1A0
330
17
100
AcDbEntity
  8
ES-中間樁NO
100
AcDbLine
 10
379990.7870494365
 20
-717324.5694823605
 30
0.0
 11
379990.7870494365
 21
-717352.5694823605
 31
0.0
1001
SUPPORT_DISTRIBUTION_UV
1000
clean_dxf_export_v1
1000
background
1000
column
1000
ES-中間樁NO
1000
source_geometry
1000
DC599
1071
269
  0
LINE
  5
1A1
330
17
100
AcDbEntity
  8
ES-中間樁NO
100
AcDbLine
 10
379990.7870494365
 20
-717352.5694823605
 30
0.0
 11
379585.7870494365
 21
-717352.5694823605
 31
0.0
1001
SUPPORT_DISTRIBUTION_UV
1000
clean_dxf_export_v1
1000
background
1000
column
1000
ES-中間樁NO
1000
source_geometry
1000
DC599
1071
270
  0
LINE
  5
1A2
330
17
100
AcDbEntity
  8
ES-中間樁NO
100
AcDbLine
 10
379585.7870494365
 20
-717352.5694823605
 30
0.0
 11
379585.7870494365
 21
-717324.5694823605
 31
0.0
1001
SUPPORT_DISTRIBUTION_UV
1000
clean_dxf_export_v1
1000
background
1000
column
1000
ES-中間樁NO
1000
source_geometry
1000
DC599
1071
271
  0
LINE
  5
1A3
330
17
100
AcDbEntity
  8
ES-中間樁NO
100
AcDbLine
 10
362585.7870494365
 20
-711574.570339984
 30
0.0
 11
362757.2870494365
 21
-711574.570339984
 31
0.0
1001
SUPPORT_DISTRIBUTION_UV
1000
clean_dxf_export_v1
1000
background
1000
column
1000
ES-中間樁NO
1000
source_geometry
1000
DC59A
1071
272
  0
LINE
  5
1A4
330
17
100
AcDbEntity
  8
ES-中間樁NO
100
AcDbLine
 10
362757.2870494365
 20
-711574.570339984
 30
0.0
 11
362779.2870494365
 21
-711552.570339984
 31
0.0
1001
SUPPORT_DISTRIBUTION_UV
1000
clean_dxf_export_v1
1000
background
1000
column
1000
ES-中間樁NO
1000
source_geometry
1000
DC59A
1071
273
  0
LINE
  5
1A5
330
17
100
AcDbEntity
  8
ES-中間樁NO
100
AcDbLine
 10
362779.2870494365
 20
-711552.570339984
 30
0.0
 11
362779.2870494365
 21
-711238.570339984
 31
0.0
1001
SUPPORT_DISTRIBUTION_UV
1000
clean_dxf_export_v1
1000
background
1000
column
1000
ES-中間樁NO
1000
source_geometry
1000
DC59A
1071
274
  0
LINE
  5
1A6
330
17
100
AcDbEntity
  8
ES-中間樁NO
100
AcDbLine
 10
362779.2870494365
 20
-711238.570339984
 30
0.0
 11
362757.2870494365
 21
-711216.570339984
 31
0.0
1001
SUPPORT_DISTRIBUTION_UV
1000
clean_dxf_export_v1
1000
background
1000
column
1000
ES-中間樁NO
1000
source_geometry
1000
DC59A
1071
275
  0
LINE
  5
1A7
330
17
100
AcDbEntity
  8
ES-中間樁NO
100
AcDbLine
 10
362757.2870494365
 20
-711216.570339984
 30
0.0
 11
362585.7870494365
 21
-711216.570339984
 31
0.0
1001
SUPPORT_DISTRIBUTION_UV
1000
clean_dxf_export_v1
1000
background
1000
column
1000
ES-中間樁NO
1000
source_geometry
1000
DC59A
1071
276
  0
LINE
  5
1A8
330
17
100
AcDbEntity
  8
ES-中間樁NO
100
AcDbLine
 10
362585.7870494365
 20
-711216.570339984
 30
0.0
 11
362585.7870494365
 21
-711188.570339984
 31
0.0
1001
SUPPORT_DISTRIBUTION_UV
1000
clean_dxf_export_v1
1000
background
1000
column
1000
ES-中間樁NO
1000
source_geometry
1000
DC59A
1071
277
  0
LINE
  5
1A9
330
17
100
AcDbEntity
  8
ES-中間樁NO
100
AcDbLine
 10
362585.7870494365
 20
-711188.570339984
 30
0.0
 11
362990.7870494365
 21
-711188.570339984
 31
0.0
1001
SUPPORT_DISTRIBUTION_UV
1000
clean_dxf_export_v1
1000
background
1000
column
1000
ES-中間樁NO
1000
source_geometry
1000
DC59A
1071
278
  0
LINE
  5
1AA
330
17
100
AcDbEntity
  8
ES-中間樁NO
100
AcDbLine
 10
362990.7870494365
 20
-711188.570339984
 30
0.0
 11
362990.7870494365
 21
-711216.570339984
 31
0.0
1001
SUPPORT_DISTRIBUTION_UV
1000
clean_dxf_export_v1
1000
background
1000
column
1000
ES-中間樁NO
1000
source_geometry
1000
DC59A
1071
279
  0
LINE
  5
1AB
330
17
100
AcDbEntity
  8
ES-中間樁NO
100
AcDbLine
 10
362990.7870494365
 20
-711216.570339984
 30
0.0
 11
362819.2870494365
 21
-711216.570339984
 31
0.0
1001
SUPPORT_DISTRIBUTION_UV
1000
clean_dxf_export_v1
1000
background
1000
column
1000
ES-中間樁NO
1000
source_geometry
1000
DC59A
1071
280
  0
LINE
  5
1AC
330
17
100
AcDbEntity
  8
ES-中間樁NO
100
AcDbLine
 10
362819.2870494365
 20
-711216.570339984
 30
0.0
 11
362797.2870494365
 21
-711238.570339984
 31
0.0
1001
SUPPORT_DISTRIBUTION_UV
1000
clean_dxf_export_v1
1000
background
1000
column
1000
ES-中間樁NO
1000
source_geometry
1000
DC59A
1071
281
  0
LINE
  5
1AD
330
17
100
AcDbEntity
  8
ES-中間樁NO
100
AcDbLine
 10
362797.2870494365
 20
-711238.570339984
 30
0.0
 11
362797.2870494365
 21
-711552.570339984
 31
0.0
1001
SUPPORT_DISTRIBUTION_UV
1000
clean_dxf_export_v1
1000
background
1000
column
1000
ES-中間樁NO
1000
source_geometry
1000
DC59A
1071
282
  0
LINE
  5
1AE
330
17
100
AcDbEntity
  8
ES-中間樁NO
100
AcDbLine
 10
362797.2870494365
 20
-711552.570339984
 30
0.0
 11
362819.2870494365
 21
-711574.570339984
 31
0.0
1001
SUPPORT_DISTRIBUTION_UV
1000
clean_dxf_export_v1
1000
background
1000
column
1000
ES-中間樁NO
1000
source_geometry
1000
DC59A
1071
283
  0
LINE
  5
1AF
330
17
100
AcDbEntity
  8
ES-中間樁NO
100
AcDbLine
 10
362819.2870494365
 20
-711574.570339984
 30
0.0
 11
362990.7870494365
 21
-711574.570339984
 31
0.0
1001
SUPPORT_DISTRIBUTION_UV
1000
clean_dxf_export_v1
1000
background
1000
column
1000
ES-中間樁NO
1000
source_geometry
1000
DC59A
1071
284
  0
LINE
  5
1B0
330
17
100
AcDbEntity
  8
ES-中間樁NO
100
AcDbLine
 10
362990.7870494365
 20
-711574.570339984
 30
0.0
 11
362990.7870494365
 21
-711602.570339984
 31
0.0
1001
SUPPORT_DISTRIBUTION_UV
1000
clean_dxf_export_v1
1000
background
1000
column
1000
ES-中間樁NO
1000
source_geometry
1000
DC59A
1071
285
  0
LINE
  5
1B1
330
17
100
AcDbEntity
  8
ES-中間樁NO
100
AcDbLine
 10
362990.7870494365
 20
-711602.570339984
 30
0.0
 11
362585.7870494365
 21
-711602.570339984
 31
0.0
1001
SUPPORT_DISTRIBUTION_UV
1000
clean_dxf_export_v1
1000
background
1000
column
1000
ES-中間樁NO
1000
source_geometry
1000
DC59A
1071
286
  0
LINE
  5
1B2
330
17
100
AcDbEntity
  8
ES-中間樁NO
100
AcDbLine
 10
362585.7870494365
 20
-711602.570339984
 30
0.0
 11
362585.7870494365
 21
-711574.570339984
 31
0.0
1001
SUPPORT_DISTRIBUTION_UV
1000
clean_dxf_export_v1
1000
background
1000
column
1000
ES-中間樁NO
1000
source_geometry
1000
DC59A
1071
287
  0
LINE
  5
1B3
330
17
100
AcDbEntity
  8
ES-中間樁NO
100
AcDbLine
 10
403085.7870494365
 20
-711424.570339984
 30
0.0
 11
403257.2870494365
 21
-711424.570339984
 31
0.0
1001
SUPPORT_DISTRIBUTION_UV
1000
clean_dxf_export_v1
1000
background
1000
column
1000
ES-中間樁NO
1000
source_geometry
1000
DC59B
1071
288
  0
LINE
  5
1B4
330
17
100
AcDbEntity
  8
ES-中間樁NO
100
AcDbLine
 10
403257.2870494365
 20
-711424.570339984
 30
0.0
 11
403279.2870494365
 21
-711402.570339984
 31
0.0
1001
SUPPORT_DISTRIBUTION_UV
1000
clean_dxf_export_v1
1000
background
1000
column
1000
ES-中間樁NO
1000
source_geometry
1000
DC59B
1071
289
  0
LINE
  5
1B5
330
17
100
AcDbEntity
  8
ES-中間樁NO
100
AcDbLine
 10
403279.2870494365
 20
-711402.570339984
 30
0.0
 11
403279.2870494365
 21
-711088.570339984
 31
0.0
1001
SUPPORT_DISTRIBUTION_UV
1000
clean_dxf_export_v1
1000
background
1000
column
1000
ES-中間樁NO
1000
source_geometry
1000
DC59B
1071
290
  0
LINE
  5
1B6
330
17
100
AcDbEntity
  8
ES-中間樁NO
100
AcDbLine
 10
403279.2870494365
 20
-711088.570339984
 30
0.0
 11
403257.2870494365
 21
-711066.570339984
 31
0.0
1001
SUPPORT_DISTRIBUTION_UV
1000
clean_dxf_export_v1
1000
background
1000
column
1000
ES-中間樁NO
1000
source_geometry
1000
DC59B
1071
291
  0
LINE
  5
1B7
330
17
100
AcDbEntity
  8
ES-中間樁NO
100
AcDbLine
 10
403257.2870494365
 20
-711066.570339984
 30
0.0
 11
403085.7870494365
 21
-711066.570339984
 31
0.0
1001
SUPPORT_DISTRIBUTION_UV
1000
clean_dxf_export_v1
1000
background
1000
column
1000
ES-中間樁NO
1000
source_geometry
1000
DC59B
1071
292
  0
LINE
  5
1B8
330
17
100
AcDbEntity
  8
ES-中間樁NO
100
AcDbLine
 10
403085.7870494365
 20
-711066.570339984
 30
0.0
 11
403085.7870494365
 21
-711038.570339984
 31
0.0
1001
SUPPORT_DISTRIBUTION_UV
1000
clean_dxf_export_v1
1000
background
1000
column
1000
ES-中間樁NO
1000
source_geometry
1000
DC59B
1071
293
  0
LINE
  5
1B9
330
17
100
AcDbEntity
  8
ES-中間樁NO
100
AcDbLine
 10
403085.7870494365
 20
-711038.570339984
 30
0.0
 11
403490.7870494365
 21
-711038.570339984
 31
0.0
1001
SUPPORT_DISTRIBUTION_UV
1000
clean_dxf_export_v1
1000
background
1000
column
1000
ES-中間樁NO
1000
source_geometry
1000
DC59B
1071
294
  0
LINE
  5
1BA
330
17
100
AcDbEntity
  8
ES-中間樁NO
100
AcDbLine
 10
403490.7870494365
 20
-711038.570339984
 30
0.0
 11
403490.7870494365
 21
-711066.570339984
 31
0.0
1001
SUPPORT_DISTRIBUTION_UV
1000
clean_dxf_export_v1
1000
background
1000
column
1000
ES-中間樁NO
1000
source_geometry
1000
DC59B
1071
295
  0
LINE
  5
1BB
330
17
100
AcDbEntity
  8
ES-中間樁NO
100
AcDbLine
 10
403490.7870494365
 20
-711066.570339984
 30
0.0
 11
403319.2870494365
 21
-711066.570339984
 31
0.0
1001
SUPPORT_DISTRIBUTION_UV
1000
clean_dxf_export_v1
1000
background
1000
column
1000
ES-中間樁NO
1000
source_geometry
1000
DC59B
1071
296
  0
LINE
  5
1BC
330
17
100
AcDbEntity
  8
ES-中間樁NO
100
AcDbLine
 10
403319.2870494365
 20
-711066.570339984
 30
0.0
 11
403297.2870494365
 21
-711088.570339984
 31
0.0
1001
SUPPORT_DISTRIBUTION_UV
1000
clean_dxf_export_v1
1000
background
1000
column
1000
ES-中間樁NO
1000
source_geometry
1000
DC59B
1071
297
  0
LINE
  5
1BD
330
17
100
AcDbEntity
  8
ES-中間樁NO
100
AcDbLine
 10
403297.2870494365
 20
-711088.570339984
 30
0.0
 11
403297.2870494365
 21
-711402.570339984
 31
0.0
1001
SUPPORT_DISTRIBUTION_UV
1000
clean_dxf_export_v1
1000
background
1000
column
1000
ES-中間樁NO
1000
source_geometry
1000
DC59B
1071
298
  0
LINE
  5
1BE
330
17
100
AcDbEntity
  8
ES-中間樁NO
100
AcDbLine
 10
403297.2870494365
 20
-711402.570339984
 30
0.0
 11
403319.2870494365
 21
-711424.570339984
 31
0.0
1001
SUPPORT_DISTRIBUTION_UV
1000
clean_dxf_export_v1
1000
background
1000
column
1000
ES-中間樁NO
1000
source_geometry
1000
DC59B
1071
299
  0
LINE
  5
1BF
330
17
100
AcDbEntity
  8
ES-中間樁NO
100
AcDbLine
 10
403319.2870494365
 20
-711424.570339984
 30
0.0
 11
403490.7870494365
 21
-711424.570339984
 31
0.0
1001
SUPPORT_DISTRIBUTION_UV
1000
clean_dxf_export_v1
1000
background
1000
column
1000
ES-中間樁NO
1000
source_geometry
1000
DC59B
1071
300
  0
LINE
  5
1C0
330
17
100
AcDbEntity
  8
ES-中間樁NO
100
AcDbLine
 10
403490.7870494365
 20
-711424.570339984
 30
0.0
 11
403490.7870494365
 21
-711452.570339984
 31
0.0
1001
SUPPORT_DISTRIBUTION_UV
1000
clean_dxf_export_v1
1000
background
1000
column
1000
ES-中間樁NO
1000
source_geometry
1000
DC59B
1071
301
  0
LINE
  5
1C1
330
17
100
AcDbEntity
  8
ES-中間樁NO
100
AcDbLine
 10
403490.7870494365
 20
-711452.570339984
 30
0.0
 11
403085.7870494365
 21
-711452.570339984
 31
0.0
1001
SUPPORT_DISTRIBUTION_UV
1000
clean_dxf_export_v1
1000
background
1000
column
1000
ES-中間樁NO
1000
source_geometry
1000
DC59B
1071
302
  0
LINE
  5
1C2
330
17
100
AcDbEntity
  8
ES-中間樁NO
100
AcDbLine
 10
403085.7870494365
 20
-711452.570339984
 30
0.0
 11
403085.7870494365
 21
-711424.570339984
 31
0.0
1001
SUPPORT_DISTRIBUTION_UV
1000
clean_dxf_export_v1
1000
background
1000
column
1000
ES-中間樁NO
1000
source_geometry
1000
DC59B
1071
303
  0
LINE
  5
1C3
330
17
100
AcDbEntity
  8
ES-中間樁NO
100
AcDbLine
 10
368585.7870494365
 20
-717324.5694823605
 30
0.0
 11
368757.2870494365
 21
-717324.5694823605
 31
0.0
1001
SUPPORT_DISTRIBUTION_UV
1000
clean_dxf_export_v1
1000
background
1000
column
1000
ES-中間樁NO
1000
source_geometry
1000
DC59C
1071
304
  0
LINE
  5
1C4
330
17
100
AcDbEntity
  8
ES-中間樁NO
100
AcDbLine
 10
368757.2870494365
 20
-717324.5694823605
 30
0.0
 11
368779.2870494365
 21
-717302.5694823605
 31
0.0
1001
SUPPORT_DISTRIBUTION_UV
1000
clean_dxf_export_v1
1000
background
1000
column
1000
ES-中間樁NO
1000
source_geometry
1000
DC59C
1071
305
  0
LINE
  5
1C5
330
17
100
AcDbEntity
  8
ES-中間樁NO
100
AcDbLine
 10
368779.2870494365
 20
-717302.5694823605
 30
0.0
 11
368779.2870494365
 21
-716988.5694823605
 31
0.0
1001
SUPPORT_DISTRIBUTION_UV
1000
clean_dxf_export_v1
1000
background
1000
column
1000
ES-中間樁NO
1000
source_geometry
1000
DC59C
1071
306
  0
LINE
  5
1C6
330
17
100
AcDbEntity
  8
ES-中間樁NO
100
AcDbLine
 10
368779.2870494365
 20
-716988.5694823605
 30
0.0
 11
368757.2870494365
 21
-716966.5694823605
 31
0.0
1001
SUPPORT_DISTRIBUTION_UV
1000
clean_dxf_export_v1
1000
background
1000
column
1000
ES-中間樁NO
1000
source_geometry
1000
DC59C
1071
307
  0
LINE
  5
1C7
330
17
100
AcDbEntity
  8
ES-中間樁NO
100
AcDbLine
 10
368757.2870494365
 20
-716966.5694823605
 30
0.0
 11
368585.7870494365
 21
-716966.5694823605
 31
0.0
1001
SUPPORT_DISTRIBUTION_UV
1000
clean_dxf_export_v1
1000
background
1000
column
1000
ES-中間樁NO
1000
source_geometry
1000
DC59C
1071
308
  0
LINE
  5
1C8
330
17
100
AcDbEntity
  8
ES-中間樁NO
100
AcDbLine
 10
368585.7870494365
 20
-716966.5694823605
 30
0.0
 11
368585.7870494365
 21
-716938.5694823605
 31
0.0
1001
SUPPORT_DISTRIBUTION_UV
1000
clean_dxf_export_v1
1000
background
1000
column
1000
ES-中間樁NO
1000
source_geometry
1000
DC59C
1071
309
  0
LINE
  5
1C9
330
17
100
AcDbEntity
  8
ES-中間樁NO
100
AcDbLine
 10
368585.7870494365
 20
-716938.5694823605
 30
0.0
 11
368990.7870494365
 21
-716938.5694823605
 31
0.0
1001
SUPPORT_DISTRIBUTION_UV
1000
clean_dxf_export_v1
1000
background
1000
column
1000
ES-中間樁NO
1000
source_geometry
1000
DC59C
1071
310
  0
LINE
  5
1CA
330
17
100
AcDbEntity
  8
ES-中間樁NO
100
AcDbLine
 10
368990.7870494365
 20
-716938.5694823605
 30
0.0
 11
368990.7870494365
 21
-716966.5694823605
 31
0.0
1001
SUPPORT_DISTRIBUTION_UV
1000
clean_dxf_export_v1
1000
background
1000
column
1000
ES-中間樁NO
1000
source_geometry
1000
DC59C
1071
311
  0
LINE
  5
1CB
330
17
100
AcDbEntity
  8
ES-中間樁NO
100
AcDbLine
 10
368990.7870494365
 20
-716966.5694823605
 30
0.0
 11
368819.2870494365
 21
-716966.5694823605
 31
0.0
1001
SUPPORT_DISTRIBUTION_UV
1000
clean_dxf_export_v1
1000
background
1000
column
1000
ES-中間樁NO
1000
source_geometry
1000
DC59C
1071
312
  0
LINE
  5
1CC
330
17
100
AcDbEntity
  8
ES-中間樁NO
100
AcDbLine
 10
368819.2870494365
 20
-716966.5694823605
 30
0.0
 11
368797.2870494365
 21
-716988.5694823605
 31
0.0
1001
SUPPORT_DISTRIBUTION_UV
1000
clean_dxf_export_v1
1000
background
1000
column
1000
ES-中間樁NO
1000
source_geometry
1000
DC59C
1071
313
  0
LINE
  5
1CD
330
17
100
AcDbEntity
  8
ES-中間樁NO
100
AcDbLine
 10
368797.2870494365
 20
-716988.5694823605
 30
0.0
 11
368797.2870494365
 21
-717302.5694823605
 31
0.0
1001
SUPPORT_DISTRIBUTION_UV
1000
clean_dxf_export_v1
1000
background
1000
column
1000
ES-中間樁NO
1000
source_geometry
1000
DC59C
1071
314
  0
LINE
  5
1CE
330
17
100
AcDbEntity
  8
ES-中間樁NO
100
AcDbLine
 10
368797.2870494365
 20
-717302.5694823605
 30
0.0
 11
368819.2870494365
 21
-717324.5694823605
 31
0.0
1001
SUPPORT_DISTRIBUTION_UV
1000
clean_dxf_export_v1
1000
background
1000
column
1000
ES-中間樁NO
1000
source_geometry
1000
DC59C
1071
315
  0
LINE
  5
1CF
330
17
100
AcDbEntity
  8
ES-中間樁NO
100
AcDbLine
 10
368819.2870494365
 20
-717324.5694823605
 30
0.0
 11
368990.7870494365
 21
-717324.5694823605
 31
0.0
1001
SUPPORT_DISTRIBUTION_UV
1000
clean_dxf_export_v1
1000
background
1000
column
1000
ES-中間樁NO
1000
source_geometry
1000
DC59C
1071
316
  0
LINE
  5
1D0
330
17
100
AcDbEntity
  8
ES-中間樁NO
100
AcDbLine
 10
368990.7870494365
 20
-717324.5694823605
 30
0.0
 11
368990.7870494365
 21
-717352.5694823605
 31
0.0
1001
SUPPORT_DISTRIBUTION_UV
1000
clean_dxf_export_v1
1000
background
1000
column
1000
ES-中間樁NO
1000
source_geometry
1000
DC59C
1071
317
  0
LINE
  5
1D1
330
17
100
AcDbEntity
  8
ES-中間樁NO
100
AcDbLine
 10
368990.7870494365
 20
-717352.5694823605
 30
0.0
 11
368585.7870494365
 21
-717352.5694823605
 31
0.0
1001
SUPPORT_DISTRIBUTION_UV
1000
clean_dxf_export_v1
1000
background
1000
column
1000
ES-中間樁NO
1000
source_geometry
1000
DC59C
1071
318
  0
LINE
  5
1D2
330
17
100
AcDbEntity
  8
ES-中間樁NO
100
AcDbLine
 10
368585.7870494365
 20
-717352.5694823605
 30
0.0
 11
368585.7870494365
 21
-717324.5694823605
 31
0.0
1001
SUPPORT_DISTRIBUTION_UV
1000
clean_dxf_export_v1
1000
background
1000
column
1000
ES-中間樁NO
1000
source_geometry
1000
DC59C
1071
319
  0
LINE
  5
1D3
330
17
100
AcDbEntity
  8
ES-中間樁NO
100
AcDbLine
 10
403085.7870494365
 20
-717324.5694823605
 30
0.0
 11
403257.2870494365
 21
-717324.5694823605
 31
0.0
1001
SUPPORT_DISTRIBUTION_UV
1000
clean_dxf_export_v1
1000
background
1000
column
1000
ES-中間樁NO
1000
source_geometry
1000
DC59D
1071
320
  0
LINE
  5
1D4
330
17
100
AcDbEntity
  8
ES-中間樁NO
100
AcDbLine
 10
403257.2870494365
 20
-717324.5694823605
 30
0.0
 11
403279.2870494365
 21
-717302.5694823605
 31
0.0
1001
SUPPORT_DISTRIBUTION_UV
1000
clean_dxf_export_v1
1000
background
1000
column
1000
ES-中間樁NO
1000
source_geometry
1000
DC59D
1071
321
  0
LINE
  5
1D5
330
17
100
AcDbEntity
  8
ES-中間樁NO
100
AcDbLine
 10
403279.2870494365
 20
-717302.5694823605
 30
0.0
 11
403279.2870494365
 21
-716988.5694823605
 31
0.0
1001
SUPPORT_DISTRIBUTION_UV
1000
clean_dxf_export_v1
1000
background
1000
column
1000
ES-中間樁NO
1000
source_geometry
1000
DC59D
1071
322
  0
LINE
  5
1D6
330
17
100
AcDbEntity
  8
ES-中間樁NO
100
AcDbLine
 10
403279.2870494365
 20
-716988.5694823605
 30
0.0
 11
403257.2870494365
 21
-716966.5694823605
 31
0.0
1001
SUPPORT_DISTRIBUTION_UV
1000
clean_dxf_export_v1
1000
background
1000
column
1000
ES-中間樁NO
1000
source_geometry
1000
DC59D
1071
323
  0
LINE
  5
1D7
330
17
100
AcDbEntity
  8
ES-中間樁NO
100
AcDbLine
 10
403257.2870494365
 20
-716966.5694823605
 30
0.0
 11
403085.7870494365
 21
-716966.5694823605
 31
0.0
1001
SUPPORT_DISTRIBUTION_UV
1000
clean_dxf_export_v1
1000
background
1000
column
1000
ES-中間樁NO
1000
source_geometry
1000
DC59D
1071
324
  0
LINE
  5
1D8
330
17
100
AcDbEntity
  8
ES-中間樁NO
100
AcDbLine
 10
403085.7870494365
 20
-716966.5694823605
 30
0.0
 11
403085.7870494365
 21
-716938.5694823605
 31
0.0
1001
SUPPORT_DISTRIBUTION_UV
1000
clean_dxf_export_v1
1000
background
1000
column
1000
ES-中間樁NO
1000
source_geometry
1000
DC59D
1071
325
  0
LINE
  5
1D9
330
17
100
AcDbEntity
  8
ES-中間樁NO
100
AcDbLine
 10
403085.7870494365
 20
-716938.5694823605
 30
0.0
 11
403490.7870494365
 21
-716938.5694823605
 31
0.0
1001
SUPPORT_DISTRIBUTION_UV
1000
clean_dxf_export_v1
1000
background
1000
column
1000
ES-中間樁NO
1000
source_geometry
1000
DC59D
1071
326
  0
LINE
  5
1DA
330
17
100
AcDbEntity
  8
ES-中間樁NO
100
AcDbLine
 10
403490.7870494365
 20
-716938.5694823605
 30
0.0
 11
403490.7870494365
 21
-716966.5694823605
 31
0.0
1001
SUPPORT_DISTRIBUTION_UV
1000
clean_dxf_export_v1
1000
background
1000
column
1000
ES-中間樁NO
1000
source_geometry
1000
DC59D
1071
327
  0
LINE
  5
1DB
330
17
100
AcDbEntity
  8
ES-中間樁NO
100
AcDbLine
 10
403490.7870494365
 20
-716966.5694823605
 30
0.0
 11
403319.2870494365
 21
-716966.5694823605
 31
0.0
1001
SUPPORT_DISTRIBUTION_UV
1000
clean_dxf_export_v1
1000
background
1000
column
1000
ES-中間樁NO
1000
source_geometry
1000
DC59D
1071
328
  0
LINE
  5
1DC
330
17
100
AcDbEntity
  8
ES-中間樁NO
100
AcDbLine
 10
403319.2870494365
 20
-716966.5694823605
 30
0.0
 11
403297.2870494365
 21
-716988.5694823605
 31
0.0
1001
SUPPORT_DISTRIBUTION_UV
1000
clean_dxf_export_v1
1000
background
1000
column
1000
ES-中間樁NO
1000
source_geometry
1000
DC59D
1071
329
  0
LINE
  5
1DD
330
17
100
AcDbEntity
  8
ES-中間樁NO
100
AcDbLine
 10
403297.2870494365
 20
-716988.5694823605
 30
0.0
 11
403297.2870494365
 21
-717302.5694823605
 31
0.0
1001
SUPPORT_DISTRIBUTION_UV
1000
clean_dxf_export_v1
1000
background
1000
column
1000
ES-中間樁NO
1000
source_geometry
1000
DC59D
1071
330
  0
LINE
  5
1DE
330
17
100
AcDbEntity
  8
ES-中間樁NO
100
AcDbLine
 10
403297.2870494365
 20
-717302.5694823605
 30
0.0
 11
403319.2870494365
 21
-717324.5694823605
 31
0.0
1001
SUPPORT_DISTRIBUTION_UV
1000
clean_dxf_export_v1
1000
background
1000
column
1000
ES-中間樁NO
1000
source_geometry
1000
DC59D
1071
331
  0
LINE
  5
1DF
330
17
100
AcDbEntity
  8
ES-中間樁NO
100
AcDbLine
 10
403319.2870494365
 20
-717324.5694823605
 30
0.0
 11
403490.7870494365
 21
-717324.5694823605
 31
0.0
1001
SUPPORT_DISTRIBUTION_UV
1000
clean_dxf_export_v1
1000
background
1000
column
1000
ES-中間樁NO
1000
source_geometry
1000
DC59D
1071
332
  0
LINE
  5
1E0
330
17
100
AcDbEntity
  8
ES-中間樁NO
100
AcDbLine
 10
403490.7870494365
 20
-717324.5694823605
 30
0.0
 11
403490.7870494365
 21
-717352.5694823605
 31
0.0
1001
SUPPORT_DISTRIBUTION_UV
1000
clean_dxf_export_v1
1000
background
1000
column
1000
ES-中間樁NO
1000
source_geometry
1000
DC59D
1071
333
  0
LINE
  5
1E1
330
17
100
AcDbEntity
  8
ES-中間樁NO
100
AcDbLine
 10
403490.7870494365
 20
-717352.5694823605
 30
0.0
 11
403085.7870494365
 21
-717352.5694823605
 31
0.0
1001
SUPPORT_DISTRIBUTION_UV
1000
clean_dxf_export_v1
1000
background
1000
column
1000
ES-中間樁NO
1000
source_geometry
1000
DC59D
1071
334
  0
LINE
  5
1E2
330
17
100
AcDbEntity
  8
ES-中間樁NO
100
AcDbLine
 10
403085.7870494365
 20
-717352.5694823605
 30
0.0
 11
403085.7870494365
 21
-717324.5694823605
 31
0.0
1001
SUPPORT_DISTRIBUTION_UV
1000
clean_dxf_export_v1
1000
background
1000
column
1000
ES-中間樁NO
1000
source_geometry
1000
DC59D
1071
335
  0
LINE
  5
1E3
330
17
100
AcDbEntity
  8
ES-中間樁NO
100
AcDbLine
 10
397085.7870494365
 20
-717324.5694823605
 30
0.0
 11
397257.2870494365
 21
-717324.5694823605
 31
0.0
1001
SUPPORT_DISTRIBUTION_UV
1000
clean_dxf_export_v1
1000
background
1000
column
1000
ES-中間樁NO
1000
source_geometry
1000
DC59E
1071
336
  0
LINE
  5
1E4
330
17
100
AcDbEntity
  8
ES-中間樁NO
100
AcDbLine
 10
397257.2870494365
 20
-717324.5694823605
 30
0.0
 11
397279.2870494365
 21
-717302.5694823605
 31
0.0
1001
SUPPORT_DISTRIBUTION_UV
1000
clean_dxf_export_v1
1000
background
1000
column
1000
ES-中間樁NO
1000
source_geometry
1000
DC59E
1071
337
  0
LINE
  5
1E5
330
17
100
AcDbEntity
  8
ES-中間樁NO
100
AcDbLine
 10
397279.2870494365
 20
-717302.5694823605
 30
0.0
 11
397279.2870494365
 21
-716988.5694823605
 31
0.0
1001
SUPPORT_DISTRIBUTION_UV
1000
clean_dxf_export_v1
1000
background
1000
column
1000
ES-中間樁NO
1000
source_geometry
1000
DC59E
1071
338
  0
LINE
  5
1E6
330
17
100
AcDbEntity
  8
ES-中間樁NO
100
AcDbLine
 10
397279.2870494365
 20
-716988.5694823605
 30
0.0
 11
397257.2870494365
 21
-716966.5694823605
 31
0.0
1001
SUPPORT_DISTRIBUTION_UV
1000
clean_dxf_export_v1
1000
background
1000
column
1000
ES-中間樁NO
1000
source_geometry
1000
DC59E
1071
339
  0
LINE
  5
1E7
330
17
100
AcDbEntity
  8
ES-中間樁NO
100
AcDbLine
 10
397257.2870494365
 20
-716966.5694823605
 30
0.0
 11
397085.7870494365
 21
-716966.5694823605
 31
0.0
1001
SUPPORT_DISTRIBUTION_UV
1000
clean_dxf_export_v1
1000
background
1000
column
1000
ES-中間樁NO
1000
source_geometry
1000
DC59E
1071
340
  0
LINE
  5
1E8
330
17
100
AcDbEntity
  8
ES-中間樁NO
100
AcDbLine
 10
397085.7870494365
 20
-716966.5694823605
 30
0.0
 11
397085.7870494365
 21
-716938.5694823605
 31
0.0
1001
SUPPORT_DISTRIBUTION_UV
1000
clean_dxf_export_v1
1000
background
1000
column
1000
ES-中間樁NO
1000
source_geometry
1000
DC59E
1071
341
  0
LINE
  5
1E9
330
17
100
AcDbEntity
  8
ES-中間樁NO
100
AcDbLine
 10
397085.7870494365
 20
-716938.5694823605
 30
0.0
 11
397490.7870494365
 21
-716938.5694823605
 31
0.0
1001
SUPPORT_DISTRIBUTION_UV
1000
clean_dxf_export_v1
1000
background
1000
column
1000
ES-中間樁NO
1000
source_geometry
1000
DC59E
1071
342
  0
LINE
  5
1EA
330
17
100
AcDbEntity
  8
ES-中間樁NO
100
AcDbLine
 10
397490.7870494365
 20
-716938.5694823605
 30
0.0
 11
397490.7870494365
 21
-716966.5694823605
 31
0.0
1001
SUPPORT_DISTRIBUTION_UV
1000
clean_dxf_export_v1
1000
background
1000
column
1000
ES-中間樁NO
1000
source_geometry
1000
DC59E
1071
343
  0
LINE
  5
1EB
330
17
100
AcDbEntity
  8
ES-中間樁NO
100
AcDbLine
 10
397490.7870494365
 20
-716966.5694823605
 30
0.0
 11
397319.2870494365
 21
-716966.5694823605
 31
0.0
1001
SUPPORT_DISTRIBUTION_UV
1000
clean_dxf_export_v1
1000
background
1000
column
1000
ES-中間樁NO
1000
source_geometry
1000
DC59E
1071
344
  0
LINE
  5
1EC
330
17
100
AcDbEntity
  8
ES-中間樁NO
100
AcDbLine
 10
397319.2870494365
 20
-716966.5694823605
 30
0.0
 11
397297.2870494365
 21
-716988.5694823605
 31
0.0
1001
SUPPORT_DISTRIBUTION_UV
1000
clean_dxf_export_v1
1000
background
1000
column
1000
ES-中間樁NO
1000
source_geometry
1000
DC59E
1071
345
  0
LINE
  5
1ED
330
17
100
AcDbEntity
  8
ES-中間樁NO
100
AcDbLine
 10
397297.2870494365
 20
-716988.5694823605
 30
0.0
 11
397297.2870494365
 21
-717302.5694823605
 31
0.0
1001
SUPPORT_DISTRIBUTION_UV
1000
clean_dxf_export_v1
1000
background
1000
column
1000
ES-中間樁NO
1000
source_geometry
1000
DC59E
1071
346
  0
LINE
  5
1EE
330
17
100
AcDbEntity
  8
ES-中間樁NO
100
AcDbLine
 10
397297.2870494365
 20
-717302.5694823605
 30
0.0
 11
397319.2870494365
 21
-717324.5694823605
 31
0.0
1001
SUPPORT_DISTRIBUTION_UV
1000
clean_dxf_export_v1
1000
background
1000
column
1000
ES-中間樁NO
1000
source_geometry
1000
DC59E
1071
347
  0
LINE
  5
1EF
330
17
100
AcDbEntity
  8
ES-中間樁NO
100
AcDbLine
 10
397319.2870494365
 20
-717324.5694823605
 30
0.0
 11
397490.7870494365
 21
-717324.5694823605
 31
0.0
1001
SUPPORT_DISTRIBUTION_UV
1000
clean_dxf_export_v1
1000
background
1000
column
1000
ES-中間樁NO
1000
source_geometry
1000
DC59E
1071
348
  0
LINE
  5
1F0
330
17
100
AcDbEntity
  8
ES-中間樁NO
100
AcDbLine
 10
397490.7870494365
 20
-717324.5694823605
 30
0.0
 11
397490.7870494365
 21
-717352.5694823605
 31
0.0
1001
SUPPORT_DISTRIBUTION_UV
1000
clean_dxf_export_v1
1000
background
1000
column
1000
ES-中間樁NO
1000
source_geometry
1000
DC59E
1071
349
  0
LINE
  5
1F1
330
17
100
AcDbEntity
  8
ES-中間樁NO
100
AcDbLine
 10
397490.7870494365
 20
-717352.5694823605
 30
0.0
 11
397085.7870494365
 21
-717352.5694823605
 31
0.0
1001
SUPPORT_DISTRIBUTION_UV
1000
clean_dxf_export_v1
1000
background
1000
column
1000
ES-中間樁NO
1000
source_geometry
1000
DC59E
1071
350
  0
LINE
  5
1F2
330
17
100
AcDbEntity
  8
ES-中間樁NO
100
AcDbLine
 10
397085.7870494365
 20
-717352.5694823605
 30
0.0
 11
397085.7870494365
 21
-717324.5694823605
 31
0.0
1001
SUPPORT_DISTRIBUTION_UV
1000
clean_dxf_export_v1
1000
background
1000
column
1000
ES-中間樁NO
1000
source_geometry
1000
DC59E
1071
351
  0
LINE
  5
1F3
330
17
100
AcDbEntity
  8
ES-中間樁NO
100
AcDbLine
 10
391085.7870494365
 20
-717324.5694823605
 30
0.0
 11
391257.2870494365
 21
-717324.5694823605
 31
0.0
1001
SUPPORT_DISTRIBUTION_UV
1000
clean_dxf_export_v1
1000
background
1000
column
1000
ES-中間樁NO
1000
source_geometry
1000
DC59F
1071
352
  0
LINE
  5
1F4
330
17
100
AcDbEntity
  8
ES-中間樁NO
100
AcDbLine
 10
391257.2870494365
 20
-717324.5694823605
 30
0.0
 11
391279.2870494365
 21
-717302.5694823605
 31
0.0
1001
SUPPORT_DISTRIBUTION_UV
1000
clean_dxf_export_v1
1000
background
1000
column
1000
ES-中間樁NO
1000
source_geometry
1000
DC59F
1071
353
  0
LINE
  5
1F5
330
17
100
AcDbEntity
  8
ES-中間樁NO
100
AcDbLine
 10
391279.2870494365
 20
-717302.5694823605
 30
0.0
 11
391279.2870494365
 21
-716988.5694823605
 31
0.0
1001
SUPPORT_DISTRIBUTION_UV
1000
clean_dxf_export_v1
1000
background
1000
column
1000
ES-中間樁NO
1000
source_geometry
1000
DC59F
1071
354
  0
LINE
  5
1F6
330
17
100
AcDbEntity
  8
ES-中間樁NO
100
AcDbLine
 10
391279.2870494365
 20
-716988.5694823605
 30
0.0
 11
391257.2870494365
 21
-716966.5694823605
 31
0.0
1001
SUPPORT_DISTRIBUTION_UV
1000
clean_dxf_export_v1
1000
background
1000
column
1000
ES-中間樁NO
1000
source_geometry
1000
DC59F
1071
355
  0
LINE
  5
1F7
330
17
100
AcDbEntity
  8
ES-中間樁NO
100
AcDbLine
 10
391257.2870494365
 20
-716966.5694823605
 30
0.0
 11
391085.7870494365
 21
-716966.5694823605
 31
0.0
1001
SUPPORT_DISTRIBUTION_UV
1000
clean_dxf_export_v1
1000
background
1000
column
1000
ES-中間樁NO
1000
source_geometry
1000
DC59F
1071
356
  0
LINE
  5
1F8
330
17
100
AcDbEntity
  8
ES-中間樁NO
100
AcDbLine
 10
391085.7870494365
 20
-716966.5694823605
 30
0.0
 11
391085.7870494365
 21
-716938.5694823605
 31
0.0
1001
SUPPORT_DISTRIBUTION_UV
1000
clean_dxf_export_v1
1000
background
1000
column
1000
ES-中間樁NO
1000
source_geometry
1000
DC59F
1071
357
  0
LINE
  5
1F9
330
17
100
AcDbEntity
  8
ES-中間樁NO
100
AcDbLine
 10
391085.7870494365
 20
-716938.5694823605
 30
0.0
 11
391490.7870494365
 21
-716938.5694823605
 31
0.0
1001
SUPPORT_DISTRIBUTION_UV
1000
clean_dxf_export_v1
1000
background
1000
column
1000
ES-中間樁NO
1000
source_geometry
1000
DC59F
1071
358
  0
LINE
  5
1FA
330
17
100
AcDbEntity
  8
ES-中間樁NO
100
AcDbLine
 10
391490.7870494365
 20
-716938.5694823605
 30
0.0
 11
391490.7870494365
 21
-716966.5694823605
 31
0.0
1001
SUPPORT_DISTRIBUTION_UV
1000
clean_dxf_export_v1
1000
background
1000
column
1000
ES-中間樁NO
1000
source_geometry
1000
DC59F
1071
359
  0
LINE
  5
1FB
330
17
100
AcDbEntity
  8
ES-中間樁NO
100
AcDbLine
 10
391490.7870494365
 20
-716966.5694823605
 30
0.0
 11
391319.2870494365
 21
-716966.5694823605
 31
0.0
1001
SUPPORT_DISTRIBUTION_UV
1000
clean_dxf_export_v1
1000
background
1000
column
1000
ES-中間樁NO
1000
source_geometry
1000
DC59F
1071
360
  0
LINE
  5
1FC
330
17
100
AcDbEntity
  8
ES-中間樁NO
100
AcDbLine
 10
391319.2870494365
 20
-716966.5694823605
 30
0.0
 11
391297.2870494365
 21
-716988.5694823605
 31
0.0
1001
SUPPORT_DISTRIBUTION_UV
1000
clean_dxf_export_v1
1000
background
1000
column
1000
ES-中間樁NO
1000
source_geometry
1000
DC59F
1071
361
  0
LINE
  5
1FD
330
17
100
AcDbEntity
  8
ES-中間樁NO
100
AcDbLine
 10
391297.2870494365
 20
-716988.5694823605
 30
0.0
 11
391297.2870494365
 21
-717302.5694823605
 31
0.0
1001
SUPPORT_DISTRIBUTION_UV
1000
clean_dxf_export_v1
1000
background
1000
column
1000
ES-中間樁NO
1000
source_geometry
1000
DC59F
1071
362
  0
LINE
  5
1FE
330
17
100
AcDbEntity
  8
ES-中間樁NO
100
AcDbLine
 10
391297.2870494365
 20
-717302.5694823605
 30
0.0
 11
391319.2870494365
 21
-717324.5694823605
 31
0.0
1001
SUPPORT_DISTRIBUTION_UV
1000
clean_dxf_export_v1
1000
background
1000
column
1000
ES-中間樁NO
1000
source_geometry
1000
DC59F
1071
363
  0
LINE
  5
1FF
330
17
100
AcDbEntity
  8
ES-中間樁NO
100
AcDbLine
 10
391319.2870494365
 20
-717324.5694823605
 30
0.0
 11
391490.7870494365
 21
-717324.5694823605
 31
0.0
1001
SUPPORT_DISTRIBUTION_UV
1000
clean_dxf_export_v1
1000
background
1000
column
1000
ES-中間樁NO
1000
source_geometry
1000
DC59F
1071
364
  0
LINE
  5
200
330
17
100
AcDbEntity
  8
ES-中間樁NO
100
AcDbLine
 10
391490.7870494365
 20
-717324.5694823605
 30
0.0
 11
391490.7870494365
 21
-717352.5694823605
 31
0.0
1001
SUPPORT_DISTRIBUTION_UV
1000
clean_dxf_export_v1
1000
background
1000
column
1000
ES-中間樁NO
1000
source_geometry
1000
DC59F
1071
365
  0
LINE
  5
201
330
17
100
AcDbEntity
  8
ES-中間樁NO
100
AcDbLine
 10
391490.7870494365
 20
-717352.5694823605
 30
0.0
 11
391085.7870494365
 21
-717352.5694823605
 31
0.0
1001
SUPPORT_DISTRIBUTION_UV
1000
clean_dxf_export_v1
1000
background
1000
column
1000
ES-中間樁NO
1000
source_geometry
1000
DC59F
1071
366
  0
LINE
  5
202
330
17
100
AcDbEntity
  8
ES-中間樁NO
100
AcDbLine
 10
391085.7870494365
 20
-717352.5694823605
 30
0.0
 11
391085.7870494365
 21
-717324.5694823605
 31
0.0
1001
SUPPORT_DISTRIBUTION_UV
1000
clean_dxf_export_v1
1000
background
1000
column
1000
ES-中間樁NO
1000
source_geometry
1000
DC59F
1071
367
  0
LINE
  5
203
330
17
100
AcDbEntity
  8
ES-中間樁NO
100
AcDbLine
 10
379585.7870494365
 20
-711424.570339984
 30
0.0
 11
379757.2870494365
 21
-711424.570339984
 31
0.0
1001
SUPPORT_DISTRIBUTION_UV
1000
clean_dxf_export_v1
1000
background
1000
column
1000
ES-中間樁NO
1000
source_geometry
1000
DC5A0
1071
368
  0
LINE
  5
204
330
17
100
AcDbEntity
  8
ES-中間樁NO
100
AcDbLine
 10
379757.2870494365
 20
-711424.570339984
 30
0.0
 11
379779.2870494365
 21
-711402.570339984
 31
0.0
1001
SUPPORT_DISTRIBUTION_UV
1000
clean_dxf_export_v1
1000
background
1000
column
1000
ES-中間樁NO
1000
source_geometry
1000
DC5A0
1071
369
  0
LINE
  5
205
330
17
100
AcDbEntity
  8
ES-中間樁NO
100
AcDbLine
 10
379779.2870494365
 20
-711402.570339984
 30
0.0
 11
379779.2870494365
 21
-711088.570339984
 31
0.0
1001
SUPPORT_DISTRIBUTION_UV
1000
clean_dxf_export_v1
1000
background
1000
column
1000
ES-中間樁NO
1000
source_geometry
1000
DC5A0
1071
370
  0
LINE
  5
206
330
17
100
AcDbEntity
  8
ES-中間樁NO
100
AcDbLine
 10
379779.2870494365
 20
-711088.570339984
 30
0.0
 11
379757.2870494365
 21
-711066.570339984
 31
0.0
1001
SUPPORT_DISTRIBUTION_UV
1000
clean_dxf_export_v1
1000
background
1000
column
1000
ES-中間樁NO
1000
source_geometry
1000
DC5A0
1071
371
  0
LINE
  5
207
330
17
100
AcDbEntity
  8
ES-中間樁NO
100
AcDbLine
 10
379757.2870494365
 20
-711066.570339984
 30
0.0
 11
379585.7870494365
 21
-711066.570339984
 31
0.0
1001
SUPPORT_DISTRIBUTION_UV
1000
clean_dxf_export_v1
1000
background
1000
column
1000
ES-中間樁NO
1000
source_geometry
1000
DC5A0
1071
372
  0
LINE
  5
208
330
17
100
AcDbEntity
  8
ES-中間樁NO
100
AcDbLine
 10
379585.7870494365
 20
-711066.570339984
 30
0.0
 11
379585.7870494365
 21
-711038.570339984
 31
0.0
1001
SUPPORT_DISTRIBUTION_UV
1000
clean_dxf_export_v1
1000
background
1000
column
1000
ES-中間樁NO
1000
source_geometry
1000
DC5A0
1071
373
  0
LINE
  5
209
330
17
100
AcDbEntity
  8
ES-中間樁NO
100
AcDbLine
 10
379585.7870494365
 20
-711038.570339984
 30
0.0
 11
379990.7870494365
 21
-711038.570339984
 31
0.0
1001
SUPPORT_DISTRIBUTION_UV
1000
clean_dxf_export_v1
1000
background
1000
column
1000
ES-中間樁NO
1000
source_geometry
1000
DC5A0
1071
374
  0
LINE
  5
20A
330
17
100
AcDbEntity
  8
ES-中間樁NO
100
AcDbLine
 10
379990.7870494365
 20
-711038.570339984
 30
0.0
 11
379990.7870494365
 21
-711066.570339984
 31
0.0
1001
SUPPORT_DISTRIBUTION_UV
1000
clean_dxf_export_v1
1000
background
1000
column
1000
ES-中間樁NO
1000
source_geometry
1000
DC5A0
1071
375
  0
LINE
  5
20B
330
17
100
AcDbEntity
  8
ES-中間樁NO
100
AcDbLine
 10
379990.7870494365
 20
-711066.570339984
 30
0.0
 11
379819.2870494365
 21
-711066.570339984
 31
0.0
1001
SUPPORT_DISTRIBUTION_UV
1000
clean_dxf_export_v1
1000
background
1000
column
1000
ES-中間樁NO
1000
source_geometry
1000
DC5A0
1071
376
  0
LINE
  5
20C
330
17
100
AcDbEntity
  8
ES-中間樁NO
100
AcDbLine
 10
379819.2870494365
 20
-711066.570339984
 30
0.0
 11
379797.2870494365
 21
-711088.570339984
 31
0.0
1001
SUPPORT_DISTRIBUTION_UV
1000
clean_dxf_export_v1
1000
background
1000
column
1000
ES-中間樁NO
1000
source_geometry
1000
DC5A0
1071
377
  0
LINE
  5
20D
330
17
100
AcDbEntity
  8
ES-中間樁NO
100
AcDbLine
 10
379797.2870494365
 20
-711088.570339984
 30
0.0
 11
379797.2870494365
 21
-711402.570339984
 31
0.0
1001
SUPPORT_DISTRIBUTION_UV
1000
clean_dxf_export_v1
1000
background
1000
column
1000
ES-中間樁NO
1000
source_geometry
1000
DC5A0
1071
378
  0
LINE
  5
20E
330
17
100
AcDbEntity
  8
ES-中間樁NO
100
AcDbLine
 10
379797.2870494365
 20
-711402.570339984
 30
0.0
 11
379819.2870494365
 21
-711424.570339984
 31
0.0
1001
SUPPORT_DISTRIBUTION_UV
1000
clean_dxf_export_v1
1000
background
1000
column
1000
ES-中間樁NO
1000
source_geometry
1000
DC5A0
1071
379
  0
LINE
  5
20F
330
17
100
AcDbEntity
  8
ES-中間樁NO
100
AcDbLine
 10
379819.2870494365
 20
-711424.570339984
 30
0.0
 11
379990.7870494365
 21
-711424.570339984
 31
0.0
1001
SUPPORT_DISTRIBUTION_UV
1000
clean_dxf_export_v1
1000
background
1000
column
1000
ES-中間樁NO
1000
source_geometry
1000
DC5A0
1071
380
  0
LINE
  5
210
330
17
100
AcDbEntity
  8
ES-中間樁NO
100
AcDbLine
 10
379990.7870494365
 20
-711424.570339984
 30
0.0
 11
379990.7870494365
 21
-711452.570339984
 31
0.0
1001
SUPPORT_DISTRIBUTION_UV
1000
clean_dxf_export_v1
1000
background
1000
column
1000
ES-中間樁NO
1000
source_geometry
1000
DC5A0
1071
381
  0
LINE
  5
211
330
17
100
AcDbEntity
  8
ES-中間樁NO
100
AcDbLine
 10
379990.7870494365
 20
-711452.570339984
 30
0.0
 11
379585.7870494365
 21
-711452.570339984
 31
0.0
1001
SUPPORT_DISTRIBUTION_UV
1000
clean_dxf_export_v1
1000
background
1000
column
1000
ES-中間樁NO
1000
source_geometry
1000
DC5A0
1071
382
  0
LINE
  5
212
330
17
100
AcDbEntity
  8
ES-中間樁NO
100
AcDbLine
 10
379585.7870494365
 20
-711452.570339984
 30
0.0
 11
379585.7870494365
 21
-711424.570339984
 31
0.0
1001
SUPPORT_DISTRIBUTION_UV
1000
clean_dxf_export_v1
1000
background
1000
column
1000
ES-中間樁NO
1000
source_geometry
1000
DC5A0
1071
383
  0
LINE
  5
213
330
17
100
AcDbEntity
  8
ES-中間樁NO
100
AcDbLine
 10
421085.7870494364
 20
-712274.570339984
 30
0.0
 11
421257.2870494364
 21
-712274.570339984
 31
0.0
1001
SUPPORT_DISTRIBUTION_UV
1000
clean_dxf_export_v1
1000
background
1000
column
1000
ES-中間樁NO
1000
source_geometry
1000
DC5A1
1071
384
  0
LINE
  5
214
330
17
100
AcDbEntity
  8
ES-中間樁NO
100
AcDbLine
 10
421257.2870494364
 20
-712274.570339984
 30
0.0
 11
421279.2870494364
 21
-712252.570339984
 31
0.0
1001
SUPPORT_DISTRIBUTION_UV
1000
clean_dxf_export_v1
1000
background
1000
column
1000
ES-中間樁NO
1000
source_geometry
1000
DC5A1
1071
385
  0
LINE
  5
215
330
17
100
AcDbEntity
  8
ES-中間樁NO
100
AcDbLine
 10
421279.2870494364
 20
-712252.570339984
 30
0.0
 11
421279.2870494364
 21
-711938.570339984
 31
0.0
1001
SUPPORT_DISTRIBUTION_UV
1000
clean_dxf_export_v1
1000
background
1000
column
1000
ES-中間樁NO
1000
source_geometry
1000
DC5A1
1071
386
  0
LINE
  5
216
330
17
100
AcDbEntity
  8
ES-中間樁NO
100
AcDbLine
 10
421279.2870494364
 20
-711938.570339984
 30
0.0
 11
421257.2870494364
 21
-711916.570339984
 31
0.0
1001
SUPPORT_DISTRIBUTION_UV
1000
clean_dxf_export_v1
1000
background
1000
column
1000
ES-中間樁NO
1000
source_geometry
1000
DC5A1
1071
387
  0
LINE
  5
217
330
17
100
AcDbEntity
  8
ES-中間樁NO
100
AcDbLine
 10
421257.2870494364
 20
-711916.570339984
 30
0.0
 11
421085.7870494364
 21
-711916.570339984
 31
0.0
1001
SUPPORT_DISTRIBUTION_UV
1000
clean_dxf_export_v1
1000
background
1000
column
1000
ES-中間樁NO
1000
source_geometry
1000
DC5A1
1071
388
  0
LINE
  5
218
330
17
100
AcDbEntity
  8
ES-中間樁NO
100
AcDbLine
 10
421085.7870494364
 20
-711916.570339984
 30
0.0
 11
421085.7870494364
 21
-711888.570339984
 31
0.0
1001
SUPPORT_DISTRIBUTION_UV
1000
clean_dxf_export_v1
1000
background
1000
column
1000
ES-中間樁NO
1000
source_geometry
1000
DC5A1
1071
389
  0
LINE
  5
219
330
17
100
AcDbEntity
  8
ES-中間樁NO
100
AcDbLine
 10
421085.7870494364
 20
-711888.570339984
 30
0.0
 11
421490.7870494364
 21
-711888.570339984
 31
0.0
1001
SUPPORT_DISTRIBUTION_UV
1000
clean_dxf_export_v1
1000
background
1000
column
1000
ES-中間樁NO
1000
source_geometry
1000
DC5A1
1071
390
  0
LINE
  5
21A
330
17
100
AcDbEntity
  8
ES-中間樁NO
100
AcDbLine
 10
421490.7870494364
 20
-711888.570339984
 30
0.0
 11
421490.7870494364
 21
-711916.570339984
 31
0.0
1001
SUPPORT_DISTRIBUTION_UV
1000
clean_dxf_export_v1
1000
background
1000
column
1000
ES-中間樁NO
1000
source_geometry
1000
DC5A1
1071
391
  0
LINE
  5
21B
330
17
100
AcDbEntity
  8
ES-中間樁NO
100
AcDbLine
 10
421490.7870494364
 20
-711916.570339984
 30
0.0
 11
421319.2870494364
 21
-711916.570339984
 31
0.0
1001
SUPPORT_DISTRIBUTION_UV
1000
clean_dxf_export_v1
1000
background
1000
column
1000
ES-中間樁NO
1000
source_geometry
1000
DC5A1
1071
392
  0
LINE
  5
21C
330
17
100
AcDbEntity
  8
ES-中間樁NO
100
AcDbLine
 10
421319.2870494364
 20
-711916.570339984
 30
0.0
 11
421297.2870494364
 21
-711938.570339984
 31
0.0
1001
SUPPORT_DISTRIBUTION_UV
1000
clean_dxf_export_v1
1000
background
1000
column
1000
ES-中間樁NO
1000
source_geometry
1000
DC5A1
1071
393
  0
LINE
  5
21D
330
17
100
AcDbEntity
  8
ES-中間樁NO
100
AcDbLine
 10
421297.2870494364
 20
-711938.570339984
 30
0.0
 11
421297.2870494364
 21
-712252.570339984
 31
0.0
1001
SUPPORT_DISTRIBUTION_UV
1000
clean_dxf_export_v1
1000
background
1000
column
1000
ES-中間樁NO
1000
source_geometry
1000
DC5A1
1071
394
  0
LINE
  5
21E
330
17
100
AcDbEntity
  8
ES-中間樁NO
100
AcDbLine
 10
421297.2870494364
 20
-712252.570339984
 30
0.0
 11
421319.2870494364
 21
-712274.570339984
 31
0.0
1001
SUPPORT_DISTRIBUTION_UV
1000
clean_dxf_export_v1
1000
background
1000
column
1000
ES-中間樁NO
1000
source_geometry
1000
DC5A1
1071
395
  0
LINE
  5
21F
330
17
100
AcDbEntity
  8
ES-中間樁NO
100
AcDbLine
 10
421319.2870494364
 20
-712274.570339984
 30
0.0
 11
421490.7870494364
 21
-712274.570339984
 31
0.0
1001
SUPPORT_DISTRIBUTION_UV
1000
clean_dxf_export_v1
1000
background
1000
column
1000
ES-中間樁NO
1000
source_geometry
1000
DC5A1
1071
396
  0
LINE
  5
220
330
17
100
AcDbEntity
  8
ES-中間樁NO
100
AcDbLine
 10
421490.7870494364
 20
-712274.570339984
 30
0.0
 11
421490.7870494364
 21
-712302.570339984
 31
0.0
1001
SUPPORT_DISTRIBUTION_UV
1000
clean_dxf_export_v1
1000
background
1000
column
1000
ES-中間樁NO
1000
source_geometry
1000
DC5A1
1071
397
  0
LINE
  5
221
330
17
100
AcDbEntity
  8
ES-中間樁NO
100
AcDbLine
 10
421490.7870494364
 20
-712302.570339984
 30
0.0
 11
421085.7870494364
 21
-712302.570339984
 31
0.0
1001
SUPPORT_DISTRIBUTION_UV
1000
clean_dxf_export_v1
1000
background
1000
column
1000
ES-中間樁NO
1000
source_geometry
1000
DC5A1
1071
398
  0
LINE
  5
222
330
17
100
AcDbEntity
  8
ES-中間樁NO
100
AcDbLine
 10
421085.7870494364
 20
-712302.570339984
 30
0.0
 11
421085.7870494364
 21
-712274.570339984
 31
0.0
1001
SUPPORT_DISTRIBUTION_UV
1000
clean_dxf_export_v1
1000
background
1000
column
1000
ES-中間樁NO
1000
source_geometry
1000
DC5A1
1071
399
  0
LINE
  5
223
330
17
100
AcDbEntity
  8
ES-中間樁NO
100
AcDbLine
 10
356585.7870494365
 20
-717174.5694823605
 30
0.0
 11
356757.2870494365
 21
-717174.5694823605
 31
0.0
1001
SUPPORT_DISTRIBUTION_UV
1000
clean_dxf_export_v1
1000
background
1000
column
1000
ES-中間樁NO
1000
source_geometry
1000
DC5A2
1071
400
  0
LINE
  5
224
330
17
100
AcDbEntity
  8
ES-中間樁NO
100
AcDbLine
 10
356757.2870494365
 20
-717174.5694823605
 30
0.0
 11
356779.2870494365
 21
-717152.5694823605
 31
0.0
1001
SUPPORT_DISTRIBUTION_UV
1000
clean_dxf_export_v1
1000
background
1000
column
1000
ES-中間樁NO
1000
source_geometry
1000
DC5A2
1071
401
  0
LINE
  5
225
330
17
100
AcDbEntity
  8
ES-中間樁NO
100
AcDbLine
 10
356779.2870494365
 20
-717152.5694823605
 30
0.0
 11
356779.2870494365
 21
-716838.5694823605
 31
0.0
1001
SUPPORT_DISTRIBUTION_UV
1000
clean_dxf_export_v1
1000
background
1000
column
1000
ES-中間樁NO
1000
source_geometry
1000
DC5A2
1071
402
  0
LINE
  5
226
330
17
100
AcDbEntity
  8
ES-中間樁NO
100
AcDbLine
 10
356779.2870494365
 20
-716838.5694823605
 30
0.0
 11
356757.2870494365
 21
-716816.5694823605
 31
0.0
1001
SUPPORT_DISTRIBUTION_UV
1000
clean_dxf_export_v1
1000
background
1000
column
1000
ES-中間樁NO
1000
source_geometry
1000
DC5A2
1071
403
  0
LINE
  5
227
330
17
100
AcDbEntity
  8
ES-中間樁NO
100
AcDbLine
 10
356757.2870494365
 20
-716816.5694823605
 30
0.0
 11
356585.7870494365
 21
-716816.5694823605
 31
0.0
1001
SUPPORT_DISTRIBUTION_UV
1000
clean_dxf_export_v1
1000
background
1000
column
1000
ES-中間樁NO
1000
source_geometry
1000
DC5A2
1071
404
  0
LINE
  5
228
330
17
100
AcDbEntity
  8
ES-中間樁NO
100
AcDbLine
 10
356585.7870494365
 20
-716816.5694823605
 30
0.0
 11
356585.7870494365
 21
-716788.5694823605
 31
0.0
1001
SUPPORT_DISTRIBUTION_UV
1000
clean_dxf_export_v1
1000
background
1000
column
1000
ES-中間樁NO
1000
source_geometry
1000
DC5A2
1071
405
  0
LINE
  5
229
330
17
100
AcDbEntity
  8
ES-中間樁NO
100
AcDbLine
 10
356585.7870494365
 20
-716788.5694823605
 30
0.0
 11
356990.7870494365
 21
-716788.5694823605
 31
0.0
1001
SUPPORT_DISTRIBUTION_UV
1000
clean_dxf_export_v1
1000
background
1000
column
1000
ES-中間樁NO
1000
source_geometry
1000
DC5A2
1071
406
  0
LINE
  5
22A
330
17
100
AcDbEntity
  8
ES-中間樁NO
100
AcDbLine
 10
356990.7870494365
 20
-716788.5694823605
 30
0.0
 11
356990.7870494365
 21
-716816.5694823605
 31
0.0
1001
SUPPORT_DISTRIBUTION_UV
1000
clean_dxf_export_v1
1000
background
1000
column
1000
ES-中間樁NO
1000
source_geometry
1000
DC5A2
1071
407
  0
LINE
  5
22B
330
17
100
AcDbEntity
  8
ES-中間樁NO
100
AcDbLine
 10
356990.7870494365
 20
-716816.5694823605
 30
0.0
 11
356819.2870494365
 21
-716816.5694823605
 31
0.0
1001
SUPPORT_DISTRIBUTION_UV
1000
clean_dxf_export_v1
1000
background
1000
column
1000
ES-中間樁NO
1000
source_geometry
1000
DC5A2
1071
408
  0
LINE
  5
22C
330
17
100
AcDbEntity
  8
ES-中間樁NO
100
AcDbLine
 10
356819.2870494365
 20
-716816.5694823605
 30
0.0
 11
356797.2870494365
 21
-716838.5694823605
 31
0.0
1001
SUPPORT_DISTRIBUTION_UV
1000
clean_dxf_export_v1
1000
background
1000
column
1000
ES-中間樁NO
1000
source_geometry
1000
DC5A2
1071
409
  0
LINE
  5
22D
330
17
100
AcDbEntity
  8
ES-中間樁NO
100
AcDbLine
 10
356797.2870494365
 20
-716838.5694823605
 30
0.0
 11
356797.2870494365
 21
-717152.5694823605
 31
0.0
1001
SUPPORT_DISTRIBUTION_UV
1000
clean_dxf_export_v1
1000
background
1000
column
1000
ES-中間樁NO
1000
source_geometry
1000
DC5A2
1071
410
  0
LINE
  5
22E
330
17
100
AcDbEntity
  8
ES-中間樁NO
100
AcDbLine
 10
356797.2870494365
 20
-717152.5694823605
 30
0.0
 11
356819.2870494365
 21
-717174.5694823605
 31
0.0
1001
SUPPORT_DISTRIBUTION_UV
1000
clean_dxf_export_v1
1000
background
1000
column
1000
ES-中間樁NO
1000
source_geometry
1000
DC5A2
1071
411
  0
LINE
  5
22F
330
17
100
AcDbEntity
  8
ES-中間樁NO
100
AcDbLine
 10
356819.2870494365
 20
-717174.5694823605
 30
0.0
 11
356990.7870494365
 21
-717174.5694823605
 31
0.0
1001
SUPPORT_DISTRIBUTION_UV
1000
clean_dxf_export_v1
1000
background
1000
column
1000
ES-中間樁NO
1000
source_geometry
1000
DC5A2
1071
412
  0
LINE
  5
230
330
17
100
AcDbEntity
  8
ES-中間樁NO
100
AcDbLine
 10
356990.7870494365
 20
-717174.5694823605
 30
0.0
 11
356990.7870494365
 21
-717202.5694823605
 31
0.0
1001
SUPPORT_DISTRIBUTION_UV
1000
clean_dxf_export_v1
1000
background
1000
column
1000
ES-中間樁NO
1000
source_geometry
1000
DC5A2
1071
413
  0
LINE
  5
231
330
17
100
AcDbEntity
  8
ES-中間樁NO
100
AcDbLine
 10
356990.7870494365
 20
-717202.5694823605
 30
0.0
 11
356585.7870494365
 21
-717202.5694823605
 31
0.0
1001
SUPPORT_DISTRIBUTION_UV
1000
clean_dxf_export_v1
1000
background
1000
column
1000
ES-中間樁NO
1000
source_geometry
1000
DC5A2
1071
414
  0
LINE
  5
232
330
17
100
AcDbEntity
  8
ES-中間樁NO
100
AcDbLine
 10
356585.7870494365
 20
-717202.5694823605
 30
0.0
 11
356585.7870494365
 21
-717174.5694823605
 31
0.0
1001
SUPPORT_DISTRIBUTION_UV
1000
clean_dxf_export_v1
1000
background
1000
column
1000
ES-中間樁NO
1000
source_geometry
1000
DC5A2
1071
415
  0
LINE
  5
233
330
17
100
AcDbEntity
  8
ES-中間樁NO
100
AcDbLine
 10
429585.7870494365
 20
-716474.5694823605
 30
0.0
 11
429757.2870494365
 21
-716474.5694823605
 31
0.0
1001
SUPPORT_DISTRIBUTION_UV
1000
clean_dxf_export_v1
1000
background
1000
column
1000
ES-中間樁NO
1000
source_geometry
1000
DC5A3
1071
416
  0
LINE
  5
234
330
17
100
AcDbEntity
  8
ES-中間樁NO
100
AcDbLine
 10
429757.2870494365
 20
-716474.5694823605
 30
0.0
 11
429779.2870494365
 21
-716452.5694823605
 31
0.0
1001
SUPPORT_DISTRIBUTION_UV
1000
clean_dxf_export_v1
1000
background
1000
column
1000
ES-中間樁NO
1000
source_geometry
1000
DC5A3
1071
417
  0
LINE
  5
235
330
17
100
AcDbEntity
  8
ES-中間樁NO
100
AcDbLine
 10
429779.2870494365
 20
-716452.5694823605
 30
0.0
 11
429779.2870494365
 21
-716138.5694823605
 31
0.0
1001
SUPPORT_DISTRIBUTION_UV
1000
clean_dxf_export_v1
1000
background
1000
column
1000
ES-中間樁NO
1000
source_geometry
1000
DC5A3
1071
418
  0
LINE
  5
236
330
17
100
AcDbEntity
  8
ES-中間樁NO
100
AcDbLine
 10
429779.2870494365
 20
-716138.5694823605
 30
0.0
 11
429757.2870494365
 21
-716116.5694823605
 31
0.0
1001
SUPPORT_DISTRIBUTION_UV
1000
clean_dxf_export_v1
1000
background
1000
column
1000
ES-中間樁NO
1000
source_geometry
1000
DC5A3
1071
419
  0
LINE
  5
237
330
17
100
AcDbEntity
  8
ES-中間樁NO
100
AcDbLine
 10
429757.2870494365
 20
-716116.5694823605
 30
0.0
 11
429585.7870494365
 21
-716116.5694823605
 31
0.0
1001
SUPPORT_DISTRIBUTION_UV
1000
clean_dxf_export_v1
1000
background
1000
column
1000
ES-中間樁NO
1000
source_geometry
1000
DC5A3
1071
420
  0
LINE
  5
238
330
17
100
AcDbEntity
  8
ES-中間樁NO
100
AcDbLine
 10
429585.7870494365
 20
-716116.5694823605
 30
0.0
 11
429585.7870494365
 21
-716088.5694823605
 31
0.0
1001
SUPPORT_DISTRIBUTION_UV
1000
clean_dxf_export_v1
1000
background
1000
column
1000
ES-中間樁NO
1000
source_geometry
1000
DC5A3
1071
421
  0
LINE
  5
239
330
17
100
AcDbEntity
  8
ES-中間樁NO
100
AcDbLine
 10
429585.7870494365
 20
-716088.5694823605
 30
0.0
 11
429990.7870494365
 21
-716088.5694823605
 31
0.0
1001
SUPPORT_DISTRIBUTION_UV
1000
clean_dxf_export_v1
1000
background
1000
column
1000
ES-中間樁NO
1000
source_geometry
1000
DC5A3
1071
422
  0
LINE
  5
23A
330
17
100
AcDbEntity
  8
ES-中間樁NO
100
AcDbLine
 10
429990.7870494365
 20
-716088.5694823605
 30
0.0
 11
429990.7870494365
 21
-716116.5694823605
 31
0.0
1001
SUPPORT_DISTRIBUTION_UV
1000
clean_dxf_export_v1
1000
background
1000
column
1000
ES-中間樁NO
1000
source_geometry
1000
DC5A3
1071
423
  0
LINE
  5
23B
330
17
100
AcDbEntity
  8
ES-中間樁NO
100
AcDbLine
 10
429990.7870494365
 20
-716116.5694823605
 30
0.0
 11
429819.2870494365
 21
-716116.5694823605
 31
0.0
1001
SUPPORT_DISTRIBUTION_UV
1000
clean_dxf_export_v1
1000
background
1000
column
1000
ES-中間樁NO
1000
source_geometry
1000
DC5A3
1071
424
  0
LINE
  5
23C
330
17
100
AcDbEntity
  8
ES-中間樁NO
100
AcDbLine
 10
429819.2870494365
 20
-716116.5694823605
 30
0.0
 11
429797.2870494365
 21
-716138.5694823605
 31
0.0
1001
SUPPORT_DISTRIBUTION_UV
1000
clean_dxf_export_v1
1000
background
1000
column
1000
ES-中間樁NO
1000
source_geometry
1000
DC5A3
1071
425
  0
LINE
  5
23D
330
17
100
AcDbEntity
  8
ES-中間樁NO
100
AcDbLine
 10
429797.2870494365
 20
-716138.5694823605
 30
0.0
 11
429797.2870494365
 21
-716452.5694823605
 31
0.0
1001
SUPPORT_DISTRIBUTION_UV
1000
clean_dxf_export_v1
1000
background
1000
column
1000
ES-中間樁NO
1000
source_geometry
1000
DC5A3
1071
426
  0
LINE
  5
23E
330
17
100
AcDbEntity
  8
ES-中間樁NO
100
AcDbLine
 10
429797.2870494365
 20
-716452.5694823605
 30
0.0
 11
429819.2870494365
 21
-716474.5694823605
 31
0.0
1001
SUPPORT_DISTRIBUTION_UV
1000
clean_dxf_export_v1
1000
background
1000
column
1000
ES-中間樁NO
1000
source_geometry
1000
DC5A3
1071
427
  0
LINE
  5
23F
330
17
100
AcDbEntity
  8
ES-中間樁NO
100
AcDbLine
 10
429819.2870494365
 20
-716474.5694823605
 30
0.0
 11
429990.7870494365
 21
-716474.5694823605
 31
0.0
1001
SUPPORT_DISTRIBUTION_UV
1000
clean_dxf_export_v1
1000
background
1000
column
1000
ES-中間樁NO
1000
source_geometry
1000
DC5A3
1071
428
  0
LINE
  5
240
330
17
100
AcDbEntity
  8
ES-中間樁NO
100
AcDbLine
 10
429990.7870494365
 20
-716474.5694823605
 30
0.0
 11
429990.7870494365
 21
-716502.5694823605
 31
0.0
1001
SUPPORT_DISTRIBUTION_UV
1000
clean_dxf_export_v1
1000
background
1000
column
1000
ES-中間樁NO
1000
source_geometry
1000
DC5A3
1071
429
  0
LINE
  5
241
330
17
100
AcDbEntity
  8
ES-中間樁NO
100
AcDbLine
 10
429990.7870494365
 20
-716502.5694823605
 30
0.0
 11
429585.7870494365
 21
-716502.5694823605
 31
0.0
1001
SUPPORT_DISTRIBUTION_UV
1000
clean_dxf_export_v1
1000
background
1000
column
1000
ES-中間樁NO
1000
source_geometry
1000
DC5A3
1071
430
  0
LINE
  5
242
330
17
100
AcDbEntity
  8
ES-中間樁NO
100
AcDbLine
 10
429585.7870494365
 20
-716502.5694823605
 30
0.0
 11
429585.7870494365
 21
-716474.5694823605
 31
0.0
1001
SUPPORT_DISTRIBUTION_UV
1000
clean_dxf_export_v1
1000
background
1000
column
1000
ES-中間樁NO
1000
source_geometry
1000
DC5A3
1071
431
  0
LINE
  5
243
330
17
100
AcDbEntity
  8
ES-中間樁NO
100
AcDbLine
 10
356585.7870494365
 20
-711574.570339984
 30
0.0
 11
356757.2870494365
 21
-711574.570339984
 31
0.0
1001
SUPPORT_DISTRIBUTION_UV
1000
clean_dxf_export_v1
1000
background
1000
column
1000
ES-中間樁NO
1000
source_geometry
1000
DC5A4
1071
432
  0
LINE
  5
244
330
17
100
AcDbEntity
  8
ES-中間樁NO
100
AcDbLine
 10
356757.2870494365
 20
-711574.570339984
 30
0.0
 11
356779.2870494365
 21
-711552.570339984
 31
0.0
1001
SUPPORT_DISTRIBUTION_UV
1000
clean_dxf_export_v1
1000
background
1000
column
1000
ES-中間樁NO
1000
source_geometry
1000
DC5A4
1071
433
  0
LINE
  5
245
330
17
100
AcDbEntity
  8
ES-中間樁NO
100
AcDbLine
 10
356779.2870494365
 20
-711552.570339984
 30
0.0
 11
356779.2870494365
 21
-711238.570339984
 31
0.0
1001
SUPPORT_DISTRIBUTION_UV
1000
clean_dxf_export_v1
1000
background
1000
column
1000
ES-中間樁NO
1000
source_geometry
1000
DC5A4
1071
434
  0
LINE
  5
246
330
17
100
AcDbEntity
  8
ES-中間樁NO
100
AcDbLine
 10
356779.2870494365
 20
-711238.570339984
 30
0.0
 11
356757.2870494365
 21
-711216.570339984
 31
0.0
1001
SUPPORT_DISTRIBUTION_UV
1000
clean_dxf_export_v1
1000
background
1000
column
1000
ES-中間樁NO
1000
source_geometry
1000
DC5A4
1071
435
  0
LINE
  5
247
330
17
100
AcDbEntity
  8
ES-中間樁NO
100
AcDbLine
 10
356757.2870494365
 20
-711216.570339984
 30
0.0
 11
356585.7870494365
 21
-711216.570339984
 31
0.0
1001
SUPPORT_DISTRIBUTION_UV
1000
clean_dxf_export_v1
1000
background
1000
column
1000
ES-中間樁NO
1000
source_geometry
1000
DC5A4
1071
436
  0
LINE
  5
248
330
17
100
AcDbEntity
  8
ES-中間樁NO
100
AcDbLine
 10
356585.7870494365
 20
-711216.570339984
 30
0.0
 11
356585.7870494365
 21
-711188.570339984
 31
0.0
1001
SUPPORT_DISTRIBUTION_UV
1000
clean_dxf_export_v1
1000
background
1000
column
1000
ES-中間樁NO
1000
source_geometry
1000
DC5A4
1071
437
  0
LINE
  5
249
330
17
100
AcDbEntity
  8
ES-中間樁NO
100
AcDbLine
 10
356585.7870494365
 20
-711188.570339984
 30
0.0
 11
356990.7870494365
 21
-711188.570339984
 31
0.0
1001
SUPPORT_DISTRIBUTION_UV
1000
clean_dxf_export_v1
1000
background
1000
column
1000
ES-中間樁NO
1000
source_geometry
1000
DC5A4
1071
438
  0
LINE
  5
24A
330
17
100
AcDbEntity
  8
ES-中間樁NO
100
AcDbLine
 10
356990.7870494365
 20
-711188.570339984
 30
0.0
 11
356990.7870494365
 21
-711216.570339984
 31
0.0
1001
SUPPORT_DISTRIBUTION_UV
1000
clean_dxf_export_v1
1000
background
1000
column
1000
ES-中間樁NO
1000
source_geometry
1000
DC5A4
1071
439
  0
LINE
  5
24B
330
17
100
AcDbEntity
  8
ES-中間樁NO
100
AcDbLine
 10
356990.7870494365
 20
-711216.570339984
 30
0.0
 11
356819.2870494365
 21
-711216.570339984
 31
0.0
1001
SUPPORT_DISTRIBUTION_UV
1000
clean_dxf_export_v1
1000
background
1000
column
1000
ES-中間樁NO
1000
source_geometry
1000
DC5A4
1071
440
  0
LINE
  5
24C
330
17
100
AcDbEntity
  8
ES-中間樁NO
100
AcDbLine
 10
356819.2870494365
 20
-711216.570339984
 30
0.0
 11
356797.2870494365
 21
-711238.570339984
 31
0.0
1001
SUPPORT_DISTRIBUTION_UV
1000
clean_dxf_export_v1
1000
background
1000
column
1000
ES-中間樁NO
1000
source_geometry
1000
DC5A4
1071
441
  0
LINE
  5
24D
330
17
100
AcDbEntity
  8
ES-中間樁NO
100
AcDbLine
 10
356797.2870494365
 20
-711238.570339984
 30
0.0
 11
356797.2870494365
 21
-711552.570339984
 31
0.0
1001
SUPPORT_DISTRIBUTION_UV
1000
clean_dxf_export_v1
1000
background
1000
column
1000
ES-中間樁NO
1000
source_geometry
1000
DC5A4
1071
442
  0
LINE
  5
24E
330
17
100
AcDbEntity
  8
ES-中間樁NO
100
AcDbLine
 10
356797.2870494365
 20
-711552.570339984
 30
0.0
 11
356819.2870494365
 21
-711574.570339984
 31
0.0
1001
SUPPORT_DISTRIBUTION_UV
1000
clean_dxf_export_v1
1000
background
1000
column
1000
ES-中間樁NO
1000
source_geometry
1000
DC5A4
1071
443
  0
LINE
  5
24F
330
17
100
AcDbEntity
  8
ES-中間樁NO
100
AcDbLine
 10
356819.2870494365
 20
-711574.570339984
 30
0.0
 11
356990.7870494365
 21
-711574.570339984
 31
0.0
1001
SUPPORT_DISTRIBUTION_UV
1000
clean_dxf_export_v1
1000
background
1000
column
1000
ES-中間樁NO
1000
source_geometry
1000
DC5A4
1071
444
  0
LINE
  5
250
330
17
100
AcDbEntity
  8
ES-中間樁NO
100
AcDbLine
 10
356990.7870494365
 20
-711574.570339984
 30
0.0
 11
356990.7870494365
 21
-711602.570339984
 31
0.0
1001
SUPPORT_DISTRIBUTION_UV
1000
clean_dxf_export_v1
1000
background
1000
column
1000
ES-中間樁NO
1000
source_geometry
1000
DC5A4
1071
445
  0
LINE
  5
251
330
17
100
AcDbEntity
  8
ES-中間樁NO
100
AcDbLine
 10
356990.7870494365
 20
-711602.570339984
 30
0.0
 11
356585.7870494365
 21
-711602.570339984
 31
0.0
1001
SUPPORT_DISTRIBUTION_UV
1000
clean_dxf_export_v1
1000
background
1000
column
1000
ES-中間樁NO
1000
source_geometry
1000
DC5A4
1071
446
  0
LINE
  5
252
330
17
100
AcDbEntity
  8
ES-中間樁NO
100
AcDbLine
 10
356585.7870494365
 20
-711602.570339984
 30
0.0
 11
356585.7870494365
 21
-711574.570339984
 31
0.0
1001
SUPPORT_DISTRIBUTION_UV
1000
clean_dxf_export_v1
1000
background
1000
column
1000
ES-中間樁NO
1000
source_geometry
1000
DC5A4
1071
447
  0
LINE
  5
253
330
17
100
AcDbEntity
  8
ES-中間樁NO
100
AcDbLine
 10
373585.7870494365
 20
-711424.570339984
 30
0.0
 11
373757.2870494365
 21
-711424.570339984
 31
0.0
1001
SUPPORT_DISTRIBUTION_UV
1000
clean_dxf_export_v1
1000
background
1000
column
1000
ES-中間樁NO
1000
source_geometry
1000
DC5A5
1071
448
  0
LINE
  5
254
330
17
100
AcDbEntity
  8
ES-中間樁NO
100
AcDbLine
 10
373757.2870494365
 20
-711424.570339984
 30
0.0
 11
373779.2870494365
 21
-711402.570339984
 31
0.0
1001
SUPPORT_DISTRIBUTION_UV
1000
clean_dxf_export_v1
1000
background
1000
column
1000
ES-中間樁NO
1000
source_geometry
1000
DC5A5
1071
449
  0
LINE
  5
255
330
17
100
AcDbEntity
  8
ES-中間樁NO
100
AcDbLine
 10
373779.2870494365
 20
-711402.570339984
 30
0.0
 11
373779.2870494365
 21
-711088.570339984
 31
0.0
1001
SUPPORT_DISTRIBUTION_UV
1000
clean_dxf_export_v1
1000
background
1000
column
1000
ES-中間樁NO
1000
source_geometry
1000
DC5A5
1071
450
  0
LINE
  5
256
330
17
100
AcDbEntity
  8
ES-中間樁NO
100
AcDbLine
 10
373779.2870494365
 20
-711088.570339984
 30
0.0
 11
373757.2870494365
 21
-711066.570339984
 31
0.0
1001
SUPPORT_DISTRIBUTION_UV
1000
clean_dxf_export_v1
1000
background
1000
column
1000
ES-中間樁NO
1000
source_geometry
1000
DC5A5
1071
451
  0
LINE
  5
257
330
17
100
AcDbEntity
  8
ES-中間樁NO
100
AcDbLine
 10
373757.2870494365
 20
-711066.570339984
 30
0.0
 11
373585.7870494365
 21
-711066.570339984
 31
0.0
1001
SUPPORT_DISTRIBUTION_UV
1000
clean_dxf_export_v1
1000
background
1000
column
1000
ES-中間樁NO
1000
source_geometry
1000
DC5A5
1071
452
  0
LINE
  5
258
330
17
100
AcDbEntity
  8
ES-中間樁NO
100
AcDbLine
 10
373585.7870494365
 20
-711066.570339984
 30
0.0
 11
373585.7870494365
 21
-711038.570339984
 31
0.0
1001
SUPPORT_DISTRIBUTION_UV
1000
clean_dxf_export_v1
1000
background
1000
column
1000
ES-中間樁NO
1000
source_geometry
1000
DC5A5
1071
453
  0
LINE
  5
259
330
17
100
AcDbEntity
  8
ES-中間樁NO
100
AcDbLine
 10
373585.7870494365
 20
-711038.570339984
 30
0.0
 11
373990.7870494365
 21
-711038.570339984
 31
0.0
1001
SUPPORT_DISTRIBUTION_UV
1000
clean_dxf_export_v1
1000
background
1000
column
1000
ES-中間樁NO
1000
source_geometry
1000
DC5A5
1071
454
  0
LINE
  5
25A
330
17
100
AcDbEntity
  8
ES-中間樁NO
100
AcDbLine
 10
373990.7870494365
 20
-711038.570339984
 30
0.0
 11
373990.7870494365
 21
-711066.570339984
 31
0.0
1001
SUPPORT_DISTRIBUTION_UV
1000
clean_dxf_export_v1
1000
background
1000
column
1000
ES-中間樁NO
1000
source_geometry
1000
DC5A5
1071
455
  0
LINE
  5
25B
330
17
100
AcDbEntity
  8
ES-中間樁NO
100
AcDbLine
 10
373990.7870494365
 20
-711066.570339984
 30
0.0
 11
373819.2870494365
 21
-711066.570339984
 31
0.0
1001
SUPPORT_DISTRIBUTION_UV
1000
clean_dxf_export_v1
1000
background
1000
column
1000
ES-中間樁NO
1000
source_geometry
1000
DC5A5
1071
456
  0
LINE
  5
25C
330
17
100
AcDbEntity
  8
ES-中間樁NO
100
AcDbLine
 10
373819.2870494365
 20
-711066.570339984
 30
0.0
 11
373797.2870494365
 21
-711088.570339984
 31
0.0
1001
SUPPORT_DISTRIBUTION_UV
1000
clean_dxf_export_v1
1000
background
1000
column
1000
ES-中間樁NO
1000
source_geometry
1000
DC5A5
1071
457
  0
LINE
  5
25D
330
17
100
AcDbEntity
  8
ES-中間樁NO
100
AcDbLine
 10
373797.2870494365
 20
-711088.570339984
 30
0.0
 11
373797.2870494365
 21
-711402.570339984
 31
0.0
1001
SUPPORT_DISTRIBUTION_UV
1000
clean_dxf_export_v1
1000
background
1000
column
1000
ES-中間樁NO
1000
source_geometry
1000
DC5A5
1071
458
  0
LINE
  5
25E
330
17
100
AcDbEntity
  8
ES-中間樁NO
100
AcDbLine
 10
373797.2870494365
 20
-711402.570339984
 30
0.0
 11
373819.2870494365
 21
-711424.570339984
 31
0.0
1001
SUPPORT_DISTRIBUTION_UV
1000
clean_dxf_export_v1
1000
background
1000
column
1000
ES-中間樁NO
1000
source_geometry
1000
DC5A5
1071
459
  0
LINE
  5
25F
330
17
100
AcDbEntity
  8
ES-中間樁NO
100
AcDbLine
 10
373819.2870494365
 20
-711424.570339984
 30
0.0
 11
373990.7870494365
 21
-711424.570339984
 31
0.0
1001
SUPPORT_DISTRIBUTION_UV
1000
clean_dxf_export_v1
1000
background
1000
column
1000
ES-中間樁NO
1000
source_geometry
1000
DC5A5
1071
460
  0
LINE
  5
260
330
17
100
AcDbEntity
  8
ES-中間樁NO
100
AcDbLine
 10
373990.7870494365
 20
-711424.570339984
 30
0.0
 11
373990.7870494365
 21
-711452.570339984
 31
0.0
1001
SUPPORT_DISTRIBUTION_UV
1000
clean_dxf_export_v1
1000
background
1000
column
1000
ES-中間樁NO
1000
source_geometry
1000
DC5A5
1071
461
  0
LINE
  5
261
330
17
100
AcDbEntity
  8
ES-中間樁NO
100
AcDbLine
 10
373990.7870494365
 20
-711452.570339984
 30
0.0
 11
373585.7870494365
 21
-711452.570339984
 31
0.0
1001
SUPPORT_DISTRIBUTION_UV
1000
clean_dxf_export_v1
1000
background
1000
column
1000
ES-中間樁NO
1000
source_geometry
1000
DC5A5
1071
462
  0
LINE
  5
262
330
17
100
AcDbEntity
  8
ES-中間樁NO
100
AcDbLine
 10
373585.7870494365
 20
-711452.570339984
 30
0.0
 11
373585.7870494365
 21
-711424.570339984
 31
0.0
1001
SUPPORT_DISTRIBUTION_UV
1000
clean_dxf_export_v1
1000
background
1000
column
1000
ES-中間樁NO
1000
source_geometry
1000
DC5A5
1071
463
  0
LINE
  5
263
330
17
100
AcDbEntity
  8
ES-中間樁NO
100
AcDbLine
 10
350585.7870494365
 20
-712274.570339984
 30
0.0
 11
350757.2870494365
 21
-712274.570339984
 31
0.0
1001
SUPPORT_DISTRIBUTION_UV
1000
clean_dxf_export_v1
1000
background
1000
column
1000
ES-中間樁NO
1000
source_geometry
1000
DC5A6
1071
464
  0
LINE
  5
264
330
17
100
AcDbEntity
  8
ES-中間樁NO
100
AcDbLine
 10
350757.2870494365
 20
-712274.570339984
 30
0.0
 11
350779.2870494365
 21
-712252.570339984
 31
0.0
1001
SUPPORT_DISTRIBUTION_UV
1000
clean_dxf_export_v1
1000
background
1000
column
1000
ES-中間樁NO
1000
source_geometry
1000
DC5A6
1071
465
  0
LINE
  5
265
330
17
100
AcDbEntity
  8
ES-中間樁NO
100
AcDbLine
 10
350779.2870494365
 20
-712252.570339984
 30
0.0
 11
350779.2870494365
 21
-711938.570339984
 31
0.0
1001
SUPPORT_DISTRIBUTION_UV
1000
clean_dxf_export_v1
1000
background
1000
column
1000
ES-中間樁NO
1000
source_geometry
1000
DC5A6
1071
466
  0
LINE
  5
266
330
17
100
AcDbEntity
  8
ES-中間樁NO
100
AcDbLine
 10
350779.2870494365
 20
-711938.570339984
 30
0.0
 11
350757.2870494365
 21
-711916.570339984
 31
0.0
1001
SUPPORT_DISTRIBUTION_UV
1000
clean_dxf_export_v1
1000
background
1000
column
1000
ES-中間樁NO
1000
source_geometry
1000
DC5A6
1071
467
  0
LINE
  5
267
330
17
100
AcDbEntity
  8
ES-中間樁NO
100
AcDbLine
 10
350757.2870494365
 20
-711916.570339984
 30
0.0
 11
350585.7870494365
 21
-711916.570339984
 31
0.0
1001
SUPPORT_DISTRIBUTION_UV
1000
clean_dxf_export_v1
1000
background
1000
column
1000
ES-中間樁NO
1000
source_geometry
1000
DC5A6
1071
468
  0
LINE
  5
268
330
17
100
AcDbEntity
  8
ES-中間樁NO
100
AcDbLine
 10
350585.7870494365
 20
-711916.570339984
 30
0.0
 11
350585.7870494365
 21
-711888.570339984
 31
0.0
1001
SUPPORT_DISTRIBUTION_UV
1000
clean_dxf_export_v1
1000
background
1000
column
1000
ES-中間樁NO
1000
source_geometry
1000
DC5A6
1071
469
  0
LINE
  5
269
330
17
100
AcDbEntity
  8
ES-中間樁NO
100
AcDbLine
 10
350585.7870494365
 20
-711888.570339984
 30
0.0
 11
350990.7870494365
 21
-711888.570339984
 31
0.0
1001
SUPPORT_DISTRIBUTION_UV
1000
clean_dxf_export_v1
1000
background
1000
column
1000
ES-中間樁NO
1000
source_geometry
1000
DC5A6
1071
470
  0
LINE
  5
26A
330
17
100
AcDbEntity
  8
ES-中間樁NO
100
AcDbLine
 10
350990.7870494365
 20
-711888.570339984
 30
0.0
 11
350990.7870494365
 21
-711916.570339984
 31
0.0
1001
SUPPORT_DISTRIBUTION_UV
1000
clean_dxf_export_v1
1000
background
1000
column
1000
ES-中間樁NO
1000
source_geometry
1000
DC5A6
1071
471
  0
LINE
  5
26B
330
17
100
AcDbEntity
  8
ES-中間樁NO
100
AcDbLine
 10
350990.7870494365
 20
-711916.570339984
 30
0.0
 11
350819.2870494365
 21
-711916.570339984
 31
0.0
1001
SUPPORT_DISTRIBUTION_UV
1000
clean_dxf_export_v1
1000
background
1000
column
1000
ES-中間樁NO
1000
source_geometry
1000
DC5A6
1071
472
  0
LINE
  5
26C
330
17
100
AcDbEntity
  8
ES-中間樁NO
100
AcDbLine
 10
350819.2870494365
 20
-711916.570339984
 30
0.0
 11
350797.2870494365
 21
-711938.570339984
 31
0.0
1001
SUPPORT_DISTRIBUTION_UV
1000
clean_dxf_export_v1
1000
background
1000
column
1000
ES-中間樁NO
1000
source_geometry
1000
DC5A6
1071
473
  0
LINE
  5
26D
330
17
100
AcDbEntity
  8
ES-中間樁NO
100
AcDbLine
 10
350797.2870494365
 20
-711938.570339984
 30
0.0
 11
350797.2870494365
 21
-712252.570339984
 31
0.0
1001
SUPPORT_DISTRIBUTION_UV
1000
clean_dxf_export_v1
1000
background
1000
column
1000
ES-中間樁NO
1000
source_geometry
1000
DC5A6
1071
474
  0
LINE
  5
26E
330
17
100
AcDbEntity
  8
ES-中間樁NO
100
AcDbLine
 10
350797.2870494365
 20
-712252.570339984
 30
0.0
 11
350819.2870494365
 21
-712274.570339984
 31
0.0
1001
SUPPORT_DISTRIBUTION_UV
1000
clean_dxf_export_v1
1000
background
1000
column
1000
ES-中間樁NO
1000
source_geometry
1000
DC5A6
1071
475
  0
LINE
  5
26F
330
17
100
AcDbEntity
  8
ES-中間樁NO
100
AcDbLine
 10
350819.2870494365
 20
-712274.570339984
 30
0.0
 11
350990.7870494365
 21
-712274.570339984
 31
0.0
1001
SUPPORT_DISTRIBUTION_UV
1000
clean_dxf_export_v1
1000
background
1000
column
1000
ES-中間樁NO
1000
source_geometry
1000
DC5A6
1071
476
  0
LINE
  5
270
330
17
100
AcDbEntity
  8
ES-中間樁NO
100
AcDbLine
 10
350990.7870494365
 20
-712274.570339984
 30
0.0
 11
350990.7870494365
 21
-712302.570339984
 31
0.0
1001
SUPPORT_DISTRIBUTION_UV
1000
clean_dxf_export_v1
1000
background
1000
column
1000
ES-中間樁NO
1000
source_geometry
1000
DC5A6
1071
477
  0
LINE
  5
271
330
17
100
AcDbEntity
  8
ES-中間樁NO
100
AcDbLine
 10
350990.7870494365
 20
-712302.570339984
 30
0.0
 11
350585.7870494365
 21
-712302.570339984
 31
0.0
1001
SUPPORT_DISTRIBUTION_UV
1000
clean_dxf_export_v1
1000
background
1000
column
1000
ES-中間樁NO
1000
source_geometry
1000
DC5A6
1071
478
  0
LINE
  5
272
330
17
100
AcDbEntity
  8
ES-中間樁NO
100
AcDbLine
 10
350585.7870494365
 20
-712302.570339984
 30
0.0
 11
350585.7870494365
 21
-712274.570339984
 31
0.0
1001
SUPPORT_DISTRIBUTION_UV
1000
clean_dxf_export_v1
1000
background
1000
column
1000
ES-中間樁NO
1000
source_geometry
1000
DC5A6
1071
479
  0
LINE
  5
273
330
17
100
AcDbEntity
  8
ES-中間樁NO
100
AcDbLine
 10
415085.7870494365
 20
-717174.5694823605
 30
0.0
 11
415257.2870494365
 21
-717174.5694823605
 31
0.0
1001
SUPPORT_DISTRIBUTION_UV
1000
clean_dxf_export_v1
1000
background
1000
column
1000
ES-中間樁NO
1000
source_geometry
1000
DC5A7
1071
480
  0
LINE
  5
274
330
17
100
AcDbEntity
  8
ES-中間樁NO
100
AcDbLine
 10
415257.2870494365
 20
-717174.5694823605
 30
0.0
 11
415279.2870494365
 21
-717152.5694823605
 31
0.0
1001
SUPPORT_DISTRIBUTION_UV
1000
clean_dxf_export_v1
1000
background
1000
column
1000
ES-中間樁NO
1000
source_geometry
1000
DC5A7
1071
481
  0
LINE
  5
275
330
17
100
AcDbEntity
  8
ES-中間樁NO
100
AcDbLine
 10
415279.2870494365
 20
-717152.5694823605
 30
0.0
 11
415279.2870494365
 21
-716838.5694823605
 31
0.0
1001
SUPPORT_DISTRIBUTION_UV
1000
clean_dxf_export_v1
1000
background
1000
column
1000
ES-中間樁NO
1000
source_geometry
1000
DC5A7
1071
482
  0
LINE
  5
276
330
17
100
AcDbEntity
  8
ES-中間樁NO
100
AcDbLine
 10
415279.2870494365
 20
-716838.5694823605
 30
0.0
 11
415257.2870494365
 21
-716816.5694823605
 31
0.0
1001
SUPPORT_DISTRIBUTION_UV
1000
clean_dxf_export_v1
1000
background
1000
column
1000
ES-中間樁NO
1000
source_geometry
1000
DC5A7
1071
483
  0
LINE
  5
277
330
17
100
AcDbEntity
  8
ES-中間樁NO
100
AcDbLine
 10
415257.2870494365
 20
-716816.5694823605
 30
0.0
 11
415085.7870494365
 21
-716816.5694823605
 31
0.0
1001
SUPPORT_DISTRIBUTION_UV
1000
clean_dxf_export_v1
1000
background
1000
column
1000
ES-中間樁NO
1000
source_geometry
1000
DC5A7
1071
484
  0
LINE
  5
278
330
17
100
AcDbEntity
  8
ES-中間樁NO
100
AcDbLine
 10
415085.7870494365
 20
-716816.5694823605
 30
0.0
 11
415085.7870494365
 21
-716788.5694823605
 31
0.0
1001
SUPPORT_DISTRIBUTION_UV
1000
clean_dxf_export_v1
1000
background
1000
column
1000
ES-中間樁NO
1000
source_geometry
1000
DC5A7
1071
485
  0
LINE
  5
279
330
17
100
AcDbEntity
  8
ES-中間樁NO
100
AcDbLine
 10
415085.7870494365
 20
-716788.5694823605
 30
0.0
 11
415490.7870494365
 21
-716788.5694823605
 31
0.0
1001
SUPPORT_DISTRIBUTION_UV
1000
clean_dxf_export_v1
1000
background
1000
column
1000
ES-中間樁NO
1000
source_geometry
1000
DC5A7
1071
486
  0
LINE
  5
27A
330
17
100
AcDbEntity
  8
ES-中間樁NO
100
AcDbLine
 10
415490.7870494365
 20
-716788.5694823605
 30
0.0
 11
415490.7870494365
 21
-716816.5694823605
 31
0.0
1001
SUPPORT_DISTRIBUTION_UV
1000
clean_dxf_export_v1
1000
background
1000
column
1000
ES-中間樁NO
1000
source_geometry
1000
DC5A7
1071
487
  0
LINE
  5
27B
330
17
100
AcDbEntity
  8
ES-中間樁NO
100
AcDbLine
 10
415490.7870494365
 20
-716816.5694823605
 30
0.0
 11
415319.2870494365
 21
-716816.5694823605
 31
0.0
1001
SUPPORT_DISTRIBUTION_UV
1000
clean_dxf_export_v1
1000
background
1000
column
1000
ES-中間樁NO
1000
source_geometry
1000
DC5A7
1071
488
  0
LINE
  5
27C
330
17
100
AcDbEntity
  8
ES-中間樁NO
100
AcDbLine
 10
415319.2870494365
 20
-716816.5694823605
 30
0.0
 11
415297.2870494365
 21
-716838.5694823605
 31
0.0
1001
SUPPORT_DISTRIBUTION_UV
1000
clean_dxf_export_v1
1000
background
1000
column
1000
ES-中間樁NO
1000
source_geometry
1000
DC5A7
1071
489
  0
LINE
  5
27D
330
17
100
AcDbEntity
  8
ES-中間樁NO
100
AcDbLine
 10
415297.2870494365
 20
-716838.5694823605
 30
0.0
 11
415297.2870494365
 21
-717152.5694823605
 31
0.0
1001
SUPPORT_DISTRIBUTION_UV
1000
clean_dxf_export_v1
1000
background
1000
column
1000
ES-中間樁NO
1000
source_geometry
1000
DC5A7
1071
490
  0
LINE
  5
27E
330
17
100
AcDbEntity
  8
ES-中間樁NO
100
AcDbLine
 10
415297.2870494365
 20
-717152.5694823605
 30
0.0
 11
415319.2870494365
 21
-717174.5694823605
 31
0.0
1001
SUPPORT_DISTRIBUTION_UV
1000
clean_dxf_export_v1
1000
background
1000
column
1000
ES-中間樁NO
1000
source_geometry
1000
DC5A7
1071
491
  0
LINE
  5
27F
330
17
100
AcDbEntity
  8
ES-中間樁NO
100
AcDbLine
 10
415319.2870494365
 20
-717174.5694823605
 30
0.0
 11
415490.7870494365
 21
-717174.5694823605
 31
0.0
1001
SUPPORT_DISTRIBUTION_UV
1000
clean_dxf_export_v1
1000
background
1000
column
1000
ES-中間樁NO
1000
source_geometry
1000
DC5A7
1071
492
  0
LINE
  5
280
330
17
100
AcDbEntity
  8
ES-中間樁NO
100
AcDbLine
 10
415490.7870494365
 20
-717174.5694823605
 30
0.0
 11
415490.7870494365
 21
-717202.5694823605
 31
0.0
1001
SUPPORT_DISTRIBUTION_UV
1000
clean_dxf_export_v1
1000
background
1000
column
1000
ES-中間樁NO
1000
source_geometry
1000
DC5A7
1071
493
  0
LINE
  5
281
330
17
100
AcDbEntity
  8
ES-中間樁NO
100
AcDbLine
 10
415490.7870494365
 20
-717202.5694823605
 30
0.0
 11
415085.7870494365
 21
-717202.5694823605
 31
0.0
1001
SUPPORT_DISTRIBUTION_UV
1000
clean_dxf_export_v1
1000
background
1000
column
1000
ES-中間樁NO
1000
source_geometry
1000
DC5A7
1071
494
  0
LINE
  5
282
330
17
100
AcDbEntity
  8
ES-中間樁NO
100
AcDbLine
 10
415085.7870494365
 20
-717202.5694823605
 30
0.0
 11
415085.7870494365
 21
-717174.5694823605
 31
0.0
1001
SUPPORT_DISTRIBUTION_UV
1000
clean_dxf_export_v1
1000
background
1000
column
1000
ES-中間樁NO
1000
source_geometry
1000
DC5A7
1071
495
  0
LINE
  5
283
330
17
100
AcDbEntity
  8
ES-中間樁NO
100
AcDbLine
 10
415085.7870494365
 20
-711574.570339984
 30
0.0
 11
415257.2870494365
 21
-711574.570339984
 31
0.0
1001
SUPPORT_DISTRIBUTION_UV
1000
clean_dxf_export_v1
1000
background
1000
column
1000
ES-中間樁NO
1000
source_geometry
1000
DC5A8
1071
496
  0
LINE
  5
284
330
17
100
AcDbEntity
  8
ES-中間樁NO
100
AcDbLine
 10
415257.2870494365
 20
-711574.570339984
 30
0.0
 11
415279.2870494365
 21
-711552.570339984
 31
0.0
1001
SUPPORT_DISTRIBUTION_UV
1000
clean_dxf_export_v1
1000
background
1000
column
1000
ES-中間樁NO
1000
source_geometry
1000
DC5A8
1071
497
  0
LINE
  5
285
330
17
100
AcDbEntity
  8
ES-中間樁NO
100
AcDbLine
 10
415279.2870494365
 20
-711552.570339984
 30
0.0
 11
415279.2870494365
 21
-711238.570339984
 31
0.0
1001
SUPPORT_DISTRIBUTION_UV
1000
clean_dxf_export_v1
1000
background
1000
column
1000
ES-中間樁NO
1000
source_geometry
1000
DC5A8
1071
498
  0
LINE
  5
286
330
17
100
AcDbEntity
  8
ES-中間樁NO
100
AcDbLine
 10
415279.2870494365
 20
-711238.570339984
 30
0.0
 11
415257.2870494365
 21
-711216.570339984
 31
0.0
1001
SUPPORT_DISTRIBUTION_UV
1000
clean_dxf_export_v1
1000
background
1000
column
1000
ES-中間樁NO
1000
source_geometry
1000
DC5A8
1071
499
  0
LINE
  5
287
330
17
100
AcDbEntity
  8
ES-中間樁NO
100
AcDbLine
 10
415257.2870494365
 20
-711216.570339984
 30
0.0
 11
415085.7870494365
 21
-711216.570339984
 31
0.0
1001
SUPPORT_DISTRIBUTION_UV
1000
clean_dxf_export_v1
1000
background
1000
column
1000
ES-中間樁NO
1000
source_geometry
1000
DC5A8
1071
500
  0
LINE
  5
288
330
17
100
AcDbEntity
  8
ES-中間樁NO
100
AcDbLine
 10
415085.7870494365
 20
-711216.570339984
 30
0.0
 11
415085.7870494365
 21
-711188.570339984
 31
0.0
1001
SUPPORT_DISTRIBUTION_UV
1000
clean_dxf_export_v1
1000
background
1000
column
1000
ES-中間樁NO
1000
source_geometry
1000
DC5A8
1071
501
  0
LINE
  5
289
330
17
100
AcDbEntity
  8
ES-中間樁NO
100
AcDbLine
 10
415085.7870494365
 20
-711188.570339984
 30
0.0
 11
415490.7870494365
 21
-711188.570339984
 31
0.0
1001
SUPPORT_DISTRIBUTION_UV
1000
clean_dxf_export_v1
1000
background
1000
column
1000
ES-中間樁NO
1000
source_geometry
1000
DC5A8
1071
502
  0
LINE
  5
28A
330
17
100
AcDbEntity
  8
ES-中間樁NO
100
AcDbLine
 10
415490.7870494365
 20
-711188.570339984
 30
0.0
 11
415490.7870494365
 21
-711216.570339984
 31
0.0
1001
SUPPORT_DISTRIBUTION_UV
1000
clean_dxf_export_v1
1000
background
1000
column
1000
ES-中間樁NO
1000
source_geometry
1000
DC5A8
1071
503
  0
LINE
  5
28B
330
17
100
AcDbEntity
  8
ES-中間樁NO
100
AcDbLine
 10
415490.7870494365
 20
-711216.570339984
 30
0.0
 11
415319.2870494365
 21
-711216.570339984
 31
0.0
1001
SUPPORT_DISTRIBUTION_UV
1000
clean_dxf_export_v1
1000
background
1000
column
1000
ES-中間樁NO
1000
source_geometry
1000
DC5A8
1071
504
  0
LINE
  5
28C
330
17
100
AcDbEntity
  8
ES-中間樁NO
100
AcDbLine
 10
415319.2870494365
 20
-711216.570339984
 30
0.0
 11
415297.2870494365
 21
-711238.570339984
 31
0.0
1001
SUPPORT_DISTRIBUTION_UV
1000
clean_dxf_export_v1
1000
background
1000
column
1000
ES-中間樁NO
1000
source_geometry
1000
DC5A8
1071
505
  0
LINE
  5
28D
330
17
100
AcDbEntity
  8
ES-中間樁NO
100
AcDbLine
 10
415297.2870494365
 20
-711238.570339984
 30
0.0
 11
415297.2870494365
 21
-711552.570339984
 31
0.0
1001
SUPPORT_DISTRIBUTION_UV
1000
clean_dxf_export_v1
1000
background
1000
column
1000
ES-中間樁NO
1000
source_geometry
1000
DC5A8
1071
506
  0
LINE
  5
28E
330
17
100
AcDbEntity
  8
ES-中間樁NO
100
AcDbLine
 10
415297.2870494365
 20
-711552.570339984
 30
0.0
 11
415319.2870494365
 21
-711574.570339984
 31
0.0
1001
SUPPORT_DISTRIBUTION_UV
1000
clean_dxf_export_v1
1000
background
1000
column
1000
ES-中間樁NO
1000
source_geometry
1000
DC5A8
1071
507
  0
LINE
  5
28F
330
17
100
AcDbEntity
  8
ES-中間樁NO
100
AcDbLine
 10
415319.2870494365
 20
-711574.570339984
 30
0.0
 11
415490.7870494365
 21
-711574.570339984
 31
0.0
1001
SUPPORT_DISTRIBUTION_UV
1000
clean_dxf_export_v1
1000
background
1000
column
1000
ES-中間樁NO
1000
source_geometry
1000
DC5A8
1071
508
  0
LINE
  5
290
330
17
100
AcDbEntity
  8
ES-中間樁NO
100
AcDbLine
 10
415490.7870494365
 20
-711574.570339984
 30
0.0
 11
415490.7870494365
 21
-711602.570339984
 31
0.0
1001
SUPPORT_DISTRIBUTION_UV
1000
clean_dxf_export_v1
1000
background
1000
column
1000
ES-中間樁NO
1000
source_geometry
1000
DC5A8
1071
509
  0
LINE
  5
291
330
17
100
AcDbEntity
  8
ES-中間樁NO
100
AcDbLine
 10
415490.7870494365
 20
-711602.570339984
 30
0.0
 11
415085.7870494365
 21
-711602.570339984
 31
0.0
1001
SUPPORT_DISTRIBUTION_UV
1000
clean_dxf_export_v1
1000
background
1000
column
1000
ES-中間樁NO
1000
source_geometry
1000
DC5A8
1071
510
  0
LINE
  5
292
330
17
100
AcDbEntity
  8
ES-中間樁NO
100
AcDbLine
 10
415085.7870494365
 20
-711602.570339984
 30
0.0
 11
415085.7870494365
 21
-711574.570339984
 31
0.0
1001
SUPPORT_DISTRIBUTION_UV
1000
clean_dxf_export_v1
1000
background
1000
column
1000
ES-中間樁NO
1000
source_geometry
1000
DC5A8
1071
511
  0
LINE
  5
293
330
17
100
AcDbEntity
  8
ES-中間樁NO
100
AcDbLine
 10
362585.7870494365
 20
-717174.5694823605
 30
0.0
 11
362757.2870494365
 21
-717174.5694823605
 31
0.0
1001
SUPPORT_DISTRIBUTION_UV
1000
clean_dxf_export_v1
1000
background
1000
column
1000
ES-中間樁NO
1000
source_geometry
1000
DC5A9
1071
512
  0
LINE
  5
294
330
17
100
AcDbEntity
  8
ES-中間樁NO
100
AcDbLine
 10
362757.2870494365
 20
-717174.5694823605
 30
0.0
 11
362779.2870494365
 21
-717152.5694823605
 31
0.0
1001
SUPPORT_DISTRIBUTION_UV
1000
clean_dxf_export_v1
1000
background
1000
column
1000
ES-中間樁NO
1000
source_geometry
1000
DC5A9
1071
513
  0
LINE
  5
295
330
17
100
AcDbEntity
  8
ES-中間樁NO
100
AcDbLine
 10
362779.2870494365
 20
-717152.5694823605
 30
0.0
 11
362779.2870494365
 21
-716838.5694823605
 31
0.0
1001
SUPPORT_DISTRIBUTION_UV
1000
clean_dxf_export_v1
1000
background
1000
column
1000
ES-中間樁NO
1000
source_geometry
1000
DC5A9
1071
514
  0
LINE
  5
296
330
17
100
AcDbEntity
  8
ES-中間樁NO
100
AcDbLine
 10
362779.2870494365
 20
-716838.5694823605
 30
0.0
 11
362757.2870494365
 21
-716816.5694823605
 31
0.0
1001
SUPPORT_DISTRIBUTION_UV
1000
clean_dxf_export_v1
1000
background
1000
column
1000
ES-中間樁NO
1000
source_geometry
1000
DC5A9
1071
515
  0
LINE
  5
297
330
17
100
AcDbEntity
  8
ES-中間樁NO
100
AcDbLine
 10
362757.2870494365
 20
-716816.5694823605
 30
0.0
 11
362585.7870494365
 21
-716816.5694823605
 31
0.0
1001
SUPPORT_DISTRIBUTION_UV
1000
clean_dxf_export_v1
1000
background
1000
column
1000
ES-中間樁NO
1000
source_geometry
1000
DC5A9
1071
516
  0
LINE
  5
298
330
17
100
AcDbEntity
  8
ES-中間樁NO
100
AcDbLine
 10
362585.7870494365
 20
-716816.5694823605
 30
0.0
 11
362585.7870494365
 21
-716788.5694823605
 31
0.0
1001
SUPPORT_DISTRIBUTION_UV
1000
clean_dxf_export_v1
1000
background
1000
column
1000
ES-中間樁NO
1000
source_geometry
1000
DC5A9
1071
517
  0
LINE
  5
299
330
17
100
AcDbEntity
  8
ES-中間樁NO
100
AcDbLine
 10
362585.7870494365
 20
-716788.5694823605
 30
0.0
 11
362990.7870494365
 21
-716788.5694823605
 31
0.0
1001
SUPPORT_DISTRIBUTION_UV
1000
clean_dxf_export_v1
1000
background
1000
column
1000
ES-中間樁NO
1000
source_geometry
1000
DC5A9
1071
518
  0
LINE
  5
29A
330
17
100
AcDbEntity
  8
ES-中間樁NO
100
AcDbLine
 10
362990.7870494365
 20
-716788.5694823605
 30
0.0
 11
362990.7870494365
 21
-716816.5694823605
 31
0.0
1001
SUPPORT_DISTRIBUTION_UV
1000
clean_dxf_export_v1
1000
background
1000
column
1000
ES-中間樁NO
1000
source_geometry
1000
DC5A9
1071
519
  0
LINE
  5
29B
330
17
100
AcDbEntity
  8
ES-中間樁NO
100
AcDbLine
 10
362990.7870494365
 20
-716816.5694823605
 30
0.0
 11
362819.2870494365
 21
-716816.5694823605
 31
0.0
1001
SUPPORT_DISTRIBUTION_UV
1000
clean_dxf_export_v1
1000
background
1000
column
1000
ES-中間樁NO
1000
source_geometry
1000
DC5A9
1071
520
  0
LINE
  5
29C
330
17
100
AcDbEntity
  8
ES-中間樁NO
100
AcDbLine
 10
362819.2870494365
 20
-716816.5694823605
 30
0.0
 11
362797.2870494365
 21
-716838.5694823605
 31
0.0
1001
SUPPORT_DISTRIBUTION_UV
1000
clean_dxf_export_v1
1000
background
1000
column
1000
ES-中間樁NO
1000
source_geometry
1000
DC5A9
1071
521
  0
LINE
  5
29D
330
17
100
AcDbEntity
  8
ES-中間樁NO
100
AcDbLine
 10
362797.2870494365
 20
-716838.5694823605
 30
0.0
 11
362797.2870494365
 21
-717152.5694823605
 31
0.0
1001
SUPPORT_DISTRIBUTION_UV
1000
clean_dxf_export_v1
1000
background
1000
column
1000
ES-中間樁NO
1000
source_geometry
1000
DC5A9
1071
522
  0
LINE
  5
29E
330
17
100
AcDbEntity
  8
ES-中間樁NO
100
AcDbLine
 10
362797.2870494365
 20
-717152.5694823605
 30
0.0
 11
362819.2870494365
 21
-717174.5694823605
 31
0.0
1001
SUPPORT_DISTRIBUTION_UV
1000
clean_dxf_export_v1
1000
background
1000
column
1000
ES-中間樁NO
1000
source_geometry
1000
DC5A9
1071
523
  0
LINE
  5
29F
330
17
100
AcDbEntity
  8
ES-中間樁NO
100
AcDbLine
 10
362819.2870494365
 20
-717174.5694823605
 30
0.0
 11
362990.7870494365
 21
-717174.5694823605
 31
0.0
1001
SUPPORT_DISTRIBUTION_UV
1000
clean_dxf_export_v1
1000
background
1000
column
1000
ES-中間樁NO
1000
source_geometry
1000
DC5A9
1071
524
  0
LINE
  5
2A0
330
17
100
AcDbEntity
  8
ES-中間樁NO
100
AcDbLine
 10
362990.7870494365
 20
-717174.5694823605
 30
0.0
 11
362990.7870494365
 21
-717202.5694823605
 31
0.0
1001
SUPPORT_DISTRIBUTION_UV
1000
clean_dxf_export_v1
1000
background
1000
column
1000
ES-中間樁NO
1000
source_geometry
1000
DC5A9
1071
525
  0
LINE
  5
2A1
330
17
100
AcDbEntity
  8
ES-中間樁NO
100
AcDbLine
 10
362990.7870494365
 20
-717202.5694823605
 30
0.0
 11
362585.7870494365
 21
-717202.5694823605
 31
0.0
1001
SUPPORT_DISTRIBUTION_UV
1000
clean_dxf_export_v1
1000
background
1000
column
1000
ES-中間樁NO
1000
source_geometry
1000
DC5A9
1071
526
  0
LINE
  5
2A2
330
17
100
AcDbEntity
  8
ES-中間樁NO
100
AcDbLine
 10
362585.7870494365
 20
-717202.5694823605
 30
0.0
 11
362585.7870494365
 21
-717174.5694823605
 31
0.0
1001
SUPPORT_DISTRIBUTION_UV
1000
clean_dxf_export_v1
1000
background
1000
column
1000
ES-中間樁NO
1000
source_geometry
1000
DC5A9
1071
527
  0
LINE
  5
2A3
330
17
100
AcDbEntity
  8
ES-中間樁NO
100
AcDbLine
 10
409085.7870494365
 20
-711574.570339984
 30
0.0
 11
409257.2870494365
 21
-711574.570339984
 31
0.0
1001
SUPPORT_DISTRIBUTION_UV
1000
clean_dxf_export_v1
1000
background
1000
column
1000
ES-中間樁NO
1000
source_geometry
1000
DC5AA
1071
528
  0
LINE
  5
2A4
330
17
100
AcDbEntity
  8
ES-中間樁NO
100
AcDbLine
 10
409257.2870494365
 20
-711574.570339984
 30
0.0
 11
409279.2870494365
 21
-711552.570339984
 31
0.0
1001
SUPPORT_DISTRIBUTION_UV
1000
clean_dxf_export_v1
1000
background
1000
column
1000
ES-中間樁NO
1000
source_geometry
1000
DC5AA
1071
529
  0
LINE
  5
2A5
330
17
100
AcDbEntity
  8
ES-中間樁NO
100
AcDbLine
 10
409279.2870494365
 20
-711552.570339984
 30
0.0
 11
409279.2870494365
 21
-711238.570339984
 31
0.0
1001
SUPPORT_DISTRIBUTION_UV
1000
clean_dxf_export_v1
1000
background
1000
column
1000
ES-中間樁NO
1000
source_geometry
1000
DC5AA
1071
530
  0
LINE
  5
2A6
330
17
100
AcDbEntity
  8
ES-中間樁NO
100
AcDbLine
 10
409279.2870494365
 20
-711238.570339984
 30
0.0
 11
409257.2870494365
 21
-711216.570339984
 31
0.0
1001
SUPPORT_DISTRIBUTION_UV
1000
clean_dxf_export_v1
1000
background
1000
column
1000
ES-中間樁NO
1000
source_geometry
1000
DC5AA
1071
531
  0
LINE
  5
2A7
330
17
100
AcDbEntity
  8
ES-中間樁NO
100
AcDbLine
 10
409257.2870494365
 20
-711216.570339984
 30
0.0
 11
409085.7870494365
 21
-711216.570339984
 31
0.0
1001
SUPPORT_DISTRIBUTION_UV
1000
clean_dxf_export_v1
1000
background
1000
column
1000
ES-中間樁NO
1000
source_geometry
1000
DC5AA
1071
532
  0
LINE
  5
2A8
330
17
100
AcDbEntity
  8
ES-中間樁NO
100
AcDbLine
 10
409085.7870494365
 20
-711216.570339984
 30
0.0
 11
409085.7870494365
 21
-711188.570339984
 31
0.0
1001
SUPPORT_DISTRIBUTION_UV
1000
clean_dxf_export_v1
1000
background
1000
column
1000
ES-中間樁NO
1000
source_geometry
1000
DC5AA
1071
533
  0
LINE
  5
2A9
330
17
100
AcDbEntity
  8
ES-中間樁NO
100
AcDbLine
 10
409085.7870494365
 20
-711188.570339984
 30
0.0
 11
409490.7870494365
 21
-711188.570339984
 31
0.0
1001
SUPPORT_DISTRIBUTION_UV
1000
clean_dxf_export_v1
1000
background
1000
column
1000
ES-中間樁NO
1000
source_geometry
1000
DC5AA
1071
534
  0
LINE
  5
2AA
330
17
100
AcDbEntity
  8
ES-中間樁NO
100
AcDbLine
 10
409490.7870494365
 20
-711188.570339984
 30
0.0
 11
409490.7870494365
 21
-711216.570339984
 31
0.0
1001
SUPPORT_DISTRIBUTION_UV
1000
clean_dxf_export_v1
1000
background
1000
column
1000
ES-中間樁NO
1000
source_geometry
1000
DC5AA
1071
535
  0
LINE
  5
2AB
330
17
100
AcDbEntity
  8
ES-中間樁NO
100
AcDbLine
 10
409490.7870494365
 20
-711216.570339984
 30
0.0
 11
409319.2870494365
 21
-711216.570339984
 31
0.0
1001
SUPPORT_DISTRIBUTION_UV
1000
clean_dxf_export_v1
1000
background
1000
column
1000
ES-中間樁NO
1000
source_geometry
1000
DC5AA
1071
536
  0
LINE
  5
2AC
330
17
100
AcDbEntity
  8
ES-中間樁NO
100
AcDbLine
 10
409319.2870494365
 20
-711216.570339984
 30
0.0
 11
409297.2870494365
 21
-711238.570339984
 31
0.0
1001
SUPPORT_DISTRIBUTION_UV
1000
clean_dxf_export_v1
1000
background
1000
column
1000
ES-中間樁NO
1000
source_geometry
1000
DC5AA
1071
537
  0
LINE
  5
2AD
330
17
100
AcDbEntity
  8
ES-中間樁NO
100
AcDbLine
 10
409297.2870494365
 20
-711238.570339984
 30
0.0
 11
409297.2870494365
 21
-711552.570339984
 31
0.0
1001
SUPPORT_DISTRIBUTION_UV
1000
clean_dxf_export_v1
1000
background
1000
column
1000
ES-中間樁NO
1000
source_geometry
1000
DC5AA
1071
538
  0
LINE
  5
2AE
330
17
100
AcDbEntity
  8
ES-中間樁NO
100
AcDbLine
 10
409297.2870494365
 20
-711552.570339984
 30
0.0
 11
409319.2870494365
 21
-711574.570339984
 31
0.0
1001
SUPPORT_DISTRIBUTION_UV
1000
clean_dxf_export_v1
1000
background
1000
column
1000
ES-中間樁NO
1000
source_geometry
1000
DC5AA
1071
539
  0
LINE
  5
2AF
330
17
100
AcDbEntity
  8
ES-中間樁NO
100
AcDbLine
 10
409319.2870494365
 20
-711574.570339984
 30
0.0
 11
409490.7870494365
 21
-711574.570339984
 31
0.0
1001
SUPPORT_DISTRIBUTION_UV
1000
clean_dxf_export_v1
1000
background
1000
column
1000
ES-中間樁NO
1000
source_geometry
1000
DC5AA
1071
540
  0
LINE
  5
2B0
330
17
100
AcDbEntity
  8
ES-中間樁NO
100
AcDbLine
 10
409490.7870494365
 20
-711574.570339984
 30
0.0
 11
409490.7870494365
 21
-711602.570339984
 31
0.0
1001
SUPPORT_DISTRIBUTION_UV
1000
clean_dxf_export_v1
1000
background
1000
column
1000
ES-中間樁NO
1000
source_geometry
1000
DC5AA
1071
541
  0
LINE
  5
2B1
330
17
100
AcDbEntity
  8
ES-中間樁NO
100
AcDbLine
 10
409490.7870494365
 20
-711602.570339984
 30
0.0
 11
409085.7870494365
 21
-711602.570339984
 31
0.0
1001
SUPPORT_DISTRIBUTION_UV
1000
clean_dxf_export_v1
1000
background
1000
column
1000
ES-中間樁NO
1000
source_geometry
1000
DC5AA
1071
542
  0
LINE
  5
2B2
330
17
100
AcDbEntity
  8
ES-中間樁NO
100
AcDbLine
 10
409085.7870494365
 20
-711602.570339984
 30
0.0
 11
409085.7870494365
 21
-711574.570339984
 31
0.0
1001
SUPPORT_DISTRIBUTION_UV
1000
clean_dxf_export_v1
1000
background
1000
column
1000
ES-中間樁NO
1000
source_geometry
1000
DC5AA
1071
543
  0
LINE
  5
2B3
330
17
100
AcDbEntity
  8
ES-中間樁NO
100
AcDbLine
 10
342085.7870494365
 20
-716474.5694823605
 30
0.0
 11
342257.2870494365
 21
-716474.5694823605
 31
0.0
1001
SUPPORT_DISTRIBUTION_UV
1000
clean_dxf_export_v1
1000
background
1000
column
1000
ES-中間樁NO
1000
source_geometry
1000
DC5AB
1071
544
  0
LINE
  5
2B4
330
17
100
AcDbEntity
  8
ES-中間樁NO
100
AcDbLine
 10
342257.2870494365
 20
-716474.5694823605
 30
0.0
 11
342279.2870494365
 21
-716452.5694823605
 31
0.0
1001
SUPPORT_DISTRIBUTION_UV
1000
clean_dxf_export_v1
1000
background
1000
column
1000
ES-中間樁NO
1000
source_geometry
1000
DC5AB
1071
545
  0
LINE
  5
2B5
330
17
100
AcDbEntity
  8
ES-中間樁NO
100
AcDbLine
 10
342279.2870494365
 20
-716452.5694823605
 30
0.0
 11
342279.2870494365
 21
-716138.5694823605
 31
0.0
1001
SUPPORT_DISTRIBUTION_UV
1000
clean_dxf_export_v1
1000
background
1000
column
1000
ES-中間樁NO
1000
source_geometry
1000
DC5AB
1071
546
  0
LINE
  5
2B6
330
17
100
AcDbEntity
  8
ES-中間樁NO
100
AcDbLine
 10
342279.2870494365
 20
-716138.5694823605
 30
0.0
 11
342257.2870494365
 21
-716116.5694823605
 31
0.0
1001
SUPPORT_DISTRIBUTION_UV
1000
clean_dxf_export_v1
1000
background
1000
column
1000
ES-中間樁NO
1000
source_geometry
1000
DC5AB
1071
547
  0
LINE
  5
2B7
330
17
100
AcDbEntity
  8
ES-中間樁NO
100
AcDbLine
 10
342257.2870494365
 20
-716116.5694823605
 30
0.0
 11
342085.7870494365
 21
-716116.5694823605
 31
0.0
1001
SUPPORT_DISTRIBUTION_UV
1000
clean_dxf_export_v1
1000
background
1000
column
1000
ES-中間樁NO
1000
source_geometry
1000
DC5AB
1071
548
  0
LINE
  5
2B8
330
17
100
AcDbEntity
  8
ES-中間樁NO
100
AcDbLine
 10
342085.7870494365
 20
-716116.5694823605
 30
0.0
 11
342085.7870494365
 21
-716088.5694823605
 31
0.0
1001
SUPPORT_DISTRIBUTION_UV
1000
clean_dxf_export_v1
1000
background
1000
column
1000
ES-中間樁NO
1000
source_geometry
1000
DC5AB
1071
549
  0
LINE
  5
2B9
330
17
100
AcDbEntity
  8
ES-中間樁NO
100
AcDbLine
 10
342085.7870494365
 20
-716088.5694823605
 30
0.0
 11
342490.7870494365
 21
-716088.5694823605
 31
0.0
1001
SUPPORT_DISTRIBUTION_UV
1000
clean_dxf_export_v1
1000
background
1000
column
1000
ES-中間樁NO
1000
source_geometry
1000
DC5AB
1071
550
  0
LINE
  5
2BA
330
17
100
AcDbEntity
  8
ES-中間樁NO
100
AcDbLine
 10
342490.7870494365
 20
-716088.5694823605
 30
0.0
 11
342490.7870494365
 21
-716116.5694823605
 31
0.0
1001
SUPPORT_DISTRIBUTION_UV
1000
clean_dxf_export_v1
1000
background
1000
column
1000
ES-中間樁NO
1000
source_geometry
1000
DC5AB
1071
551
  0
LINE
  5
2BB
330
17
100
AcDbEntity
  8
ES-中間樁NO
100
AcDbLine
 10
342490.7870494365
 20
-716116.5694823605
 30
0.0
 11
342319.2870494365
 21
-716116.5694823605
 31
0.0
1001
SUPPORT_DISTRIBUTION_UV
1000
clean_dxf_export_v1
1000
background
1000
column
1000
ES-中間樁NO
1000
source_geometry
1000
DC5AB
1071
552
  0
LINE
  5
2BC
330
17
100
AcDbEntity
  8
ES-中間樁NO
100
AcDbLine
 10
342319.2870494365
 20
-716116.5694823605
 30
0.0
 11
342297.2870494365
 21
-716138.5694823605
 31
0.0
1001
SUPPORT_DISTRIBUTION_UV
1000
clean_dxf_export_v1
1000
background
1000
column
1000
ES-中間樁NO
1000
source_geometry
1000
DC5AB
1071
553
  0
LINE
  5
2BD
330
17
100
AcDbEntity
  8
ES-中間樁NO
100
AcDbLine
 10
342297.2870494365
 20
-716138.5694823605
 30
0.0
 11
342297.2870494365
 21
-716452.5694823605
 31
0.0
1001
SUPPORT_DISTRIBUTION_UV
1000
clean_dxf_export_v1
1000
background
1000
column
1000
ES-中間樁NO
1000
source_geometry
1000
DC5AB
1071
554
  0
LINE
  5
2BE
330
17
100
AcDbEntity
  8
ES-中間樁NO
100
AcDbLine
 10
342297.2870494365
 20
-716452.5694823605
 30
0.0
 11
342319.2870494365
 21
-716474.5694823605
 31
0.0
1001
SUPPORT_DISTRIBUTION_UV
1000
clean_dxf_export_v1
1000
background
1000
column
1000
ES-中間樁NO
1000
source_geometry
1000
DC5AB
1071
555
  0
LINE
  5
2BF
330
17
100
AcDbEntity
  8
ES-中間樁NO
100
AcDbLine
 10
342319.2870494365
 20
-716474.5694823605
 30
0.0
 11
342490.7870494365
 21
-716474.5694823605
 31
0.0
1001
SUPPORT_DISTRIBUTION_UV
1000
clean_dxf_export_v1
1000
background
1000
column
1000
ES-中間樁NO
1000
source_geometry
1000
DC5AB
1071
556
  0
LINE
  5
2C0
330
17
100
AcDbEntity
  8
ES-中間樁NO
100
AcDbLine
 10
342490.7870494365
 20
-716474.5694823605
 30
0.0
 11
342490.7870494365
 21
-716502.5694823605
 31
0.0
1001
SUPPORT_DISTRIBUTION_UV
1000
clean_dxf_export_v1
1000
background
1000
column
1000
ES-中間樁NO
1000
source_geometry
1000
DC5AB
1071
557
  0
LINE
  5
2C1
330
17
100
AcDbEntity
  8
ES-中間樁NO
100
AcDbLine
 10
342490.7870494365
 20
-716502.5694823605
 30
0.0
 11
342085.7870494365
 21
-716502.5694823605
 31
0.0
1001
SUPPORT_DISTRIBUTION_UV
1000
clean_dxf_export_v1
1000
background
1000
column
1000
ES-中間樁NO
1000
source_geometry
1000
DC5AB
1071
558
  0
LINE
  5
2C2
330
17
100
AcDbEntity
  8
ES-中間樁NO
100
AcDbLine
 10
342085.7870494365
 20
-716502.5694823605
 30
0.0
 11
342085.7870494365
 21
-716474.5694823605
 31
0.0
1001
SUPPORT_DISTRIBUTION_UV
1000
clean_dxf_export_v1
1000
background
1000
column
1000
ES-中間樁NO
1000
source_geometry
1000
DC5AB
1071
559
  0
LINE
  5
2C3
330
17
100
AcDbEntity
  8
ES-中間樁NO
100
AcDbLine
 10
373585.7870494365
 20
-717324.5694823605
 30
0.0
 11
373757.2870494365
 21
-717324.5694823605
 31
0.0
1001
SUPPORT_DISTRIBUTION_UV
1000
clean_dxf_export_v1
1000
background
1000
column
1000
ES-中間樁NO
1000
source_geometry
1000
DC5AC
1071
560
  0
LINE
  5
2C4
330
17
100
AcDbEntity
  8
ES-中間樁NO
100
AcDbLine
 10
373757.2870494365
 20
-717324.5694823605
 30
0.0
 11
373779.2870494365
 21
-717302.5694823605
 31
0.0
1001
SUPPORT_DISTRIBUTION_UV
1000
clean_dxf_export_v1
1000
background
1000
column
1000
ES-中間樁NO
1000
source_geometry
1000
DC5AC
1071
561
  0
LINE
  5
2C5
330
17
100
AcDbEntity
  8
ES-中間樁NO
100
AcDbLine
 10
373779.2870494365
 20
-717302.5694823605
 30
0.0
 11
373779.2870494365
 21
-716988.5694823605
 31
0.0
1001
SUPPORT_DISTRIBUTION_UV
1000
clean_dxf_export_v1
1000
background
1000
column
1000
ES-中間樁NO
1000
source_geometry
1000
DC5AC
1071
562
  0
LINE
  5
2C6
330
17
100
AcDbEntity
  8
ES-中間樁NO
100
AcDbLine
 10
373779.2870494365
 20
-716988.5694823605
 30
0.0
 11
373757.2870494365
 21
-716966.5694823605
 31
0.0
1001
SUPPORT_DISTRIBUTION_UV
1000
clean_dxf_export_v1
1000
background
1000
column
1000
ES-中間樁NO
1000
source_geometry
1000
DC5AC
1071
563
  0
LINE
  5
2C7
330
17
100
AcDbEntity
  8
ES-中間樁NO
100
AcDbLine
 10
373757.2870494365
 20
-716966.5694823605
 30
0.0
 11
373585.7870494365
 21
-716966.5694823605
 31
0.0
1001
SUPPORT_DISTRIBUTION_UV
1000
clean_dxf_export_v1
1000
background
1000
column
1000
ES-中間樁NO
1000
source_geometry
1000
DC5AC
1071
564
  0
LINE
  5
2C8
330
17
100
AcDbEntity
  8
ES-中間樁NO
100
AcDbLine
 10
373585.7870494365
 20
-716966.5694823605
 30
0.0
 11
373585.7870494365
 21
-716938.5694823605
 31
0.0
1001
SUPPORT_DISTRIBUTION_UV
1000
clean_dxf_export_v1
1000
background
1000
column
1000
ES-中間樁NO
1000
source_geometry
1000
DC5AC
1071
565
  0
LINE
  5
2C9
330
17
100
AcDbEntity
  8
ES-中間樁NO
100
AcDbLine
 10
373585.7870494365
 20
-716938.5694823605
 30
0.0
 11
373990.7870494365
 21
-716938.5694823605
 31
0.0
1001
SUPPORT_DISTRIBUTION_UV
1000
clean_dxf_export_v1
1000
background
1000
column
1000
ES-中間樁NO
1000
source_geometry
1000
DC5AC
1071
566
  0
LINE
  5
2CA
330
17
100
AcDbEntity
  8
ES-中間樁NO
100
AcDbLine
 10
373990.7870494365
 20
-716938.5694823605
 30
0.0
 11
373990.7870494365
 21
-716966.5694823605
 31
0.0
1001
SUPPORT_DISTRIBUTION_UV
1000
clean_dxf_export_v1
1000
background
1000
column
1000
ES-中間樁NO
1000
source_geometry
1000
DC5AC
1071
567
  0
LINE
  5
2CB
330
17
100
AcDbEntity
  8
ES-中間樁NO
100
AcDbLine
 10
373990.7870494365
 20
-716966.5694823605
 30
0.0
 11
373819.2870494365
 21
-716966.5694823605
 31
0.0
1001
SUPPORT_DISTRIBUTION_UV
1000
clean_dxf_export_v1
1000
background
1000
column
1000
ES-中間樁NO
1000
source_geometry
1000
DC5AC
1071
568
  0
LINE
  5
2CC
330
17
100
AcDbEntity
  8
ES-中間樁NO
100
AcDbLine
 10
373819.2870494365
 20
-716966.5694823605
 30
0.0
 11
373797.2870494365
 21
-716988.5694823605
 31
0.0
1001
SUPPORT_DISTRIBUTION_UV
1000
clean_dxf_export_v1
1000
background
1000
column
1000
ES-中間樁NO
1000
source_geometry
1000
DC5AC
1071
569
  0
LINE
  5
2CD
330
17
100
AcDbEntity
  8
ES-中間樁NO
100
AcDbLine
 10
373797.2870494365
 20
-716988.5694823605
 30
0.0
 11
373797.2870494365
 21
-717302.5694823605
 31
0.0
1001
SUPPORT_DISTRIBUTION_UV
1000
clean_dxf_export_v1
1000
background
1000
column
1000
ES-中間樁NO
1000
source_geometry
1000
DC5AC
1071
570
  0
LINE
  5
2CE
330
17
100
AcDbEntity
  8
ES-中間樁NO
100
AcDbLine
 10
373797.2870494365
 20
-717302.5694823605
 30
0.0
 11
373819.2870494365
 21
-717324.5694823605
 31
0.0
1001
SUPPORT_DISTRIBUTION_UV
1000
clean_dxf_export_v1
1000
background
1000
column
1000
ES-中間樁NO
1000
source_geometry
1000
DC5AC
1071
571
  0
LINE
  5
2CF
330
17
100
AcDbEntity
  8
ES-中間樁NO
100
AcDbLine
 10
373819.2870494365
 20
-717324.5694823605
 30
0.0
 11
373990.7870494365
 21
-717324.5694823605
 31
0.0
1001
SUPPORT_DISTRIBUTION_UV
1000
clean_dxf_export_v1
1000
background
1000
column
1000
ES-中間樁NO
1000
source_geometry
1000
DC5AC
1071
572
  0
LINE
  5
2D0
330
17
100
AcDbEntity
  8
ES-中間樁NO
100
AcDbLine
 10
373990.7870494365
 20
-717324.5694823605
 30
0.0
 11
373990.7870494365
 21
-717352.5694823605
 31
0.0
1001
SUPPORT_DISTRIBUTION_UV
1000
clean_dxf_export_v1
1000
background
1000
column
1000
ES-中間樁NO
1000
source_geometry
1000
DC5AC
1071
573
  0
LINE
  5
2D1
330
17
100
AcDbEntity
  8
ES-中間樁NO
100
AcDbLine
 10
373990.7870494365
 20
-717352.5694823605
 30
0.0
 11
373585.7870494365
 21
-717352.5694823605
 31
0.0
1001
SUPPORT_DISTRIBUTION_UV
1000
clean_dxf_export_v1
1000
background
1000
column
1000
ES-中間樁NO
1000
source_geometry
1000
DC5AC
1071
574
  0
LINE
  5
2D2
330
17
100
AcDbEntity
  8
ES-中間樁NO
100
AcDbLine
 10
373585.7870494365
 20
-717352.5694823605
 30
0.0
 11
373585.7870494365
 21
-717324.5694823605
 31
0.0
1001
SUPPORT_DISTRIBUTION_UV
1000
clean_dxf_export_v1
1000
background
1000
column
1000
ES-中間樁NO
1000
source_geometry
1000
DC5AC
1071
575
  0
LINE
  5
2D3
330
17
100
AcDbEntity
  8
ES-中間樁NO
100
AcDbLine
 10
429585.7870494365
 20
-712274.570339984
 30
0.0
 11
429757.2870494365
 21
-712274.570339984
 31
0.0
1001
SUPPORT_DISTRIBUTION_UV
1000
clean_dxf_export_v1
1000
background
1000
column
1000
ES-中間樁NO
1000
source_geometry
1000
DC5AD
1071
576
  0
LINE
  5
2D4
330
17
100
AcDbEntity
  8
ES-中間樁NO
100
AcDbLine
 10
429757.2870494365
 20
-712274.570339984
 30
0.0
 11
429779.2870494365
 21
-712252.570339984
 31
0.0
1001
SUPPORT_DISTRIBUTION_UV
1000
clean_dxf_export_v1
1000
background
1000
column
1000
ES-中間樁NO
1000
source_geometry
1000
DC5AD
1071
577
  0
LINE
  5
2D5
330
17
100
AcDbEntity
  8
ES-中間樁NO
100
AcDbLine
 10
429779.2870494365
 20
-712252.570339984
 30
0.0
 11
429779.2870494365
 21
-711938.570339984
 31
0.0
1001
SUPPORT_DISTRIBUTION_UV
1000
clean_dxf_export_v1
1000
background
1000
column
1000
ES-中間樁NO
1000
source_geometry
1000
DC5AD
1071
578
  0
LINE
  5
2D6
330
17
100
AcDbEntity
  8
ES-中間樁NO
100
AcDbLine
 10
429779.2870494365
 20
-711938.570339984
 30
0.0
 11
429757.2870494365
 21
-711916.570339984
 31
0.0
1001
SUPPORT_DISTRIBUTION_UV
1000
clean_dxf_export_v1
1000
background
1000
column
1000
ES-中間樁NO
1000
source_geometry
1000
DC5AD
1071
579
  0
LINE
  5
2D7
330
17
100
AcDbEntity
  8
ES-中間樁NO
100
AcDbLine
 10
429757.2870494365
 20
-711916.570339984
 30
0.0
 11
429585.7870494365
 21
-711916.570339984
 31
0.0
1001
SUPPORT_DISTRIBUTION_UV
1000
clean_dxf_export_v1
1000
background
1000
column
1000
ES-中間樁NO
1000
source_geometry
1000
DC5AD
1071
580
  0
LINE
  5
2D8
330
17
100
AcDbEntity
  8
ES-中間樁NO
100
AcDbLine
 10
429585.7870494365
 20
-711916.570339984
 30
0.0
 11
429585.7870494365
 21
-711888.570339984
 31
0.0
1001
SUPPORT_DISTRIBUTION_UV
1000
clean_dxf_export_v1
1000
background
1000
column
1000
ES-中間樁NO
1000
source_geometry
1000
DC5AD
1071
581
  0
LINE
  5
2D9
330
17
100
AcDbEntity
  8
ES-中間樁NO
100
AcDbLine
 10
429585.7870494365
 20
-711888.570339984
 30
0.0
 11
429990.7870494365
 21
-711888.570339984
 31
0.0
1001
SUPPORT_DISTRIBUTION_UV
1000
clean_dxf_export_v1
1000
background
1000
column
1000
ES-中間樁NO
1000
source_geometry
1000
DC5AD
1071
582
  0
LINE
  5
2DA
330
17
100
AcDbEntity
  8
ES-中間樁NO
100
AcDbLine
 10
429990.7870494365
 20
-711888.570339984
 30
0.0
 11
429990.7870494365
 21
-711916.570339984
 31
0.0
1001
SUPPORT_DISTRIBUTION_UV
1000
clean_dxf_export_v1
1000
background
1000
column
1000
ES-中間樁NO
1000
source_geometry
1000
DC5AD
1071
583
  0
LINE
  5
2DB
330
17
100
AcDbEntity
  8
ES-中間樁NO
100
AcDbLine
 10
429990.7870494365
 20
-711916.570339984
 30
0.0
 11
429819.2870494365
 21
-711916.570339984
 31
0.0
1001
SUPPORT_DISTRIBUTION_UV
1000
clean_dxf_export_v1
1000
background
1000
column
1000
ES-中間樁NO
1000
source_geometry
1000
DC5AD
1071
584
  0
LINE
  5
2DC
330
17
100
AcDbEntity
  8
ES-中間樁NO
100
AcDbLine
 10
429819.2870494365
 20
-711916.570339984
 30
0.0
 11
429797.2870494365
 21
-711938.570339984
 31
0.0
1001
SUPPORT_DISTRIBUTION_UV
1000
clean_dxf_export_v1
1000
background
1000
column
1000
ES-中間樁NO
1000
source_geometry
1000
DC5AD
1071
585
  0
LINE
  5
2DD
330
17
100
AcDbEntity
  8
ES-中間樁NO
100
AcDbLine
 10
429797.2870494365
 20
-711938.570339984
 30
0.0
 11
429797.2870494365
 21
-712252.570339984
 31
0.0
1001
SUPPORT_DISTRIBUTION_UV
1000
clean_dxf_export_v1
1000
background
1000
column
1000
ES-中間樁NO
1000
source_geometry
1000
DC5AD
1071
586
  0
LINE
  5
2DE
330
17
100
AcDbEntity
  8
ES-中間樁NO
100
AcDbLine
 10
429797.2870494365
 20
-712252.570339984
 30
0.0
 11
429819.2870494365
 21
-712274.570339984
 31
0.0
1001
SUPPORT_DISTRIBUTION_UV
1000
clean_dxf_export_v1
1000
background
1000
column
1000
ES-中間樁NO
1000
source_geometry
1000
DC5AD
1071
587
  0
LINE
  5
2DF
330
17
100
AcDbEntity
  8
ES-中間樁NO
100
AcDbLine
 10
429819.2870494365
 20
-712274.570339984
 30
0.0
 11
429990.7870494365
 21
-712274.570339984
 31
0.0
1001
SUPPORT_DISTRIBUTION_UV
1000
clean_dxf_export_v1
1000
background
1000
column
1000
ES-中間樁NO
1000
source_geometry
1000
DC5AD
1071
588
  0
LINE
  5
2E0
330
17
100
AcDbEntity
  8
ES-中間樁NO
100
AcDbLine
 10
429990.7870494365
 20
-712274.570339984
 30
0.0
 11
429990.7870494365
 21
-712302.570339984
 31
0.0
1001
SUPPORT_DISTRIBUTION_UV
1000
clean_dxf_export_v1
1000
background
1000
column
1000
ES-中間樁NO
1000
source_geometry
1000
DC5AD
1071
589
  0
LINE
  5
2E1
330
17
100
AcDbEntity
  8
ES-中間樁NO
100
AcDbLine
 10
429990.7870494365
 20
-712302.570339984
 30
0.0
 11
429585.7870494365
 21
-712302.570339984
 31
0.0
1001
SUPPORT_DISTRIBUTION_UV
1000
clean_dxf_export_v1
1000
background
1000
column
1000
ES-中間樁NO
1000
source_geometry
1000
DC5AD
1071
590
  0
LINE
  5
2E2
330
17
100
AcDbEntity
  8
ES-中間樁NO
100
AcDbLine
 10
429585.7870494365
 20
-712302.570339984
 30
0.0
 11
429585.7870494365
 21
-712274.570339984
 31
0.0
1001
SUPPORT_DISTRIBUTION_UV
1000
clean_dxf_export_v1
1000
background
1000
column
1000
ES-中間樁NO
1000
source_geometry
1000
DC5AD
1071
591
  0
LINE
  5
2E3
330
17
100
AcDbEntity
  8
ES-中間樁NO
100
AcDbLine
 10
409085.7870494365
 20
-717174.5694823605
 30
0.0
 11
409257.2870494365
 21
-717174.5694823605
 31
0.0
1001
SUPPORT_DISTRIBUTION_UV
1000
clean_dxf_export_v1
1000
background
1000
column
1000
ES-中間樁NO
1000
source_geometry
1000
DC5AE
1071
592
  0
LINE
  5
2E4
330
17
100
AcDbEntity
  8
ES-中間樁NO
100
AcDbLine
 10
409257.2870494365
 20
-717174.5694823605
 30
0.0
 11
409279.2870494365
 21
-717152.5694823605
 31
0.0
1001
SUPPORT_DISTRIBUTION_UV
1000
clean_dxf_export_v1
1000
background
1000
column
1000
ES-中間樁NO
1000
source_geometry
1000
DC5AE
1071
593
  0
LINE
  5
2E5
330
17
100
AcDbEntity
  8
ES-中間樁NO
100
AcDbLine
 10
409279.2870494365
 20
-717152.5694823605
 30
0.0
 11
409279.2870494365
 21
-716838.5694823605
 31
0.0
1001
SUPPORT_DISTRIBUTION_UV
1000
clean_dxf_export_v1
1000
background
1000
column
1000
ES-中間樁NO
1000
source_geometry
1000
DC5AE
1071
594
  0
LINE
  5
2E6
330
17
100
AcDbEntity
  8
ES-中間樁NO
100
AcDbLine
 10
409279.2870494365
 20
-716838.5694823605
 30
0.0
 11
409257.2870494365
 21
-716816.5694823605
 31
0.0
1001
SUPPORT_DISTRIBUTION_UV
1000
clean_dxf_export_v1
1000
background
1000
column
1000
ES-中間樁NO
1000
source_geometry
1000
DC5AE
1071
595
  0
LINE
  5
2E7
330
17
100
AcDbEntity
  8
ES-中間樁NO
100
AcDbLine
 10
409257.2870494365
 20
-716816.5694823605
 30
0.0
 11
409085.7870494365
 21
-716816.5694823605
 31
0.0
1001
SUPPORT_DISTRIBUTION_UV
1000
clean_dxf_export_v1
1000
background
1000
column
1000
ES-中間樁NO
1000
source_geometry
1000
DC5AE
1071
596
  0
LINE
  5
2E8
330
17
100
AcDbEntity
  8
ES-中間樁NO
100
AcDbLine
 10
409085.7870494365
 20
-716816.5694823605
 30
0.0
 11
409085.7870494365
 21
-716788.5694823605
 31
0.0
1001
SUPPORT_DISTRIBUTION_UV
1000
clean_dxf_export_v1
1000
background
1000
column
1000
ES-中間樁NO
1000
source_geometry
1000
DC5AE
1071
597
  0
LINE
  5
2E9
330
17
100
AcDbEntity
  8
ES-中間樁NO
100
AcDbLine
 10
409085.7870494365
 20
-716788.5694823605
 30
0.0
 11
409490.7870494365
 21
-716788.5694823605
 31
0.0
1001
SUPPORT_DISTRIBUTION_UV
1000
clean_dxf_export_v1
1000
background
1000
column
1000
ES-中間樁NO
1000
source_geometry
1000
DC5AE
1071
598
  0
LINE
  5
2EA
330
17
100
AcDbEntity
  8
ES-中間樁NO
100
AcDbLine
 10
409490.7870494365
 20
-716788.5694823605
 30
0.0
 11
409490.7870494365
 21
-716816.5694823605
 31
0.0
1001
SUPPORT_DISTRIBUTION_UV
1000
clean_dxf_export_v1
1000
background
1000
column
1000
ES-中間樁NO
1000
source_geometry
1000
DC5AE
1071
599
  0
LINE
  5
2EB
330
17
100
AcDbEntity
  8
ES-中間樁NO
100
AcDbLine
 10
409490.7870494365
 20
-716816.5694823605
 30
0.0
 11
409319.2870494365
 21
-716816.5694823605
 31
0.0
1001
SUPPORT_DISTRIBUTION_UV
1000
clean_dxf_export_v1
1000
background
1000
column
1000
ES-中間樁NO
1000
source_geometry
1000
DC5AE
1071
600
  0
LINE
  5
2EC
330
17
100
AcDbEntity
  8
ES-中間樁NO
100
AcDbLine
 10
409319.2870494365
 20
-716816.5694823605
 30
0.0
 11
409297.2870494365
 21
-716838.5694823605
 31
0.0
1001
SUPPORT_DISTRIBUTION_UV
1000
clean_dxf_export_v1
1000
background
1000
column
1000
ES-中間樁NO
1000
source_geometry
1000
DC5AE
1071
601
  0
LINE
  5
2ED
330
17
100
AcDbEntity
  8
ES-中間樁NO
100
AcDbLine
 10
409297.2870494365
 20
-716838.5694823605
 30
0.0
 11
409297.2870494365
 21
-717152.5694823605
 31
0.0
1001
SUPPORT_DISTRIBUTION_UV
1000
clean_dxf_export_v1
1000
background
1000
column
1000
ES-中間樁NO
1000
source_geometry
1000
DC5AE
1071
602
  0
LINE
  5
2EE
330
17
100
AcDbEntity
  8
ES-中間樁NO
100
AcDbLine
 10
409297.2870494365
 20
-717152.5694823605
 30
0.0
 11
409319.2870494365
 21
-717174.5694823605
 31
0.0
1001
SUPPORT_DISTRIBUTION_UV
1000
clean_dxf_export_v1
1000
background
1000
column
1000
ES-中間樁NO
1000
source_geometry
1000
DC5AE
1071
603
  0
LINE
  5
2EF
330
17
100
AcDbEntity
  8
ES-中間樁NO
100
AcDbLine
 10
409319.2870494365
 20
-717174.5694823605
 30
0.0
 11
409490.7870494365
 21
-717174.5694823605
 31
0.0
1001
SUPPORT_DISTRIBUTION_UV
1000
clean_dxf_export_v1
1000
background
1000
column
1000
ES-中間樁NO
1000
source_geometry
1000
DC5AE
1071
604
  0
LINE
  5
2F0
330
17
100
AcDbEntity
  8
ES-中間樁NO
100
AcDbLine
 10
409490.7870494365
 20
-717174.5694823605
 30
0.0
 11
409490.7870494365
 21
-717202.5694823605
 31
0.0
1001
SUPPORT_DISTRIBUTION_UV
1000
clean_dxf_export_v1
1000
background
1000
column
1000
ES-中間樁NO
1000
source_geometry
1000
DC5AE
1071
605
  0
LINE
  5
2F1
330
17
100
AcDbEntity
  8
ES-中間樁NO
100
AcDbLine
 10
409490.7870494365
 20
-717202.5694823605
 30
0.0
 11
409085.7870494365
 21
-717202.5694823605
 31
0.0
1001
SUPPORT_DISTRIBUTION_UV
1000
clean_dxf_export_v1
1000
background
1000
column
1000
ES-中間樁NO
1000
source_geometry
1000
DC5AE
1071
606
  0
LINE
  5
2F2
330
17
100
AcDbEntity
  8
ES-中間樁NO
100
AcDbLine
 10
409085.7870494365
 20
-717202.5694823605
 30
0.0
 11
409085.7870494365
 21
-717174.5694823605
 31
0.0
1001
SUPPORT_DISTRIBUTION_UV
1000
clean_dxf_export_v1
1000
background
1000
column
1000
ES-中間樁NO
1000
source_geometry
1000
DC5AE
1071
607
  0
LINE
  5
2F3
330
17
100
AcDbEntity
  8
ES-中間樁NO
100
AcDbLine
 10
397085.7870494365
 20
-711424.570339984
 30
0.0
 11
397257.2870494365
 21
-711424.570339984
 31
0.0
1001
SUPPORT_DISTRIBUTION_UV
1000
clean_dxf_export_v1
1000
background
1000
column
1000
ES-中間樁NO
1000
source_geometry
1000
DC5AF
1071
608
  0
LINE
  5
2F4
330
17
100
AcDbEntity
  8
ES-中間樁NO
100
AcDbLine
 10
397257.2870494365
 20
-711424.570339984
 30
0.0
 11
397279.2870494365
 21
-711402.570339984
 31
0.0
1001
SUPPORT_DISTRIBUTION_UV
1000
clean_dxf_export_v1
1000
background
1000
column
1000
ES-中間樁NO
1000
source_geometry
1000
DC5AF
1071
609
  0
LINE
  5
2F5
330
17
100
AcDbEntity
  8
ES-中間樁NO
100
AcDbLine
 10
397279.2870494365
 20
-711402.570339984
 30
0.0
 11
397279.2870494365
 21
-711088.570339984
 31
0.0
1001
SUPPORT_DISTRIBUTION_UV
1000
clean_dxf_export_v1
1000
background
1000
column
1000
ES-中間樁NO
1000
source_geometry
1000
DC5AF
1071
610
  0
LINE
  5
2F6
330
17
100
AcDbEntity
  8
ES-中間樁NO
100
AcDbLine
 10
397279.2870494365
 20
-711088.570339984
 30
0.0
 11
397257.2870494365
 21
-711066.570339984
 31
0.0
1001
SUPPORT_DISTRIBUTION_UV
1000
clean_dxf_export_v1
1000
background
1000
column
1000
ES-中間樁NO
1000
source_geometry
1000
DC5AF
1071
611
  0
LINE
  5
2F7
330
17
100
AcDbEntity
  8
ES-中間樁NO
100
AcDbLine
 10
397257.2870494365
 20
-711066.570339984
 30
0.0
 11
397085.7870494365
 21
-711066.570339984
 31
0.0
1001
SUPPORT_DISTRIBUTION_UV
1000
clean_dxf_export_v1
1000
background
1000
column
1000
ES-中間樁NO
1000
source_geometry
1000
DC5AF
1071
612
  0
LINE
  5
2F8
330
17
100
AcDbEntity
  8
ES-中間樁NO
100
AcDbLine
 10
397085.7870494365
 20
-711066.570339984
 30
0.0
 11
397085.7870494365
 21
-711038.570339984
 31
0.0
1001
SUPPORT_DISTRIBUTION_UV
1000
clean_dxf_export_v1
1000
background
1000
column
1000
ES-中間樁NO
1000
source_geometry
1000
DC5AF
1071
613
  0
LINE
  5
2F9
330
17
100
AcDbEntity
  8
ES-中間樁NO
100
AcDbLine
 10
397085.7870494365
 20
-711038.570339984
 30
0.0
 11
397490.7870494365
 21
-711038.570339984
 31
0.0
1001
SUPPORT_DISTRIBUTION_UV
1000
clean_dxf_export_v1
1000
background
1000
column
1000
ES-中間樁NO
1000
source_geometry
1000
DC5AF
1071
614
  0
LINE
  5
2FA
330
17
100
AcDbEntity
  8
ES-中間樁NO
100
AcDbLine
 10
397490.7870494365
 20
-711038.570339984
 30
0.0
 11
397490.7870494365
 21
-711066.570339984
 31
0.0
1001
SUPPORT_DISTRIBUTION_UV
1000
clean_dxf_export_v1
1000
background
1000
column
1000
ES-中間樁NO
1000
source_geometry
1000
DC5AF
1071
615
  0
LINE
  5
2FB
330
17
100
AcDbEntity
  8
ES-中間樁NO
100
AcDbLine
 10
397490.7870494365
 20
-711066.570339984
 30
0.0
 11
397319.2870494365
 21
-711066.570339984
 31
0.0
1001
SUPPORT_DISTRIBUTION_UV
1000
clean_dxf_export_v1
1000
background
1000
column
1000
ES-中間樁NO
1000
source_geometry
1000
DC5AF
1071
616
  0
LINE
  5
2FC
330
17
100
AcDbEntity
  8
ES-中間樁NO
100
AcDbLine
 10
397319.2870494365
 20
-711066.570339984
 30
0.0
 11
397297.2870494365
 21
-711088.570339984
 31
0.0
1001
SUPPORT_DISTRIBUTION_UV
1000
clean_dxf_export_v1
1000
background
1000
column
1000
ES-中間樁NO
1000
source_geometry
1000
DC5AF
1071
617
  0
LINE
  5
2FD
330
17
100
AcDbEntity
  8
ES-中間樁NO
100
AcDbLine
 10
397297.2870494365
 20
-711088.570339984
 30
0.0
 11
397297.2870494365
 21
-711402.570339984
 31
0.0
1001
SUPPORT_DISTRIBUTION_UV
1000
clean_dxf_export_v1
1000
background
1000
column
1000
ES-中間樁NO
1000
source_geometry
1000
DC5AF
1071
618
  0
LINE
  5
2FE
330
17
100
AcDbEntity
  8
ES-中間樁NO
100
AcDbLine
 10
397297.2870494365
 20
-711402.570339984
 30
0.0
 11
397319.2870494365
 21
-711424.570339984
 31
0.0
1001
SUPPORT_DISTRIBUTION_UV
1000
clean_dxf_export_v1
1000
background
1000
column
1000
ES-中間樁NO
1000
source_geometry
1000
DC5AF
1071
619
  0
LINE
  5
2FF
330
17
100
AcDbEntity
  8
ES-中間樁NO
100
AcDbLine
 10
397319.2870494365
 20
-711424.570339984
 30
0.0
 11
397490.7870494365
 21
-711424.570339984
 31
0.0
1001
SUPPORT_DISTRIBUTION_UV
1000
clean_dxf_export_v1
1000
background
1000
column
1000
ES-中間樁NO
1000
source_geometry
1000
DC5AF
1071
620
  0
LINE
  5
300
330
17
100
AcDbEntity
  8
ES-中間樁NO
100
AcDbLine
 10
397490.7870494365
 20
-711424.570339984
 30
0.0
 11
397490.7870494365
 21
-711452.570339984
 31
0.0
1001
SUPPORT_DISTRIBUTION_UV
1000
clean_dxf_export_v1
1000
background
1000
column
1000
ES-中間樁NO
1000
source_geometry
1000
DC5AF
1071
621
  0
LINE
  5
301
330
17
100
AcDbEntity
  8
ES-中間樁NO
100
AcDbLine
 10
397490.7870494365
 20
-711452.570339984
 30
0.0
 11
397085.7870494365
 21
-711452.570339984
 31
0.0
1001
SUPPORT_DISTRIBUTION_UV
1000
clean_dxf_export_v1
1000
background
1000
column
1000
ES-中間樁NO
1000
source_geometry
1000
DC5AF
1071
622
  0
LINE
  5
302
330
17
100
AcDbEntity
  8
ES-中間樁NO
100
AcDbLine
 10
397085.7870494365
 20
-711452.570339984
 30
0.0
 11
397085.7870494365
 21
-711424.570339984
 31
0.0
1001
SUPPORT_DISTRIBUTION_UV
1000
clean_dxf_export_v1
1000
background
1000
column
1000
ES-中間樁NO
1000
source_geometry
1000
DC5AF
1071
623
  0
LINE
  5
303
330
17
100
AcDbEntity
  8
ES-中間樁NO
100
AcDbLine
 10
391085.7870494365
 20
-711424.570339984
 30
0.0
 11
391257.2870494365
 21
-711424.570339984
 31
0.0
1001
SUPPORT_DISTRIBUTION_UV
1000
clean_dxf_export_v1
1000
background
1000
column
1000
ES-中間樁NO
1000
source_geometry
1000
DC5B0
1071
624
  0
LINE
  5
304
330
17
100
AcDbEntity
  8
ES-中間樁NO
100
AcDbLine
 10
391257.2870494365
 20
-711424.570339984
 30
0.0
 11
391279.2870494365
 21
-711402.570339984
 31
0.0
1001
SUPPORT_DISTRIBUTION_UV
1000
clean_dxf_export_v1
1000
background
1000
column
1000
ES-中間樁NO
1000
source_geometry
1000
DC5B0
1071
625
  0
LINE
  5
305
330
17
100
AcDbEntity
  8
ES-中間樁NO
100
AcDbLine
 10
391279.2870494365
 20
-711402.570339984
 30
0.0
 11
391279.2870494365
 21
-711088.570339984
 31
0.0
1001
SUPPORT_DISTRIBUTION_UV
1000
clean_dxf_export_v1
1000
background
1000
column
1000
ES-中間樁NO
1000
source_geometry
1000
DC5B0
1071
626
  0
LINE
  5
306
330
17
100
AcDbEntity
  8
ES-中間樁NO
100
AcDbLine
 10
391279.2870494365
 20
-711088.570339984
 30
0.0
 11
391257.2870494365
 21
-711066.570339984
 31
0.0
1001
SUPPORT_DISTRIBUTION_UV
1000
clean_dxf_export_v1
1000
background
1000
column
1000
ES-中間樁NO
1000
source_geometry
1000
DC5B0
1071
627
  0
LINE
  5
307
330
17
100
AcDbEntity
  8
ES-中間樁NO
100
AcDbLine
 10
391257.2870494365
 20
-711066.570339984
 30
0.0
 11
391085.7870494365
 21
-711066.570339984
 31
0.0
1001
SUPPORT_DISTRIBUTION_UV
1000
clean_dxf_export_v1
1000
background
1000
column
1000
ES-中間樁NO
1000
source_geometry
1000
DC5B0
1071
628
  0
LINE
  5
308
330
17
100
AcDbEntity
  8
ES-中間樁NO
100
AcDbLine
 10
391085.7870494365
 20
-711066.570339984
 30
0.0
 11
391085.7870494365
 21
-711038.570339984
 31
0.0
1001
SUPPORT_DISTRIBUTION_UV
1000
clean_dxf_export_v1
1000
background
1000
column
1000
ES-中間樁NO
1000
source_geometry
1000
DC5B0
1071
629
  0
LINE
  5
309
330
17
100
AcDbEntity
  8
ES-中間樁NO
100
AcDbLine
 10
391085.7870494365
 20
-711038.570339984
 30
0.0
 11
391490.7870494365
 21
-711038.570339984
 31
0.0
1001
SUPPORT_DISTRIBUTION_UV
1000
clean_dxf_export_v1
1000
background
1000
column
1000
ES-中間樁NO
1000
source_geometry
1000
DC5B0
1071
630
  0
LINE
  5
30A
330
17
100
AcDbEntity
  8
ES-中間樁NO
100
AcDbLine
 10
391490.7870494365
 20
-711038.570339984
 30
0.0
 11
391490.7870494365
 21
-711066.570339984
 31
0.0
1001
SUPPORT_DISTRIBUTION_UV
1000
clean_dxf_export_v1
1000
background
1000
column
1000
ES-中間樁NO
1000
source_geometry
1000
DC5B0
1071
631
  0
LINE
  5
30B
330
17
100
AcDbEntity
  8
ES-中間樁NO
100
AcDbLine
 10
391490.7870494365
 20
-711066.570339984
 30
0.0
 11
391319.2870494365
 21
-711066.570339984
 31
0.0
1001
SUPPORT_DISTRIBUTION_UV
1000
clean_dxf_export_v1
1000
background
1000
column
1000
ES-中間樁NO
1000
source_geometry
1000
DC5B0
1071
632
  0
LINE
  5
30C
330
17
100
AcDbEntity
  8
ES-中間樁NO
100
AcDbLine
 10
391319.2870494365
 20
-711066.570339984
 30
0.0
 11
391297.2870494365
 21
-711088.570339984
 31
0.0
1001
SUPPORT_DISTRIBUTION_UV
1000
clean_dxf_export_v1
1000
background
1000
column
1000
ES-中間樁NO
1000
source_geometry
1000
DC5B0
1071
633
  0
LINE
  5
30D
330
17
100
AcDbEntity
  8
ES-中間樁NO
100
AcDbLine
 10
391297.2870494365
 20
-711088.570339984
 30
0.0
 11
391297.2870494365
 21
-711402.570339984
 31
0.0
1001
SUPPORT_DISTRIBUTION_UV
1000
clean_dxf_export_v1
1000
background
1000
column
1000
ES-中間樁NO
1000
source_geometry
1000
DC5B0
1071
634
  0
LINE
  5
30E
330
17
100
AcDbEntity
  8
ES-中間樁NO
100
AcDbLine
 10
391297.2870494365
 20
-711402.570339984
 30
0.0
 11
391319.2870494365
 21
-711424.570339984
 31
0.0
1001
SUPPORT_DISTRIBUTION_UV
1000
clean_dxf_export_v1
1000
background
1000
column
1000
ES-中間樁NO
1000
source_geometry
1000
DC5B0
1071
635
  0
LINE
  5
30F
330
17
100
AcDbEntity
  8
ES-中間樁NO
100
AcDbLine
 10
391319.2870494365
 20
-711424.570339984
 30
0.0
 11
391490.7870494365
 21
-711424.570339984
 31
0.0
1001
SUPPORT_DISTRIBUTION_UV
1000
clean_dxf_export_v1
1000
background
1000
column
1000
ES-中間樁NO
1000
source_geometry
1000
DC5B0
1071
636
  0
LINE
  5
310
330
17
100
AcDbEntity
  8
ES-中間樁NO
100
AcDbLine
 10
391490.7870494365
 20
-711424.570339984
 30
0.0
 11
391490.7870494365
 21
-711452.570339984
 31
0.0
1001
SUPPORT_DISTRIBUTION_UV
1000
clean_dxf_export_v1
1000
background
1000
column
1000
ES-中間樁NO
1000
source_geometry
1000
DC5B0
1071
637
  0
LINE
  5
311
330
17
100
AcDbEntity
  8
ES-中間樁NO
100
AcDbLine
 10
391490.7870494365
 20
-711452.570339984
 30
0.0
 11
391085.7870494365
 21
-711452.570339984
 31
0.0
1001
SUPPORT_DISTRIBUTION_UV
1000
clean_dxf_export_v1
1000
background
1000
column
1000
ES-中間樁NO
1000
source_geometry
1000
DC5B0
1071
638
  0
LINE
  5
312
330
17
100
AcDbEntity
  8
ES-中間樁NO
100
AcDbLine
 10
391085.7870494365
 20
-711452.570339984
 30
0.0
 11
391085.7870494365
 21
-711424.570339984
 31
0.0
1001
SUPPORT_DISTRIBUTION_UV
1000
clean_dxf_export_v1
1000
background
1000
column
1000
ES-中間樁NO
1000
source_geometry
1000
DC5B0
1071
639
  0
LINE
  5
313
330
17
100
AcDbEntity
  8
ES-中間樁NO
100
AcDbLine
 10
342085.7870494365
 20
-712274.570339984
 30
0.0
 11
342257.2870494365
 21
-712274.570339984
 31
0.0
1001
SUPPORT_DISTRIBUTION_UV
1000
clean_dxf_export_v1
1000
background
1000
column
1000
ES-中間樁NO
1000
source_geometry
1000
DC5B1
1071
640
  0
LINE
  5
314
330
17
100
AcDbEntity
  8
ES-中間樁NO
100
AcDbLine
 10
342257.2870494365
 20
-712274.570339984
 30
0.0
 11
342279.2870494365
 21
-712252.570339984
 31
0.0
1001
SUPPORT_DISTRIBUTION_UV
1000
clean_dxf_export_v1
1000
background
1000
column
1000
ES-中間樁NO
1000
source_geometry
1000
DC5B1
1071
641
  0
LINE
  5
315
330
17
100
AcDbEntity
  8
ES-中間樁NO
100
AcDbLine
 10
342279.2870494365
 20
-712252.570339984
 30
0.0
 11
342279.2870494365
 21
-711938.570339984
 31
0.0
1001
SUPPORT_DISTRIBUTION_UV
1000
clean_dxf_export_v1
1000
background
1000
column
1000
ES-中間樁NO
1000
source_geometry
1000
DC5B1
1071
642
  0
LINE
  5
316
330
17
100
AcDbEntity
  8
ES-中間樁NO
100
AcDbLine
 10
342279.2870494365
 20
-711938.570339984
 30
0.0
 11
342257.2870494365
 21
-711916.570339984
 31
0.0
1001
SUPPORT_DISTRIBUTION_UV
1000
clean_dxf_export_v1
1000
background
1000
column
1000
ES-中間樁NO
1000
source_geometry
1000
DC5B1
1071
643
  0
LINE
  5
317
330
17
100
AcDbEntity
  8
ES-中間樁NO
100
AcDbLine
 10
342257.2870494365
 20
-711916.570339984
 30
0.0
 11
342085.7870494365
 21
-711916.570339984
 31
0.0
1001
SUPPORT_DISTRIBUTION_UV
1000
clean_dxf_export_v1
1000
background
1000
column
1000
ES-中間樁NO
1000
source_geometry
1000
DC5B1
1071
644
  0
LINE
  5
318
330
17
100
AcDbEntity
  8
ES-中間樁NO
100
AcDbLine
 10
342085.7870494365
 20
-711916.570339984
 30
0.0
 11
342085.7870494365
 21
-711888.570339984
 31
0.0
1001
SUPPORT_DISTRIBUTION_UV
1000
clean_dxf_export_v1
1000
background
1000
column
1000
ES-中間樁NO
1000
source_geometry
1000
DC5B1
1071
645
  0
LINE
  5
319
330
17
100
AcDbEntity
  8
ES-中間樁NO
100
AcDbLine
 10
342085.7870494365
 20
-711888.570339984
 30
0.0
 11
342490.7870494365
 21
-711888.570339984
 31
0.0
1001
SUPPORT_DISTRIBUTION_UV
1000
clean_dxf_export_v1
1000
background
1000
column
1000
ES-中間樁NO
1000
source_geometry
1000
DC5B1
1071
646
  0
LINE
  5
31A
330
17
100
AcDbEntity
  8
ES-中間樁NO
100
AcDbLine
 10
342490.7870494365
 20
-711888.570339984
 30
0.0
 11
342490.7870494365
 21
-711916.570339984
 31
0.0
1001
SUPPORT_DISTRIBUTION_UV
1000
clean_dxf_export_v1
1000
background
1000
column
1000
ES-中間樁NO
1000
source_geometry
1000
DC5B1
1071
647
  0
LINE
  5
31B
330
17
100
AcDbEntity
  8
ES-中間樁NO
100
AcDbLine
 10
342490.7870494365
 20
-711916.570339984
 30
0.0
 11
342319.2870494365
 21
-711916.570339984
 31
0.0
1001
SUPPORT_DISTRIBUTION_UV
1000
clean_dxf_export_v1
1000
background
1000
column
1000
ES-中間樁NO
1000
source_geometry
1000
DC5B1
1071
648
  0
LINE
  5
31C
330
17
100
AcDbEntity
  8
ES-中間樁NO
100
AcDbLine
 10
342319.2870494365
 20
-711916.570339984
 30
0.0
 11
342297.2870494365
 21
-711938.570339984
 31
0.0
1001
SUPPORT_DISTRIBUTION_UV
1000
clean_dxf_export_v1
1000
background
1000
column
1000
ES-中間樁NO
1000
source_geometry
1000
DC5B1
1071
649
  0
LINE
  5
31D
330
17
100
AcDbEntity
  8
ES-中間樁NO
100
AcDbLine
 10
342297.2870494365
 20
-711938.570339984
 30
0.0
 11
342297.2870494365
 21
-712252.570339984
 31
0.0
1001
SUPPORT_DISTRIBUTION_UV
1000
clean_dxf_export_v1
1000
background
1000
column
1000
ES-中間樁NO
1000
source_geometry
1000
DC5B1
1071
650
  0
LINE
  5
31E
330
17
100
AcDbEntity
  8
ES-中間樁NO
100
AcDbLine
 10
342297.2870494365
 20
-712252.570339984
 30
0.0
 11
342319.2870494365
 21
-712274.570339984
 31
0.0
1001
SUPPORT_DISTRIBUTION_UV
1000
clean_dxf_export_v1
1000
background
1000
column
1000
ES-中間樁NO
1000
source_geometry
1000
DC5B1
1071
651
  0
LINE
  5
31F
330
17
100
AcDbEntity
  8
ES-中間樁NO
100
AcDbLine
 10
342319.2870494365
 20
-712274.570339984
 30
0.0
 11
342490.7870494365
 21
-712274.570339984
 31
0.0
1001
SUPPORT_DISTRIBUTION_UV
1000
clean_dxf_export_v1
1000
background
1000
column
1000
ES-中間樁NO
1000
source_geometry
1000
DC5B1
1071
652
  0
LINE
  5
320
330
17
100
AcDbEntity
  8
ES-中間樁NO
100
AcDbLine
 10
342490.7870494365
 20
-712274.570339984
 30
0.0
 11
342490.7870494365
 21
-712302.570339984
 31
0.0
1001
SUPPORT_DISTRIBUTION_UV
1000
clean_dxf_export_v1
1000
background
1000
column
1000
ES-中間樁NO
1000
source_geometry
1000
DC5B1
1071
653
  0
LINE
  5
321
330
17
100
AcDbEntity
  8
ES-中間樁NO
100
AcDbLine
 10
342490.7870494365
 20
-712302.570339984
 30
0.0
 11
342085.7870494365
 21
-712302.570339984
 31
0.0
1001
SUPPORT_DISTRIBUTION_UV
1000
clean_dxf_export_v1
1000
background
1000
column
1000
ES-中間樁NO
1000
source_geometry
1000
DC5B1
1071
654
  0
LINE
  5
322
330
17
100
AcDbEntity
  8
ES-中間樁NO
100
AcDbLine
 10
342085.7870494365
 20
-712302.570339984
 30
0.0
 11
342085.7870494365
 21
-712274.570339984
 31
0.0
1001
SUPPORT_DISTRIBUTION_UV
1000
clean_dxf_export_v1
1000
background
1000
column
1000
ES-中間樁NO
1000
source_geometry
1000
DC5B1
1071
655
  0
LINE
  5
323
330
17
100
AcDbEntity
  8
ES-C250x90
100
AcDbLine
 10
349788.2870494365
 20
-711798.6998834199
 30
0.0
 11
349788.2870494365
 21
-711843.6998834199
 31
0.0
1001
SUPPORT_DISTRIBUTION_UV
1000
clean_dxf_export_v1
1000
background
1000
beam
1000
ES-C250x90
1000
source_geometry
1000
CD564
1071
656
  0
LINE
  5
324
330
17
100
AcDbEntity
  8
ES-C250x90
100
AcDbLine
 10
349788.2870494365
 20
-711888.6998834199
 30
0.0
 11
349788.2870494365
 21
-711843.6998834199
 31
0.0
1001
SUPPORT_DISTRIBUTION_UV
1000
clean_dxf_export_v1
1000
background
1000
beam
1000
ES-C250x90
1000
source_geometry
1000
CD564
1071
657
  0
LINE
  5
325
330
17
100
AcDbEntity
  8
ES-C250x90
100
AcDbLine
 10
349788.2870494365
 20
-711798.6998834199
 30
0.0
 11
350990.7870494365
 21
-711798.6998834199
 31
0.0
1001
SUPPORT_DISTRIBUTION_UV
1000
clean_dxf_export_v1
1000
background
1000
beam
1000
ES-C250x90
1000
source_geometry
1000
CD564
1071
658
  0
LINE
  5
326
330
17
100
AcDbEntity
  8
ES-C250x90
100
AcDbLine
 10
349788.2870494365
 20
-711888.6998834199
 30
0.0
 11
350996.401419862
 21
-711888.6998834199
 31
0.0
1001
SUPPORT_DISTRIBUTION_UV
1000
clean_dxf_export_v1
1000
background
1000
beam
1000
ES-C250x90
1000
source_geometry
1000
CD564
1071
659
  0
LINE
  5
327
330
17
100
AcDbEntity
  8
ES-C250x90
100
AcDbLine
 10
350990.7870494365
 20
-711798.6998834199
 30
0.0
 11
356579.5557539321
 21
-711098.6998834199
 31
0.0
1001
SUPPORT_DISTRIBUTION_UV
1000
clean_dxf_export_v1
1000
background
1000
beam
1000
ES-C250x90
1000
source_geometry
1000
CD564
1071
660
  0
LINE
  5
328
330
17
100
AcDbEntity
  8
ES-C250x90
100
AcDbLine
 10
350996.401419862
 20
-711888.6998834199
 30
0.0
 11
356585.1701243576
 21
-711188.6998834199
 31
0.0
1001
SUPPORT_DISTRIBUTION_UV
1000
clean_dxf_export_v1
1000
background
1000
beam
1000
ES-C250x90
1000
source_geometry
1000
CD564
1071
661
  0
LINE
  5
329
330
17
100
AcDbEntity
  8
ES-C250x90
100
AcDbLine
 10
356579.5557539321
 20
-711098.6998834199
 30
0.0
 11
362990.7870494365
 21
-711098.6998834199
 31
0.0
1001
SUPPORT_DISTRIBUTION_UV
1000
clean_dxf_export_v1
1000
background
1000
beam
1000
ES-C250x90
1000
source_geometry
1000
CD564
1071
662
  0
LINE
  5
32A
330
17
100
AcDbEntity
  8
ES-C250x90
100
AcDbLine
 10
356585.1701243576
 20
-711188.6998834199
 30
0.0
 11
362991.9935559534
 21
-711188.6998834199
 31
0.0
1001
SUPPORT_DISTRIBUTION_UV
1000
clean_dxf_export_v1
1000
background
1000
beam
1000
ES-C250x90
1000
source_geometry
1000
CD564
1071
663
  0
LINE
  5
32B
330
17
100
AcDbEntity
  8
ES-C250x90
100
AcDbLine
 10
362990.7870494365
 20
-711098.6998834199
 30
0.0
 11
368584.4468076467
 21
-710948.6998834199
 31
0.0
1001
SUPPORT_DISTRIBUTION_UV
1000
clean_dxf_export_v1
1000
background
1000
beam
1000
ES-C250x90
1000
source_geometry
1000
CD564
1071
664
  0
LINE
  5
32C
330
17
100
AcDbEntity
  8
ES-C250x90
100
AcDbLine
 10
362991.9935559534
 20
-711188.6998834199
 30
0.0
 11
368585.6533141636
 21
-711038.6998834199
 31
0.0
1001
SUPPORT_DISTRIBUTION_UV
1000
clean_dxf_export_v1
1000
background
1000
beam
1000
ES-C250x90
1000
source_geometry
1000
CD564
1071
665
  0
LINE
  5
32D
330
17
100
AcDbEntity
  8
ES-C250x90
100
AcDbLine
 10
368584.4468076467
 20
-710948.6998834199
 30
0.0
 11
369788.2870494365
 21
-710948.6998834199
 31
0.0
1001
SUPPORT_DISTRIBUTION_UV
1000
clean_dxf_export_v1
1000
background
1000
beam
1000
ES-C250x90
1000
source_geometry
1000
CD564
1071
666
  0
LINE
  5
32E
330
17
100
AcDbEntity
  8
ES-C250x90
100
AcDbLine
 10
368585.6533141636
 20
-711038.6998834199
 30
0.0
 11
369788.2870494365
 21
-711038.6998834199
 31
0.0
1001
SUPPORT_DISTRIBUTION_UV
1000
clean_dxf_export_v1
1000
background
1000
beam
1000
ES-C250x90
1000
source_geometry
1000
CD564
1071
667
  0
LINE
  5
32F
330
17
100
AcDbEntity
  8
ES-C250x90
100
AcDbLine
 10
369788.2870494365
 20
-710948.6998834199
 30
0.0
 11
369788.2870494365
 21
-710993.6998834199
 31
0.0
1001
SUPPORT_DISTRIBUTION_UV
1000
clean_dxf_export_v1
1000
background
1000
beam
1000
ES-C250x90
1000
source_geometry
1000
CD564
1071
668
  0
LINE
  5
330
330
17
100
AcDbEntity
  8
ES-C250x90
100
AcDbLine
 10
369788.2870494365
 20
-711038.6998834199
 30
0.0
 11
369788.2870494365
 21
-710993.6998834199
 31
0.0
1001
SUPPORT_DISTRIBUTION_UV
1000
clean_dxf_export_v1
1000
background
1000
beam
1000
ES-C250x90
1000
source_geometry
1000
CD564
1071
669
  0
LINE
  5
331
330
17
100
AcDbEntity
  8
ES-C250x90
100
AcDbLine
 10
349788.2870494365
 20
-712302.570339984
 30
0.0
 11
349788.2870494365
 21
-712347.570339984
 31
0.0
1001
SUPPORT_DISTRIBUTION_UV
1000
clean_dxf_export_v1
1000
background
1000
beam
1000
ES-C250x90
1000
source_geometry
1000
CD569
1071
670
  0
LINE
  5
332
330
17
100
AcDbEntity
  8
ES-C250x90
100
AcDbLine
 10
349788.2870494365
 20
-712392.570339984
 30
0.0
 11
349788.2870494365
 21
-712347.570339984
 31
0.0
1001
SUPPORT_DISTRIBUTION_UV
1000
clean_dxf_export_v1
1000
background
1000
beam
1000
ES-C250x90
1000
source_geometry
1000
CD569
1071
671
  0
LINE
  5
333
330
17
100
AcDbEntity
  8
ES-C250x90
100
AcDbLine
 10
349788.2870494365
 20
-712302.570339984
 30
0.0
 11
350990.7870494365
 21
-712302.570339984
 31
0.0
1001
SUPPORT_DISTRIBUTION_UV
1000
clean_dxf_export_v1
1000
background
1000
beam
1000
ES-C250x90
1000
source_geometry
1000
CD569
1071
672
  0
LINE
  5
334
330
17
100
AcDbEntity
  8
ES-C250x90
100
AcDbLine
 10
349788.2870494365
 20
-712392.570339984
 30
0.0
 11
350996.401419862
 21
-712392.570339984
 31
0.0
1001
SUPPORT_DISTRIBUTION_UV
1000
clean_dxf_export_v1
1000
background
1000
beam
1000
ES-C250x90
1000
source_geometry
1000
CD569
1071
673
  0
LINE
  5
335
330
17
100
AcDbEntity
  8
ES-C250x90
100
AcDbLine
 10
350990.7870494365
 20
-712302.570339984
 30
0.0
 11
356579.5557539321
 21
-711602.570339984
 31
0.0
1001
SUPPORT_DISTRIBUTION_UV
1000
clean_dxf_export_v1
1000
background
1000
beam
1000
ES-C250x90
1000
source_geometry
1000
CD569
1071
674
  0
LINE
  5
336
330
17
100
AcDbEntity
  8
ES-C250x90
100
AcDbLine
 10
350996.401419862
 20
-712392.570339984
 30
0.0
 11
356585.1701243576
 21
-711692.570339984
 31
0.0
1001
SUPPORT_DISTRIBUTION_UV
1000
clean_dxf_export_v1
1000
background
1000
beam
1000
ES-C250x90
1000
source_geometry
1000
CD569
1071
675
  0
LINE
  5
337
330
17
100
AcDbEntity
  8
ES-C250x90
100
AcDbLine
 10
356579.5557539321
 20
-711602.570339984
 30
0.0
 11
362990.7870494365
 21
-711602.570339984
 31
0.0
1001
SUPPORT_DISTRIBUTION_UV
1000
clean_dxf_export_v1
1000
background
1000
beam
1000
ES-C250x90
1000
source_geometry
1000
CD569
1071
676
  0
LINE
  5
338
330
17
100
AcDbEntity
  8
ES-C250x90
100
AcDbLine
 10
356585.1701243576
 20
-711692.570339984
 30
0.0
 11
362991.9935559534
 21
-711692.570339984
 31
0.0
1001
SUPPORT_DISTRIBUTION_UV
1000
clean_dxf_export_v1
1000
background
1000
beam
1000
ES-C250x90
1000
source_geometry
1000
CD569
1071
677
  0
LINE
  5
339
330
17
100
AcDbEntity
  8
ES-C250x90
100
AcDbLine
 10
362990.7870494365
 20
-711602.570339984
 30
0.0
 11
368584.4468076467
 21
-711452.570339984
 31
0.0
1001
SUPPORT_DISTRIBUTION_UV
1000
clean_dxf_export_v1
1000
background
1000
beam
1000
ES-C250x90
1000
source_geometry
1000
CD569
1071
678
  0
LINE
  5
33A
330
17
100
AcDbEntity
  8
ES-C250x90
100
AcDbLine
 10
362991.9935559534
 20
-711692.570339984
 30
0.0
 11
368585.6533141636
 21
-711542.570339984
 31
0.0
1001
SUPPORT_DISTRIBUTION_UV
1000
clean_dxf_export_v1
1000
background
1000
beam
1000
ES-C250x90
1000
source_geometry
1000
CD569
1071
679
  0
LINE
  5
33B
330
17
100
AcDbEntity
  8
ES-C250x90
100
AcDbLine
 10
368584.4468076467
 20
-711452.570339984
 30
0.0
 11
369788.2870494365
 21
-711452.570339984
 31
0.0
1001
SUPPORT_DISTRIBUTION_UV
1000
clean_dxf_export_v1
1000
background
1000
beam
1000
ES-C250x90
1000
source_geometry
1000
CD569
1071
680
  0
LINE
  5
33C
330
17
100
AcDbEntity
  8
ES-C250x90
100
AcDbLine
 10
368585.6533141636
 20
-711542.570339984
 30
0.0
 11
369788.2870494365
 21
-711542.570339984
 31
0.0
1001
SUPPORT_DISTRIBUTION_UV
1000
clean_dxf_export_v1
1000
background
1000
beam
1000
ES-C250x90
1000
source_geometry
1000
CD569
1071
681
  0
LINE
  5
33D
330
17
100
AcDbEntity
  8
ES-C250x90
100
AcDbLine
 10
369788.2870494365
 20
-711452.570339984
 30
0.0
 11
369788.2870494365
 21
-711497.570339984
 31
0.0
1001
SUPPORT_DISTRIBUTION_UV
1000
clean_dxf_export_v1
1000
background
1000
beam
1000
ES-C250x90
1000
source_geometry
1000
CD569
1071
682
  0
LINE
  5
33E
330
17
100
AcDbEntity
  8
ES-C250x90
100
AcDbLine
 10
369788.2870494365
 20
-711542.570339984
 30
0.0
 11
369788.2870494365
 21
-711497.570339984
 31
0.0
1001
SUPPORT_DISTRIBUTION_UV
1000
clean_dxf_export_v1
1000
background
1000
beam
1000
ES-C250x90
1000
source_geometry
1000
CD569
1071
683
  0
LINE
  5
33F
330
17
100
AcDbEntity
  8
ES-C250x90
100
AcDbLine
 10
372788.2870494365
 20
-710948.570339984
 30
0.0
 11
372788.2870494365
 21
-710993.570339984
 31
0.0
1001
SUPPORT_DISTRIBUTION_UV
1000
clean_dxf_export_v1
1000
background
1000
beam
1000
ES-C250x90
1000
source_geometry
1000
CD56A
1071
684
  0
LINE
  5
340
330
17
100
AcDbEntity
  8
ES-C250x90
100
AcDbLine
 10
372788.2870494365
 20
-711038.570339984
 30
0.0
 11
372788.2870494365
 21
-710993.570339984
 31
0.0
1001
SUPPORT_DISTRIBUTION_UV
1000
clean_dxf_export_v1
1000
background
1000
beam
1000
ES-C250x90
1000
source_geometry
1000
CD56A
1071
685
  0
LINE
  5
341
330
17
100
AcDbEntity
  8
ES-C250x90
100
AcDbLine
 10
372788.2870494365
 20
-710948.570339984
 30
0.0
 11
398288.2870494365
 21
-710948.570339984
 31
0.0
1001
SUPPORT_DISTRIBUTION_UV
1000
clean_dxf_export_v1
1000
background
1000
beam
1000
ES-C250x90
1000
source_geometry
1000
CD56A
1071
686
  0
LINE
  5
342
330
17
100
AcDbEntity
  8
ES-C250x90
100
AcDbLine
 10
372788.2870494365
 20
-711038.570339984
 30
0.0
 11
398288.2870494365
 21
-711038.570339984
 31
0.0
1001
SUPPORT_DISTRIBUTION_UV
1000
clean_dxf_export_v1
1000
background
1000
beam
1000
ES-C250x90
1000
source_geometry
1000
CD56A
1071
687
  0
LINE
  5
343
330
17
100
AcDbEntity
  8
ES-C250x90
100
AcDbLine
 10
398288.2870494365
 20
-710948.570339984
 30
0.0
 11
398288.2870494365
 21
-710993.570339984
 31
0.0
1001
SUPPORT_DISTRIBUTION_UV
1000
clean_dxf_export_v1
1000
background
1000
beam
1000
ES-C250x90
1000
source_geometry
1000
CD56A
1071
688
  0
LINE
  5
344
330
17
100
AcDbEntity
  8
ES-C250x90
100
AcDbLine
 10
398288.2870494365
 20
-711038.570339984
 30
0.0
 11
398288.2870494365
 21
-710993.570339984
 31
0.0
1001
SUPPORT_DISTRIBUTION_UV
1000
clean_dxf_export_v1
1000
background
1000
beam
1000
ES-C250x90
1000
source_geometry
1000
CD56A
1071
689
  0
LINE
  5
345
330
17
100
AcDbEntity
  8
ES-C250x90
100
AcDbLine
 10
372788.2870494365
 20
-711452.570339984
 30
0.0
 11
372788.2870494365
 21
-711497.570339984
 31
0.0
1001
SUPPORT_DISTRIBUTION_UV
1000
clean_dxf_export_v1
1000
background
1000
beam
1000
ES-C250x90
1000
source_geometry
1000
CD56B
1071
690
  0
LINE
  5
346
330
17
100
AcDbEntity
  8
ES-C250x90
100
AcDbLine
 10
372788.2870494365
 20
-711542.570339984
 30
0.0
 11
372788.2870494365
 21
-711497.570339984
 31
0.0
1001
SUPPORT_DISTRIBUTION_UV
1000
clean_dxf_export_v1
1000
background
1000
beam
1000
ES-C250x90
1000
source_geometry
1000
CD56B
1071
691
  0
LINE
  5
347
330
17
100
AcDbEntity
  8
ES-C250x90
100
AcDbLine
 10
372788.2870494365
 20
-711452.570339984
 30
0.0
 11
398288.2870494365
 21
-711452.570339984
 31
0.0
1001
SUPPORT_DISTRIBUTION_UV
1000
clean_dxf_export_v1
1000
background
1000
beam
1000
ES-C250x90
1000
source_geometry
1000
CD56B
1071
692
  0
LINE
  5
348
330
17
100
AcDbEntity
  8
ES-C250x90
100
AcDbLine
 10
372788.2870494365
 20
-711542.570339984
 30
0.0
 11
398288.2870494365
 21
-711542.570339984
 31
0.0
1001
SUPPORT_DISTRIBUTION_UV
1000
clean_dxf_export_v1
1000
background
1000
beam
1000
ES-C250x90
1000
source_geometry
1000
CD56B
1071
693
  0
LINE
  5
349
330
17
100
AcDbEntity
  8
ES-C250x90
100
AcDbLine
 10
398288.2870494365
 20
-711452.570339984
 30
0.0
 11
398288.2870494365
 21
-711497.570339984
 31
0.0
1001
SUPPORT_DISTRIBUTION_UV
1000
clean_dxf_export_v1
1000
background
1000
beam
1000
ES-C250x90
1000
source_geometry
1000
CD56B
1071
694
  0
LINE
  5
34A
330
17
100
AcDbEntity
  8
ES-C250x90
100
AcDbLine
 10
398288.2870494365
 20
-711542.570339984
 30
0.0
 11
398288.2870494365
 21
-711497.570339984
 31
0.0
1001
SUPPORT_DISTRIBUTION_UV
1000
clean_dxf_export_v1
1000
background
1000
beam
1000
ES-C250x90
1000
source_geometry
1000
CD56B
1071
695
  0
LINE
  5
34B
330
17
100
AcDbEntity
  8
ES-C250x90
100
AcDbLine
 10
402288.2870494365
 20
-710948.570339984
 30
0.0
 11
402288.2870494365
 21
-710993.570339984
 31
0.0
1001
SUPPORT_DISTRIBUTION_UV
1000
clean_dxf_export_v1
1000
background
1000
beam
1000
ES-C250x90
1000
source_geometry
1000
CD56C
1071
696
  0
LINE
  5
34C
330
17
100
AcDbEntity
  8
ES-C250x90
100
AcDbLine
 10
402288.2870494365
 20
-711038.570339984
 30
0.0
 11
402288.2870494365
 21
-710993.570339984
 31
0.0
1001
SUPPORT_DISTRIBUTION_UV
1000
clean_dxf_export_v1
1000
background
1000
beam
1000
ES-C250x90
1000
source_geometry
1000
CD56C
1071
697
  0
LINE
  5
34D
330
17
100
AcDbEntity
  8
ES-C250x90
100
AcDbLine
 10
402288.2870494365
 20
-710948.570339984
 30
0.0
 11
403492.1272912263
 21
-710948.570339984
 31
0.0
1001
SUPPORT_DISTRIBUTION_UV
1000
clean_dxf_export_v1
1000
background
1000
beam
1000
ES-C250x90
1000
source_geometry
1000
CD56C
1071
698
  0
LINE
  5
34E
330
17
100
AcDbEntity
  8
ES-C250x90
100
AcDbLine
 10
402288.2870494365
 20
-711038.570339984
 30
0.0
 11
403490.9207847094
 21
-711038.570339984
 31
0.0
1001
SUPPORT_DISTRIBUTION_UV
1000
clean_dxf_export_v1
1000
background
1000
beam
1000
ES-C250x90
1000
source_geometry
1000
CD56C
1071
699
  0
LINE
  5
34F
330
17
100
AcDbEntity
  8
ES-C250x90
100
AcDbLine
 10
403492.1272912263
 20
-710948.570339984
 30
0.0
 11
409085.7870494365
 21
-711098.570339984
 31
0.0
1001
SUPPORT_DISTRIBUTION_UV
1000
clean_dxf_export_v1
1000
background
1000
beam
1000
ES-C250x90
1000
source_geometry
1000
CD56C
1071
700
  0
LINE
  5
350
330
17
100
AcDbEntity
  8
ES-C250x90
100
AcDbLine
 10
403490.9207847094
 20
-711038.570339984
 30
0.0
 11
409084.5805429196
 21
-711188.570339984
 31
0.0
1001
SUPPORT_DISTRIBUTION_UV
1000
clean_dxf_export_v1
1000
background
1000
beam
1000
ES-C250x90
1000
source_geometry
1000
CD56C
1071
701
  0
LINE
  5
351
330
17
100
AcDbEntity
  8
ES-C250x90
100
AcDbLine
 10
409085.7870494365
 20
-711098.570339984
 30
0.0
 11
415497.0183449409
 21
-711098.570339984
 31
0.0
1001
SUPPORT_DISTRIBUTION_UV
1000
clean_dxf_export_v1
1000
background
1000
beam
1000
ES-C250x90
1000
source_geometry
1000
CD56C
1071
702
  0
LINE
  5
352
330
17
100
AcDbEntity
  8
ES-C250x90
100
AcDbLine
 10
409084.5805429196
 20
-711188.570339984
 30
0.0
 11
415491.4039745154
 21
-711188.570339984
 31
0.0
1001
SUPPORT_DISTRIBUTION_UV
1000
clean_dxf_export_v1
1000
background
1000
beam
1000
ES-C250x90
1000
source_geometry
1000
CD56C
1071
703
  0
LINE
  5
353
330
17
100
AcDbEntity
  8
ES-C250x90
100
AcDbLine
 10
415497.0183449409
 20
-711098.570339984
 30
0.0
 11
421085.7870494364
 21
-711798.570339984
 31
0.0
1001
SUPPORT_DISTRIBUTION_UV
1000
clean_dxf_export_v1
1000
background
1000
beam
1000
ES-C250x90
1000
source_geometry
1000
CD56C
1071
704
  0
LINE
  5
354
330
17
100
AcDbEntity
  8
ES-C250x90
100
AcDbLine
 10
415491.4039745154
 20
-711188.570339984
 30
0.0
 11
421080.1726790109
 21
-711888.570339984
 31
0.0
1001
SUPPORT_DISTRIBUTION_UV
1000
clean_dxf_export_v1
1000
background
1000
beam
1000
ES-C250x90
1000
source_geometry
1000
CD56C
1071
705
  0
LINE
  5
355
330
17
100
AcDbEntity
  8
ES-C250x90
100
AcDbLine
 10
421085.7870494364
 20
-711798.570339984
 30
0.0
 11
422288.2870494364
 21
-711798.570339984
 31
0.0
1001
SUPPORT_DISTRIBUTION_UV
1000
clean_dxf_export_v1
1000
background
1000
beam
1000
ES-C250x90
1000
source_geometry
1000
CD56C
1071
706
  0
LINE
  5
356
330
17
100
AcDbEntity
  8
ES-C250x90
100
AcDbLine
 10
421080.1726790109
 20
-711888.570339984
 30
0.0
 11
422288.2870494364
 21
-711888.570339984
 31
0.0
1001
SUPPORT_DISTRIBUTION_UV
1000
clean_dxf_export_v1
1000
background
1000
beam
1000
ES-C250x90
1000
source_geometry
1000
CD56C
1071
707
  0
LINE
  5
357
330
17
100
AcDbEntity
  8
ES-C250x90
100
AcDbLine
 10
422288.2870494364
 20
-711798.570339984
 30
0.0
 11
422288.2870494364
 21
-711843.570339984
 31
0.0
1001
SUPPORT_DISTRIBUTION_UV
1000
clean_dxf_export_v1
1000
background
1000
beam
1000
ES-C250x90
1000
source_geometry
1000
CD56C
1071
708
  0
LINE
  5
358
330
17
100
AcDbEntity
  8
ES-C250x90
100
AcDbLine
 10
422288.2870494364
 20
-711888.570339984
 30
0.0
 11
422288.2870494364
 21
-711843.570339984
 31
0.0
1001
SUPPORT_DISTRIBUTION_UV
1000
clean_dxf_export_v1
1000
background
1000
beam
1000
ES-C250x90
1000
source_geometry
1000
CD56C
1071
709
  0
LINE
  5
359
330
17
100
AcDbEntity
  8
ES-C250x90
100
AcDbLine
 10
402288.2870494365
 20
-711452.570339984
 30
0.0
 11
402288.2870494365
 21
-711497.570339984
 31
0.0
1001
SUPPORT_DISTRIBUTION_UV
1000
clean_dxf_export_v1
1000
background
1000
beam
1000
ES-C250x90
1000
source_geometry
1000
CD56D
1071
710
  0
LINE
  5
35A
330
17
100
AcDbEntity
  8
ES-C250x90
100
AcDbLine
 10
402288.2870494365
 20
-711542.570339984
 30
0.0
 11
402288.2870494365
 21
-711497.570339984
 31
0.0
1001
SUPPORT_DISTRIBUTION_UV
1000
clean_dxf_export_v1
1000
background
1000
beam
1000
ES-C250x90
1000
source_geometry
1000
CD56D
1071
711
  0
LINE
  5
35B
330
17
100
AcDbEntity
  8
ES-C250x90
100
AcDbLine
 10
402288.2870494365
 20
-711452.570339984
 30
0.0
 11
403492.1272912263
 21
-711452.570339984
 31
0.0
1001
SUPPORT_DISTRIBUTION_UV
1000
clean_dxf_export_v1
1000
background
1000
beam
1000
ES-C250x90
1000
source_geometry
1000
CD56D
1071
712
  0
LINE
  5
35C
330
17
100
AcDbEntity
  8
ES-C250x90
100
AcDbLine
 10
402288.2870494365
 20
-711542.570339984
 30
0.0
 11
403490.9207847094
 21
-711542.570339984
 31
0.0
1001
SUPPORT_DISTRIBUTION_UV
1000
clean_dxf_export_v1
1000
background
1000
beam
1000
ES-C250x90
1000
source_geometry
1000
CD56D
1071
713
  0
LINE
  5
35D
330
17
100
AcDbEntity
  8
ES-C250x90
100
AcDbLine
 10
403492.1272912263
 20
-711452.570339984
 30
0.0
 11
409085.7870494365
 21
-711602.570339984
 31
0.0
1001
SUPPORT_DISTRIBUTION_UV
1000
clean_dxf_export_v1
1000
background
1000
beam
1000
ES-C250x90
1000
source_geometry
1000
CD56D
1071
714
  0
LINE
  5
35E
330
17
100
AcDbEntity
  8
ES-C250x90
100
AcDbLine
 10
403490.9207847094
 20
-711542.570339984
 30
0.0
 11
409084.5805429196
 21
-711692.570339984
 31
0.0
1001
SUPPORT_DISTRIBUTION_UV
1000
clean_dxf_export_v1
1000
background
1000
beam
1000
ES-C250x90
1000
source_geometry
1000
CD56D
1071
715
  0
LINE
  5
35F
330
17
100
AcDbEntity
  8
ES-C250x90
100
AcDbLine
 10
409085.7870494365
 20
-711602.570339984
 30
0.0
 11
415497.0183449409
 21
-711602.570339984
 31
0.0
1001
SUPPORT_DISTRIBUTION_UV
1000
clean_dxf_export_v1
1000
background
1000
beam
1000
ES-C250x90
1000
source_geometry
1000
CD56D
1071
716
  0
LINE
  5
360
330
17
100
AcDbEntity
  8
ES-C250x90
100
AcDbLine
 10
409084.5805429196
 20
-711692.570339984
 30
0.0
 11
415491.4039745154
 21
-711692.570339984
 31
0.0
1001
SUPPORT_DISTRIBUTION_UV
1000
clean_dxf_export_v1
1000
background
1000
beam
1000
ES-C250x90
1000
source_geometry
1000
CD56D
1071
717
  0
LINE
  5
361
330
17
100
AcDbEntity
  8
ES-C250x90
100
AcDbLine
 10
415497.0183449409
 20
-711602.570339984
 30
0.0
 11
421085.7870494364
 21
-712302.570339984
 31
0.0
1001
SUPPORT_DISTRIBUTION_UV
1000
clean_dxf_export_v1
1000
background
1000
beam
1000
ES-C250x90
1000
source_geometry
1000
CD56D
1071
718
  0
LINE
  5
362
330
17
100
AcDbEntity
  8
ES-C250x90
100
AcDbLine
 10
415491.4039745154
 20
-711692.570339984
 30
0.0
 11
421080.1726790109
 21
-712392.570339984
 31
0.0
1001
SUPPORT_DISTRIBUTION_UV
1000
clean_dxf_export_v1
1000
background
1000
beam
1000
ES-C250x90
1000
source_geometry
1000
CD56D
1071
719
  0
LINE
  5
363
330
17
100
AcDbEntity
  8
ES-C250x90
100
AcDbLine
 10
421085.7870494364
 20
-712302.570339984
 30
0.0
 11
422288.2870494364
 21
-712302.570339984
 31
0.0
1001
SUPPORT_DISTRIBUTION_UV
1000
clean_dxf_export_v1
1000
background
1000
beam
1000
ES-C250x90
1000
source_geometry
1000
CD56D
1071
720
  0
LINE
  5
364
330
17
100
AcDbEntity
  8
ES-C250x90
100
AcDbLine
 10
421080.1726790109
 20
-712392.570339984
 30
0.0
 11
422288.2870494364
 21
-712392.570339984
 31
0.0
1001
SUPPORT_DISTRIBUTION_UV
1000
clean_dxf_export_v1
1000
background
1000
beam
1000
ES-C250x90
1000
source_geometry
1000
CD56D
1071
721
  0
LINE
  5
365
330
17
100
AcDbEntity
  8
ES-C250x90
100
AcDbLine
 10
422288.2870494364
 20
-712302.570339984
 30
0.0
 11
422288.2870494364
 21
-712347.570339984
 31
0.0
1001
SUPPORT_DISTRIBUTION_UV
1000
clean_dxf_export_v1
1000
background
1000
beam
1000
ES-C250x90
1000
source_geometry
1000
CD56D
1071
722
  0
LINE
  5
366
330
17
100
AcDbEntity
  8
ES-C250x90
100
AcDbLine
 10
422288.2870494364
 20
-712392.570339984
 30
0.0
 11
422288.2870494364
 21
-712347.570339984
 31
0.0
1001
SUPPORT_DISTRIBUTION_UV
1000
clean_dxf_export_v1
1000
background
1000
beam
1000
ES-C250x90
1000
source_geometry
1000
CD56D
1071
723
  0
LINE
  5
367
330
17
100
AcDbEntity
  8
ES-C250x90
100
AcDbLine
 10
337788.2870494365
 20
-716088.5694823605
 30
0.0
 11
337788.2870494365
 21
-716043.5694823605
 31
0.0
1001
SUPPORT_DISTRIBUTION_UV
1000
clean_dxf_export_v1
1000
background
1000
beam
1000
ES-C250x90
1000
source_geometry
1000
CE762
1071
724
  0
LINE
  5
368
330
17
100
AcDbEntity
  8
ES-C250x90
100
AcDbLine
 10
337788.2870494365
 20
-715998.5694823605
 30
0.0
 11
337788.2870494365
 21
-716043.5694823605
 31
0.0
1001
SUPPORT_DISTRIBUTION_UV
1000
clean_dxf_export_v1
1000
background
1000
beam
1000
ES-C250x90
1000
source_geometry
1000
CE762
1071
725
  0
LINE
  5
369
330
17
100
AcDbEntity
  8
ES-C250x90
100
AcDbLine
 10
337788.2870494365
 20
-716088.5694823605
 30
0.0
 11
342490.7870494365
 21
-716088.5694823605
 31
0.0
1001
SUPPORT_DISTRIBUTION_UV
1000
clean_dxf_export_v1
1000
background
1000
beam
1000
ES-C250x90
1000
source_geometry
1000
CE762
1071
726
  0
LINE
  5
36A
330
17
100
AcDbEntity
  8
ES-C250x90
100
AcDbLine
 10
337788.2870494365
 20
-715998.5694823605
 30
0.0
 11
342490.7870494365
 21
-715998.5694823605
 31
0.0
1001
SUPPORT_DISTRIBUTION_UV
1000
clean_dxf_export_v1
1000
background
1000
beam
1000
ES-C250x90
1000
source_geometry
1000
CE762
1071
727
  0
LINE
  5
36B
330
17
100
AcDbEntity
  8
ES-C250x90
100
AcDbLine
 10
342490.7870494365
 20
-716088.5694823605
 30
0.0
 11
342490.7870494365
 21
-716043.5694823605
 31
0.0
1001
SUPPORT_DISTRIBUTION_UV
1000
clean_dxf_export_v1
1000
background
1000
beam
1000
ES-C250x90
1000
source_geometry
1000
CE762
1071
728
  0
LINE
  5
36C
330
17
100
AcDbEntity
  8
ES-C250x90
100
AcDbLine
 10
342490.7870494365
 20
-715998.5694823605
 30
0.0
 11
342490.7870494365
 21
-716043.5694823605
 31
0.0
1001
SUPPORT_DISTRIBUTION_UV
1000
clean_dxf_export_v1
1000
background
1000
beam
1000
ES-C250x90
1000
source_geometry
1000
CE762
1071
729
  0
LINE
  5
36D
330
17
100
AcDbEntity
  8
ES-C250x90
100
AcDbLine
 10
429585.7870495831
 20
-712302.5703428714
 30
0.0
 11
429585.7870496143
 21
-712347.5703428714
 31
0.0
1001
SUPPORT_DISTRIBUTION_UV
1000
clean_dxf_export_v1
1000
background
1000
beam
1000
ES-C250x90
1000
source_geometry
1000
CE763
1071
730
  0
LINE
  5
36E
330
17
100
AcDbEntity
  8
ES-C250x90
100
AcDbLine
 10
429585.7870496455
 20
-712392.5703428714
 30
0.0
 11
429585.7870496143
 21
-712347.5703428714
 31
0.0
1001
SUPPORT_DISTRIBUTION_UV
1000
clean_dxf_export_v1
1000
background
1000
beam
1000
ES-C250x90
1000
source_geometry
1000
CE763
1071
731
  0
LINE
  5
36F
330
17
100
AcDbEntity
  8
ES-C250x90
100
AcDbLine
 10
429585.7870495831
 20
-712302.5703428714
 30
0.0
 11
434288.2870494364
 21
-712302.5703396103
 31
0.0
1001
SUPPORT_DISTRIBUTION_UV
1000
clean_dxf_export_v1
1000
background
1000
beam
1000
ES-C250x90
1000
source_geometry
1000
CE763
1071
732
  0
LINE
  5
370
330
17
100
AcDbEntity
  8
ES-C250x90
100
AcDbLine
 10
429585.7870496455
 20
-712392.5703428714
 30
0.0
 11
434288.2870494988
 21
-712392.5703396103
 31
0.0
1001
SUPPORT_DISTRIBUTION_UV
1000
clean_dxf_export_v1
1000
background
1000
beam
1000
ES-C250x90
1000
source_geometry
1000
CE763
1071
733
  0
LINE
  5
371
330
17
100
AcDbEntity
  8
ES-C250x90
100
AcDbLine
 10
434288.2870494364
 20
-712302.5703396103
 30
0.0
 11
434288.2870494676
 21
-712347.5703396103
 31
0.0
1001
SUPPORT_DISTRIBUTION_UV
1000
clean_dxf_export_v1
1000
background
1000
beam
1000
ES-C250x90
1000
source_geometry
1000
CE763
1071
734
  0
LINE
  5
372
330
17
100
AcDbEntity
  8
ES-C250x90
100
AcDbLine
 10
434288.2870494988
 20
-712392.5703396103
 30
0.0
 11
434288.2870494676
 21
-712347.5703396103
 31
0.0
1001
SUPPORT_DISTRIBUTION_UV
1000
clean_dxf_export_v1
1000
background
1000
beam
1000
ES-C250x90
1000
source_geometry
1000
CE763
1071
735
  0
LINE
  5
373
330
17
100
AcDbEntity
  8
ES-C250x90
100
AcDbLine
 10
337788.2870494365
 20
-716502.5694823605
 30
0.0
 11
337788.2870494365
 21
-716547.5694823605
 31
0.0
1001
SUPPORT_DISTRIBUTION_UV
1000
clean_dxf_export_v1
1000
background
1000
beam
1000
ES-C250x90
1000
source_geometry
1000
CE76F
1071
736
  0
LINE
  5
374
330
17
100
AcDbEntity
  8
ES-C250x90
100
AcDbLine
 10
337788.2870494365
 20
-716592.5694823605
 30
0.0
 11
337788.2870494365
 21
-716547.5694823605
 31
0.0
1001
SUPPORT_DISTRIBUTION_UV
1000
clean_dxf_export_v1
1000
background
1000
beam
1000
ES-C250x90
1000
source_geometry
1000
CE76F
1071
737
  0
LINE
  5
375
330
17
100
AcDbEntity
  8
ES-C250x90
100
AcDbLine
 10
337788.2870494365
 20
-716502.5694823605
 30
0.0
 11
342490.7870494365
 21
-716502.5694823605
 31
0.0
1001
SUPPORT_DISTRIBUTION_UV
1000
clean_dxf_export_v1
1000
background
1000
beam
1000
ES-C250x90
1000
source_geometry
1000
CE76F
1071
738
  0
LINE
  5
376
330
17
100
AcDbEntity
  8
ES-C250x90
100
AcDbLine
 10
337788.2870494365
 20
-716592.5694823605
 30
0.0
 11
342490.7870494365
 21
-716592.5694823605
 31
0.0
1001
SUPPORT_DISTRIBUTION_UV
1000
clean_dxf_export_v1
1000
background
1000
beam
1000
ES-C250x90
1000
source_geometry
1000
CE76F
1071
739
  0
LINE
  5
377
330
17
100
AcDbEntity
  8
ES-C250x90
100
AcDbLine
 10
342490.7870494365
 20
-716502.5694823605
 30
0.0
 11
342490.7870494365
 21
-716547.5694823605
 31
0.0
1001
SUPPORT_DISTRIBUTION_UV
1000
clean_dxf_export_v1
1000
background
1000
beam
1000
ES-C250x90
1000
source_geometry
1000
CE76F
1071
740
  0
LINE
  5
378
330
17
100
AcDbEntity
  8
ES-C250x90
100
AcDbLine
 10
342490.7870494365
 20
-716592.5694823605
 30
0.0
 11
342490.7870494365
 21
-716547.5694823605
 31
0.0
1001
SUPPORT_DISTRIBUTION_UV
1000
clean_dxf_export_v1
1000
background
1000
beam
1000
ES-C250x90
1000
source_geometry
1000
CE76F
1071
741
  0
LINE
  5
379
330
17
100
AcDbEntity
  8
ES-C250x90
100
AcDbLine
 10
337788.2870494365
 20
-711888.570339984
 30
0.0
 11
337788.2870494365
 21
-711843.570339984
 31
0.0
1001
SUPPORT_DISTRIBUTION_UV
1000
clean_dxf_export_v1
1000
background
1000
beam
1000
ES-C250x90
1000
source_geometry
1000
CE770
1071
742
  0
LINE
  5
37A
330
17
100
AcDbEntity
  8
ES-C250x90
100
AcDbLine
 10
337788.2870494365
 20
-711798.570339984
 30
0.0
 11
337788.2870494365
 21
-711843.570339984
 31
0.0
1001
SUPPORT_DISTRIBUTION_UV
1000
clean_dxf_export_v1
1000
background
1000
beam
1000
ES-C250x90
1000
source_geometry
1000
CE770
1071
743
  0
LINE
  5
37B
330
17
100
AcDbEntity
  8
ES-C250x90
100
AcDbLine
 10
337788.2870494365
 20
-711888.570339984
 30
0.0
 11
342490.7870494365
 21
-711888.570339984
 31
0.0
1001
SUPPORT_DISTRIBUTION_UV
1000
clean_dxf_export_v1
1000
background
1000
beam
1000
ES-C250x90
1000
source_geometry
1000
CE770
1071
744
  0
LINE
  5
37C
330
17
100
AcDbEntity
  8
ES-C250x90
100
AcDbLine
 10
337788.2870494365
 20
-711798.570339984
 30
0.0
 11
342490.7870494365
 21
-711798.570339984
 31
0.0
1001
SUPPORT_DISTRIBUTION_UV
1000
clean_dxf_export_v1
1000
background
1000
beam
1000
ES-C250x90
1000
source_geometry
1000
CE770
1071
745
  0
LINE
  5
37D
330
17
100
AcDbEntity
  8
ES-C250x90
100
AcDbLine
 10
342490.7870494365
 20
-711888.570339984
 30
0.0
 11
342490.7870494365
 21
-711843.570339984
 31
0.0
1001
SUPPORT_DISTRIBUTION_UV
1000
clean_dxf_export_v1
1000
background
1000
beam
1000
ES-C250x90
1000
source_geometry
1000
CE770
1071
746
  0
LINE
  5
37E
330
17
100
AcDbEntity
  8
ES-C250x90
100
AcDbLine
 10
342490.7870494365
 20
-711798.570339984
 30
0.0
 11
342490.7870494365
 21
-711843.570339984
 31
0.0
1001
SUPPORT_DISTRIBUTION_UV
1000
clean_dxf_export_v1
1000
background
1000
beam
1000
ES-C250x90
1000
source_geometry
1000
CE770
1071
747
  0
LINE
  5
37F
330
17
100
AcDbEntity
  8
ES-C250x90
100
AcDbLine
 10
337788.2870494365
 20
-712302.570339984
 30
0.0
 11
337788.2870494365
 21
-712347.570339984
 31
0.0
1001
SUPPORT_DISTRIBUTION_UV
1000
clean_dxf_export_v1
1000
background
1000
beam
1000
ES-C250x90
1000
source_geometry
1000
CE771
1071
748
  0
LINE
  5
380
330
17
100
AcDbEntity
  8
ES-C250x90
100
AcDbLine
 10
337788.2870494365
 20
-712392.570339984
 30
0.0
 11
337788.2870494365
 21
-712347.570339984
 31
0.0
1001
SUPPORT_DISTRIBUTION_UV
1000
clean_dxf_export_v1
1000
background
1000
beam
1000
ES-C250x90
1000
source_geometry
1000
CE771
1071
749
  0
LINE
  5
381
330
17
100
AcDbEntity
  8
ES-C250x90
100
AcDbLine
 10
337788.2870494365
 20
-712302.570339984
 30
0.0
 11
342490.7870494365
 21
-712302.570339984
 31
0.0
1001
SUPPORT_DISTRIBUTION_UV
1000
clean_dxf_export_v1
1000
background
1000
beam
1000
ES-C250x90
1000
source_geometry
1000
CE771
1071
750
  0
LINE
  5
382
330
17
100
AcDbEntity
  8
ES-C250x90
100
AcDbLine
 10
337788.2870494365
 20
-712392.570339984
 30
0.0
 11
342490.7870494365
 21
-712392.570339984
 31
0.0
1001
SUPPORT_DISTRIBUTION_UV
1000
clean_dxf_export_v1
1000
background
1000
beam
1000
ES-C250x90
1000
source_geometry
1000
CE771
1071
751
  0
LINE
  5
383
330
17
100
AcDbEntity
  8
ES-C250x90
100
AcDbLine
 10
342490.7870494365
 20
-712302.570339984
 30
0.0
 11
342490.7870494365
 21
-712347.570339984
 31
0.0
1001
SUPPORT_DISTRIBUTION_UV
1000
clean_dxf_export_v1
1000
background
1000
beam
1000
ES-C250x90
1000
source_geometry
1000
CE771
1071
752
  0
LINE
  5
384
330
17
100
AcDbEntity
  8
ES-C250x90
100
AcDbLine
 10
342490.7870494365
 20
-712392.570339984
 30
0.0
 11
342490.7870494365
 21
-712347.570339984
 31
0.0
1001
SUPPORT_DISTRIBUTION_UV
1000
clean_dxf_export_v1
1000
background
1000
beam
1000
ES-C250x90
1000
source_geometry
1000
CE771
1071
753
  0
LINE
  5
385
330
17
100
AcDbEntity
  8
ES-C250x90
100
AcDbLine
 10
349788.2870494336
 20
-716592.4399389229
 30
0.0
 11
349788.2870494337
 21
-716547.4399389229
 31
0.0
1001
SUPPORT_DISTRIBUTION_UV
1000
clean_dxf_export_v1
1000
background
1000
beam
1000
ES-C250x90
1000
source_geometry
1000
CE772
1071
754
  0
LINE
  5
386
330
17
100
AcDbEntity
  8
ES-C250x90
100
AcDbLine
 10
349788.28704943374
 20
-716502.4399389229
 30
0.0
 11
349788.2870494337
 21
-716547.4399389229
 31
0.0
1001
SUPPORT_DISTRIBUTION_UV
1000
clean_dxf_export_v1
1000
background
1000
beam
1000
ES-C250x90
1000
source_geometry
1000
CE772
1071
755
  0
LINE
  5
387
330
17
100
AcDbEntity
  8
ES-C250x90
100
AcDbLine
 10
349788.2870494336
 20
-716592.4399389229
 30
0.0
 11
350990.7870494336
 21
-716592.4399389243
 31
0.0
1001
SUPPORT_DISTRIBUTION_UV
1000
clean_dxf_export_v1
1000
background
1000
beam
1000
ES-C250x90
1000
source_geometry
1000
CE772
1071
756
  0
LINE
  5
388
330
17
100
AcDbEntity
  8
ES-C250x90
100
AcDbLine
 10
349788.28704943374
 20
-716502.4399389229
 30
0.0
 11
350996.4014198592
 21
-716502.4399389243
 31
0.0
1001
SUPPORT_DISTRIBUTION_UV
1000
clean_dxf_export_v1
1000
background
1000
beam
1000
ES-C250x90
1000
source_geometry
1000
CE772
1071
757
  0
LINE
  5
389
330
17
100
AcDbEntity
  8
ES-C250x90
100
AcDbLine
 10
350990.7870494336
 20
-716592.4399389243
 30
0.0
 11
356579.5557539284
 21
-717292.439938931
 31
0.0
1001
SUPPORT_DISTRIBUTION_UV
1000
clean_dxf_export_v1
1000
background
1000
beam
1000
ES-C250x90
1000
source_geometry
1000
CE772
1071
758
  0
LINE
  5
38A
330
17
100
AcDbEntity
  8
ES-C250x90
100
AcDbLine
 10
350996.4014198592
 20
-716502.4399389243
 30
0.0
 11
356585.17012435396
 21
-717202.439938931
 31
0.0
1001
SUPPORT_DISTRIBUTION_UV
1000
clean_dxf_export_v1
1000
background
1000
beam
1000
ES-C250x90
1000
source_geometry
1000
CE772
1071
759
  0
LINE
  5
38B
330
17
100
AcDbEntity
  8
ES-C250x90
100
AcDbLine
 10
356579.5557539284
 20
-717292.439938931
 30
0.0
 11
362990.7870494328
 21
-717292.4399389387
 31
0.0
1001
SUPPORT_DISTRIBUTION_UV
1000
clean_dxf_export_v1
1000
background
1000
beam
1000
ES-C250x90
1000
source_geometry
1000
CE772
1071
760
  0
LINE
  5
38C
330
17
100
AcDbEntity
  8
ES-C250x90
100
AcDbLine
 10
356585.17012435396
 20
-717202.439938931
 30
0.0
 11
362991.9935559498
 21
-717202.4399389387
 31
0.0
1001
SUPPORT_DISTRIBUTION_UV
1000
clean_dxf_export_v1
1000
background
1000
beam
1000
ES-C250x90
1000
source_geometry
1000
CE772
1071
761
  0
LINE
  5
38D
330
17
100
AcDbEntity
  8
ES-C250x90
100
AcDbLine
 10
362990.7870494328
 20
-717292.4399389387
 30
0.0
 11
368584.4468076428
 21
-717442.4399389453
 31
0.0
1001
SUPPORT_DISTRIBUTION_UV
1000
clean_dxf_export_v1
1000
background
1000
beam
1000
ES-C250x90
1000
source_geometry
1000
CE772
1071
762
  0
LINE
  5
38E
330
17
100
AcDbEntity
  8
ES-C250x90
100
AcDbLine
 10
362991.9935559498
 20
-717202.4399389387
 30
0.0
 11
368585.65331415983
 21
-717352.4399389453
 31
0.0
1001
SUPPORT_DISTRIBUTION_UV
1000
clean_dxf_export_v1
1000
background
1000
beam
1000
ES-C250x90
1000
source_geometry
1000
CE772
1071
763
  0
LINE
  5
38F
330
17
100
AcDbEntity
  8
ES-C250x90
100
AcDbLine
 10
368584.4468076428
 20
-717442.4399389453
 30
0.0
 11
369788.2870494326
 21
-717442.4399389469
 31
0.0
1001
SUPPORT_DISTRIBUTION_UV
1000
clean_dxf_export_v1
1000
background
1000
beam
1000
ES-C250x90
1000
source_geometry
1000
CE772
1071
764
  0
LINE
  5
390
330
17
100
AcDbEntity
  8
ES-C250x90
100
AcDbLine
 10
368585.65331415983
 20
-717352.4399389453
 30
0.0
 11
369788.2870494327
 21
-717352.4399389469
 31
0.0
1001
SUPPORT_DISTRIBUTION_UV
1000
clean_dxf_export_v1
1000
background
1000
beam
1000
ES-C250x90
1000
source_geometry
1000
CE772
1071
765
  0
LINE
  5
391
330
17
100
AcDbEntity
  8
ES-C250x90
100
AcDbLine
 10
369788.2870494326
 20
-717442.4399389469
 30
0.0
 11
369788.28704943263
 21
-717397.4399389469
 31
0.0
1001
SUPPORT_DISTRIBUTION_UV
1000
clean_dxf_export_v1
1000
background
1000
beam
1000
ES-C250x90
1000
source_geometry
1000
CE772
1071
766
  0
LINE
  5
392
330
17
100
AcDbEntity
  8
ES-C250x90
100
AcDbLine
 10
369788.2870494327
 20
-717352.4399389469
 30
0.0
 11
369788.28704943263
 21
-717397.4399389469
 31
0.0
1001
SUPPORT_DISTRIBUTION_UV
1000
clean_dxf_export_v1
1000
background
1000
beam
1000
ES-C250x90
1000
source_geometry
1000
CE772
1071
767
  0
LINE
  5
393
330
17
100
AcDbEntity
  8
ES-C250x90
100
AcDbLine
 10
349788.2870494342
 20
-716088.5694823588
 30
0.0
 11
349788.28704943426
 21
-716043.5694823588
 31
0.0
1001
SUPPORT_DISTRIBUTION_UV
1000
clean_dxf_export_v1
1000
background
1000
beam
1000
ES-C250x90
1000
source_geometry
1000
CE773
1071
768
  0
LINE
  5
394
330
17
100
AcDbEntity
  8
ES-C250x90
100
AcDbLine
 10
349788.2870494343
 20
-715998.5694823588
 30
0.0
 11
349788.28704943426
 21
-716043.5694823588
 31
0.0
1001
SUPPORT_DISTRIBUTION_UV
1000
clean_dxf_export_v1
1000
background
1000
beam
1000
ES-C250x90
1000
source_geometry
1000
CE773
1071
769
  0
LINE
  5
395
330
17
100
AcDbEntity
  8
ES-C250x90
100
AcDbLine
 10
349788.2870494342
 20
-716088.5694823588
 30
0.0
 11
350990.7870494342
 21
-716088.5694823602
 31
0.0
1001
SUPPORT_DISTRIBUTION_UV
1000
clean_dxf_export_v1
1000
background
1000
beam
1000
ES-C250x90
1000
source_geometry
1000
CE773
1071
770
  0
LINE
  5
396
330
17
100
AcDbEntity
  8
ES-C250x90
100
AcDbLine
 10
349788.2870494343
 20
-715998.5694823588
 30
0.0
 11
350996.4014198598
 21
-715998.5694823602
 31
0.0
1001
SUPPORT_DISTRIBUTION_UV
1000
clean_dxf_export_v1
1000
background
1000
beam
1000
ES-C250x90
1000
source_geometry
1000
CE773
1071
771
  0
LINE
  5
397
330
17
100
AcDbEntity
  8
ES-C250x90
100
AcDbLine
 10
350990.7870494342
 20
-716088.5694823602
 30
0.0
 11
356579.555753929
 21
-716788.5694823669
 31
0.0
1001
SUPPORT_DISTRIBUTION_UV
1000
clean_dxf_export_v1
1000
background
1000
beam
1000
ES-C250x90
1000
source_geometry
1000
CE773
1071
772
  0
LINE
  5
398
330
17
100
AcDbEntity
  8
ES-C250x90
100
AcDbLine
 10
350996.4014198598
 20
-715998.5694823602
 30
0.0
 11
356585.1701243546
 21
-716698.5694823669
 31
0.0
1001
SUPPORT_DISTRIBUTION_UV
1000
clean_dxf_export_v1
1000
background
1000
beam
1000
ES-C250x90
1000
source_geometry
1000
CE773
1071
773
  0
LINE
  5
399
330
17
100
AcDbEntity
  8
ES-C250x90
100
AcDbLine
 10
356579.555753929
 20
-716788.5694823669
 30
0.0
 11
362990.7870494334
 21
-716788.5694823746
 31
0.0
1001
SUPPORT_DISTRIBUTION_UV
1000
clean_dxf_export_v1
1000
background
1000
beam
1000
ES-C250x90
1000
source_geometry
1000
CE773
1071
774
  0
LINE
  5
39A
330
17
100
AcDbEntity
  8
ES-C250x90
100
AcDbLine
 10
356585.1701243546
 20
-716698.5694823669
 30
0.0
 11
362991.9935559504
 21
-716698.5694823746
 31
0.0
1001
SUPPORT_DISTRIBUTION_UV
1000
clean_dxf_export_v1
1000
background
1000
beam
1000
ES-C250x90
1000
source_geometry
1000
CE773
1071
775
  0
LINE
  5
39B
330
17
100
AcDbEntity
  8
ES-C250x90
100
AcDbLine
 10
362990.7870494334
 20
-716788.5694823746
 30
0.0
 11
368584.4468076434
 21
-716938.5694823812
 31
0.0
1001
SUPPORT_DISTRIBUTION_UV
1000
clean_dxf_export_v1
1000
background
1000
beam
1000
ES-C250x90
1000
source_geometry
1000
CE773
1071
776
  0
LINE
  5
39C
330
17
100
AcDbEntity
  8
ES-C250x90
100
AcDbLine
 10
362991.9935559504
 20
-716698.5694823746
 30
0.0
 11
368585.6533141604
 21
-716848.5694823812
 31
0.0
1001
SUPPORT_DISTRIBUTION_UV
1000
clean_dxf_export_v1
1000
background
1000
beam
1000
ES-C250x90
1000
source_geometry
1000
CE773
1071
777
  0
LINE
  5
39D
330
17
100
AcDbEntity
  8
ES-C250x90
100
AcDbLine
 10
368584.4468076434
 20
-716938.5694823812
 30
0.0
 11
369788.2870494332
 21
-716938.5694823827
 31
0.0
1001
SUPPORT_DISTRIBUTION_UV
1000
clean_dxf_export_v1
1000
background
1000
beam
1000
ES-C250x90
1000
source_geometry
1000
CE773
1071
778
  0
LINE
  5
39E
330
17
100
AcDbEntity
  8
ES-C250x90
100
AcDbLine
 10
368585.6533141604
 20
-716848.5694823812
 30
0.0
 11
369788.28704943333
 21
-716848.5694823827
 31
0.0
1001
SUPPORT_DISTRIBUTION_UV
1000
clean_dxf_export_v1
1000
background
1000
beam
1000
ES-C250x90
1000
source_geometry
1000
CE773
1071
779
  0
LINE
  5
39F
330
17
100
AcDbEntity
  8
ES-C250x90
100
AcDbLine
 10
369788.2870494332
 20
-716938.5694823827
 30
0.0
 11
369788.2870494333
 21
-716893.5694823827
 31
0.0
1001
SUPPORT_DISTRIBUTION_UV
1000
clean_dxf_export_v1
1000
background
1000
beam
1000
ES-C250x90
1000
source_geometry
1000
CE773
1071
780
  0
LINE
  5
3A0
330
17
100
AcDbEntity
  8
ES-C250x90
100
AcDbLine
 10
369788.28704943333
 20
-716848.5694823827
 30
0.0
 11
369788.2870494333
 21
-716893.5694823827
 31
0.0
1001
SUPPORT_DISTRIBUTION_UV
1000
clean_dxf_export_v1
1000
background
1000
beam
1000
ES-C250x90
1000
source_geometry
1000
CE773
1071
781
  0
LINE
  5
3A1
330
17
100
AcDbEntity
  8
ES-C250x90
100
AcDbLine
 10
372788.2870494365
 20
-717442.5694823619
 30
0.0
 11
372788.2870494365
 21
-717397.5694823619
 31
0.0
1001
SUPPORT_DISTRIBUTION_UV
1000
clean_dxf_export_v1
1000
background
1000
beam
1000
ES-C250x90
1000
source_geometry
1000
CE774
1071
782
  0
LINE
  5
3A2
330
17
100
AcDbEntity
  8
ES-C250x90
100
AcDbLine
 10
372788.2870494365
 20
-717352.5694823619
 30
0.0
 11
372788.2870494365
 21
-717397.5694823619
 31
0.0
1001
SUPPORT_DISTRIBUTION_UV
1000
clean_dxf_export_v1
1000
background
1000
beam
1000
ES-C250x90
1000
source_geometry
1000
CE774
1071
783
  0
LINE
  5
3A3
330
17
100
AcDbEntity
  8
ES-C250x90
100
AcDbLine
 10
372788.2870494365
 20
-717442.5694823619
 30
0.0
 11
398288.2870494365
 21
-717442.5694823619
 31
0.0
1001
SUPPORT_DISTRIBUTION_UV
1000
clean_dxf_export_v1
1000
background
1000
beam
1000
ES-C250x90
1000
source_geometry
1000
CE774
1071
784
  0
LINE
  5
3A4
330
17
100
AcDbEntity
  8
ES-C250x90
100
AcDbLine
 10
372788.2870494365
 20
-717352.5694823619
 30
0.0
 11
398288.2870494365
 21
-717352.5694823619
 31
0.0
1001
SUPPORT_DISTRIBUTION_UV
1000
clean_dxf_export_v1
1000
background
1000
beam
1000
ES-C250x90
1000
source_geometry
1000
CE774
1071
785
  0
LINE
  5
3A5
330
17
100
AcDbEntity
  8
ES-C250x90
100
AcDbLine
 10
398288.2870494365
 20
-717442.5694823619
 30
0.0
 11
398288.2870494365
 21
-717397.5694823619
 31
0.0
1001
SUPPORT_DISTRIBUTION_UV
1000
clean_dxf_export_v1
1000
background
1000
beam
1000
ES-C250x90
1000
source_geometry
1000
CE774
1071
786
  0
LINE
  5
3A6
330
17
100
AcDbEntity
  8
ES-C250x90
100
AcDbLine
 10
398288.2870494365
 20
-717352.5694823619
 30
0.0
 11
398288.2870494365
 21
-717397.5694823619
 31
0.0
1001
SUPPORT_DISTRIBUTION_UV
1000
clean_dxf_export_v1
1000
background
1000
beam
1000
ES-C250x90
1000
source_geometry
1000
CE774
1071
787
  0
LINE
  5
3A7
330
17
100
AcDbEntity
  8
ES-C250x90
100
AcDbLine
 10
372788.2870494365
 20
-716938.5694823619
 30
0.0
 11
372788.2870494365
 21
-716893.5694823619
 31
0.0
1001
SUPPORT_DISTRIBUTION_UV
1000
clean_dxf_export_v1
1000
background
1000
beam
1000
ES-C250x90
1000
source_geometry
1000
CE775
1071
788
  0
LINE
  5
3A8
330
17
100
AcDbEntity
  8
ES-C250x90
100
AcDbLine
 10
372788.2870494365
 20
-716848.5694823619
 30
0.0
 11
372788.2870494365
 21
-716893.5694823619
 31
0.0
1001
SUPPORT_DISTRIBUTION_UV
1000
clean_dxf_export_v1
1000
background
1000
beam
1000
ES-C250x90
1000
source_geometry
1000
CE775
1071
789
  0
LINE
  5
3A9
330
17
100
AcDbEntity
  8
ES-C250x90
100
AcDbLine
 10
372788.2870494365
 20
-716938.5694823619
 30
0.0
 11
398288.2870494365
 21
-716938.5694823619
 31
0.0
1001
SUPPORT_DISTRIBUTION_UV
1000
clean_dxf_export_v1
1000
background
1000
beam
1000
ES-C250x90
1000
source_geometry
1000
CE775
1071
790
  0
LINE
  5
3AA
330
17
100
AcDbEntity
  8
ES-C250x90
100
AcDbLine
 10
372788.2870494365
 20
-716848.5694823619
 30
0.0
 11
398288.2870494365
 21
-716848.5694823619
 31
0.0
1001
SUPPORT_DISTRIBUTION_UV
1000
clean_dxf_export_v1
1000
background
1000
beam
1000
ES-C250x90
1000
source_geometry
1000
CE775
1071
791
  0
LINE
  5
3AB
330
17
100
AcDbEntity
  8
ES-C250x90
100
AcDbLine
 10
398288.2870494365
 20
-716938.5694823619
 30
0.0
 11
398288.2870494365
 21
-716893.5694823619
 31
0.0
1001
SUPPORT_DISTRIBUTION_UV
1000
clean_dxf_export_v1
1000
background
1000
beam
1000
ES-C250x90
1000
source_geometry
1000
CE775
1071
792
  0
LINE
  5
3AC
330
17
100
AcDbEntity
  8
ES-C250x90
100
AcDbLine
 10
398288.2870494365
 20
-716848.5694823619
 30
0.0
 11
398288.2870494365
 21
-716893.5694823619
 31
0.0
1001
SUPPORT_DISTRIBUTION_UV
1000
clean_dxf_export_v1
1000
background
1000
beam
1000
ES-C250x90
1000
source_geometry
1000
CE775
1071
793
  0
LINE
  5
3AD
330
17
100
AcDbEntity
  8
ES-C250x90
100
AcDbLine
 10
402288.2870494365
 20
-717442.5694823621
 30
0.0
 11
402288.2870494365
 21
-717397.5694823621
 31
0.0
1001
SUPPORT_DISTRIBUTION_UV
1000
clean_dxf_export_v1
1000
background
1000
beam
1000
ES-C250x90
1000
source_geometry
1000
CE776
1071
794
  0
LINE
  5
3AE
330
17
100
AcDbEntity
  8
ES-C250x90
100
AcDbLine
 10
402288.2870494365
 20
-717352.5694823621
 30
0.0
 11
402288.2870494365
 21
-717397.5694823621
 31
0.0
1001
SUPPORT_DISTRIBUTION_UV
1000
clean_dxf_export_v1
1000
background
1000
beam
1000
ES-C250x90
1000
source_geometry
1000
CE776
1071
795
  0
LINE
  5
3AF
330
17
100
AcDbEntity
  8
ES-C250x90
100
AcDbLine
 10
402288.2870494365
 20
-717442.5694823621
 30
0.0
 11
403492.1272912263
 21
-717442.5694823621
 31
0.0
1001
SUPPORT_DISTRIBUTION_UV
1000
clean_dxf_export_v1
1000
background
1000
beam
1000
ES-C250x90
1000
source_geometry
1000
CE776
1071
796
  0
LINE
  5
3B0
330
17
100
AcDbEntity
  8
ES-C250x90
100
AcDbLine
 10
402288.2870494365
 20
-717352.5694823621
 30
0.0
 11
403490.9207847094
 21
-717352.5694823621
 31
0.0
1001
SUPPORT_DISTRIBUTION_UV
1000
clean_dxf_export_v1
1000
background
1000
beam
1000
ES-C250x90
1000
source_geometry
1000
CE776
1071
797
  0
LINE
  5
3B1
330
17
100
AcDbEntity
  8
ES-C250x90
100
AcDbLine
 10
403492.1272912263
 20
-717442.5694823621
 30
0.0
 11
409085.7870494365
 21
-717292.5694823621
 31
0.0
1001
SUPPORT_DISTRIBUTION_UV
1000
clean_dxf_export_v1
1000
background
1000
beam
1000
ES-C250x90
1000
source_geometry
1000
CE776
1071
798
  0
LINE
  5
3B2
330
17
100
AcDbEntity
  8
ES-C250x90
100
AcDbLine
 10
403490.9207847094
 20
-717352.5694823621
 30
0.0
 11
409084.5805429196
 21
-717202.5694823621
 31
0.0
1001
SUPPORT_DISTRIBUTION_UV
1000
clean_dxf_export_v1
1000
background
1000
beam
1000
ES-C250x90
1000
source_geometry
1000
CE776
1071
799
  0
LINE
  5
3B3
330
17
100
AcDbEntity
  8
ES-C250x90
100
AcDbLine
 10
409085.7870494365
 20
-717292.5694823621
 30
0.0
 11
415497.0183449409
 21
-717292.5694823621
 31
0.0
1001
SUPPORT_DISTRIBUTION_UV
1000
clean_dxf_export_v1
1000
background
1000
beam
1000
ES-C250x90
1000
source_geometry
1000
CE776
1071
800
  0
LINE
  5
3B4
330
17
100
AcDbEntity
  8
ES-C250x90
100
AcDbLine
 10
409084.5805429196
 20
-717202.5694823621
 30
0.0
 11
415491.4039745154
 21
-717202.5694823621
 31
0.0
1001
SUPPORT_DISTRIBUTION_UV
1000
clean_dxf_export_v1
1000
background
1000
beam
1000
ES-C250x90
1000
source_geometry
1000
CE776
1071
801
  0
LINE
  5
3B5
330
17
100
AcDbEntity
  8
ES-C250x90
100
AcDbLine
 10
415497.0183449409
 20
-717292.5694823621
 30
0.0
 11
421085.7870494364
 21
-716592.5694823621
 31
0.0
1001
SUPPORT_DISTRIBUTION_UV
1000
clean_dxf_export_v1
1000
background
1000
beam
1000
ES-C250x90
1000
source_geometry
1000
CE776
1071
802
  0
LINE
  5
3B6
330
17
100
AcDbEntity
  8
ES-C250x90
100
AcDbLine
 10
415491.4039745154
 20
-717202.5694823621
 30
0.0
 11
421080.1726790109
 21
-716502.5694823621
 31
0.0
1001
SUPPORT_DISTRIBUTION_UV
1000
clean_dxf_export_v1
1000
background
1000
beam
1000
ES-C250x90
1000
source_geometry
1000
CE776
1071
803
  0
LINE
  5
3B7
330
17
100
AcDbEntity
  8
ES-C250x90
100
AcDbLine
 10
421085.7870494364
 20
-716592.5694823621
 30
0.0
 11
422288.2870494364
 21
-716592.5694823621
 31
0.0
1001
SUPPORT_DISTRIBUTION_UV
1000
clean_dxf_export_v1
1000
background
1000
beam
1000
ES-C250x90
1000
source_geometry
1000
CE776
1071
804
  0
LINE
  5
3B8
330
17
100
AcDbEntity
  8
ES-C250x90
100
AcDbLine
 10
421080.1726790109
 20
-716502.5694823621
 30
0.0
 11
422288.2870494364
 21
-716502.5694823621
 31
0.0
1001
SUPPORT_DISTRIBUTION_UV
1000
clean_dxf_export_v1
1000
background
1000
beam
1000
ES-C250x90
1000
source_geometry
1000
CE776
1071
805
  0
LINE
  5
3B9
330
17
100
AcDbEntity
  8
ES-C250x90
100
AcDbLine
 10
422288.2870494364
 20
-716592.5694823621
 30
0.0
 11
422288.2870494364
 21
-716547.5694823621
 31
0.0
1001
SUPPORT_DISTRIBUTION_UV
1000
clean_dxf_export_v1
1000
background
1000
beam
1000
ES-C250x90
1000
source_geometry
1000
CE776
1071
806
  0
LINE
  5
3BA
330
17
100
AcDbEntity
  8
ES-C250x90
100
AcDbLine
 10
422288.2870494364
 20
-716502.5694823621
 30
0.0
 11
422288.2870494364
 21
-716547.5694823621
 31
0.0
1001
SUPPORT_DISTRIBUTION_UV
1000
clean_dxf_export_v1
1000
background
1000
beam
1000
ES-C250x90
1000
source_geometry
1000
CE776
1071
807
  0
LINE
  5
3BB
330
17
100
AcDbEntity
  8
ES-C250x90
100
AcDbLine
 10
402288.2870494365
 20
-716938.5694823621
 30
0.0
 11
402288.2870494365
 21
-716893.5694823621
 31
0.0
1001
SUPPORT_DISTRIBUTION_UV
1000
clean_dxf_export_v1
1000
background
1000
beam
1000
ES-C250x90
1000
source_geometry
1000
CE777
1071
808
  0
LINE
  5
3BC
330
17
100
AcDbEntity
  8
ES-C250x90
100
AcDbLine
 10
402288.2870494365
 20
-716848.5694823621
 30
0.0
 11
402288.2870494365
 21
-716893.5694823621
 31
0.0
1001
SUPPORT_DISTRIBUTION_UV
1000
clean_dxf_export_v1
1000
background
1000
beam
1000
ES-C250x90
1000
source_geometry
1000
CE777
1071
809
  0
LINE
  5
3BD
330
17
100
AcDbEntity
  8
ES-C250x90
100
AcDbLine
 10
402288.2870494365
 20
-716938.5694823621
 30
0.0
 11
403492.1272912263
 21
-716938.5694823621
 31
0.0
1001
SUPPORT_DISTRIBUTION_UV
1000
clean_dxf_export_v1
1000
background
1000
beam
1000
ES-C250x90
1000
source_geometry
1000
CE777
1071
810
  0
LINE
  5
3BE
330
17
100
AcDbEntity
  8
ES-C250x90
100
AcDbLine
 10
402288.2870494365
 20
-716848.5694823621
 30
0.0
 11
403490.9207847094
 21
-716848.5694823621
 31
0.0
1001
SUPPORT_DISTRIBUTION_UV
1000
clean_dxf_export_v1
1000
background
1000
beam
1000
ES-C250x90
1000
source_geometry
1000
CE777
1071
811
  0
LINE
  5
3BF
330
17
100
AcDbEntity
  8
ES-C250x90
100
AcDbLine
 10
403492.1272912263
 20
-716938.5694823621
 30
0.0
 11
409085.7870494365
 21
-716788.5694823621
 31
0.0
1001
SUPPORT_DISTRIBUTION_UV
1000
clean_dxf_export_v1
1000
background
1000
beam
1000
ES-C250x90
1000
source_geometry
1000
CE777
1071
812
  0
LINE
  5
3C0
330
17
100
AcDbEntity
  8
ES-C250x90
100
AcDbLine
 10
403490.9207847094
 20
-716848.5694823621
 30
0.0
 11
409084.5805429196
 21
-716698.5694823621
 31
0.0
1001
SUPPORT_DISTRIBUTION_UV
1000
clean_dxf_export_v1
1000
background
1000
beam
1000
ES-C250x90
1000
source_geometry
1000
CE777
1071
813
  0
LINE
  5
3C1
330
17
100
AcDbEntity
  8
ES-C250x90
100
AcDbLine
 10
409085.7870494365
 20
-716788.5694823621
 30
0.0
 11
415497.0183449409
 21
-716788.5694823621
 31
0.0
1001
SUPPORT_DISTRIBUTION_UV
1000
clean_dxf_export_v1
1000
background
1000
beam
1000
ES-C250x90
1000
source_geometry
1000
CE777
1071
814
  0
LINE
  5
3C2
330
17
100
AcDbEntity
  8
ES-C250x90
100
AcDbLine
 10
409084.5805429196
 20
-716698.5694823621
 30
0.0
 11
415491.4039745154
 21
-716698.5694823621
 31
0.0
1001
SUPPORT_DISTRIBUTION_UV
1000
clean_dxf_export_v1
1000
background
1000
beam
1000
ES-C250x90
1000
source_geometry
1000
CE777
1071
815
  0
LINE
  5
3C3
330
17
100
AcDbEntity
  8
ES-C250x90
100
AcDbLine
 10
415497.0183449409
 20
-716788.5694823621
 30
0.0
 11
421085.7870494364
 21
-716088.5694823621
 31
0.0
1001
SUPPORT_DISTRIBUTION_UV
1000
clean_dxf_export_v1
1000
background
1000
beam
1000
ES-C250x90
1000
source_geometry
1000
CE777
1071
816
  0
LINE
  5
3C4
330
17
100
AcDbEntity
  8
ES-C250x90
100
AcDbLine
 10
415491.4039745154
 20
-716698.5694823621
 30
0.0
 11
421080.1726790109
 21
-715998.5694823621
 31
0.0
1001
SUPPORT_DISTRIBUTION_UV
1000
clean_dxf_export_v1
1000
background
1000
beam
1000
ES-C250x90
1000
source_geometry
1000
CE777
1071
817
  0
LINE
  5
3C5
330
17
100
AcDbEntity
  8
ES-C250x90
100
AcDbLine
 10
421085.7870494364
 20
-716088.5694823621
 30
0.0
 11
422288.2870494364
 21
-716088.5694823621
 31
0.0
1001
SUPPORT_DISTRIBUTION_UV
1000
clean_dxf_export_v1
1000
background
1000
beam
1000
ES-C250x90
1000
source_geometry
1000
CE777
1071
818
  0
LINE
  5
3C6
330
17
100
AcDbEntity
  8
ES-C250x90
100
AcDbLine
 10
421080.1726790109
 20
-715998.5694823621
 30
0.0
 11
422288.2870494364
 21
-715998.5694823621
 31
0.0
1001
SUPPORT_DISTRIBUTION_UV
1000
clean_dxf_export_v1
1000
background
1000
beam
1000
ES-C250x90
1000
source_geometry
1000
CE777
1071
819
  0
LINE
  5
3C7
330
17
100
AcDbEntity
  8
ES-C250x90
100
AcDbLine
 10
422288.2870494364
 20
-716088.5694823621
 30
0.0
 11
422288.2870494364
 21
-716043.5694823621
 31
0.0
1001
SUPPORT_DISTRIBUTION_UV
1000
clean_dxf_export_v1
1000
background
1000
beam
1000
ES-C250x90
1000
source_geometry
1000
CE777
1071
820
  0
LINE
  5
3C8
330
17
100
AcDbEntity
  8
ES-C250x90
100
AcDbLine
 10
422288.2870494364
 20
-715998.5694823621
 30
0.0
 11
422288.2870494364
 21
-716043.5694823621
 31
0.0
1001
SUPPORT_DISTRIBUTION_UV
1000
clean_dxf_export_v1
1000
background
1000
beam
1000
ES-C250x90
1000
source_geometry
1000
CE777
1071
821
  0
LINE
  5
3C9
330
17
100
AcDbEntity
  8
ES-C250x90
100
AcDbLine
 10
429585.7870495831
 20
-711888.5703370967
 30
0.0
 11
429585.7870496143
 21
-711843.5703370967
 31
0.0
1001
SUPPORT_DISTRIBUTION_UV
1000
clean_dxf_export_v1
1000
background
1000
beam
1000
ES-C250x90
1000
source_geometry
1000
CE778
1071
822
  0
LINE
  5
3CA
330
17
100
AcDbEntity
  8
ES-C250x90
100
AcDbLine
 10
429585.7870496455
 20
-711798.5703370967
 30
0.0
 11
429585.7870496143
 21
-711843.5703370967
 31
0.0
1001
SUPPORT_DISTRIBUTION_UV
1000
clean_dxf_export_v1
1000
background
1000
beam
1000
ES-C250x90
1000
source_geometry
1000
CE778
1071
823
  0
LINE
  5
3CB
330
17
100
AcDbEntity
  8
ES-C250x90
100
AcDbLine
 10
429585.7870495831
 20
-711888.5703370967
 30
0.0
 11
434288.2870494364
 21
-711888.5703403577
 31
0.0
1001
SUPPORT_DISTRIBUTION_UV
1000
clean_dxf_export_v1
1000
background
1000
beam
1000
ES-C250x90
1000
source_geometry
1000
CE778
1071
824
  0
LINE
  5
3CC
330
17
100
AcDbEntity
  8
ES-C250x90
100
AcDbLine
 10
429585.7870496455
 20
-711798.5703370967
 30
0.0
 11
434288.2870494988
 21
-711798.5703403577
 31
0.0
1001
SUPPORT_DISTRIBUTION_UV
1000
clean_dxf_export_v1
1000
background
1000
beam
1000
ES-C250x90
1000
source_geometry
1000
CE778
1071
825
  0
LINE
  5
3CD
330
17
100
AcDbEntity
  8
ES-C250x90
100
AcDbLine
 10
434288.2870494364
 20
-711888.5703403577
 30
0.0
 11
434288.2870494676
 21
-711843.5703403577
 31
0.0
1001
SUPPORT_DISTRIBUTION_UV
1000
clean_dxf_export_v1
1000
background
1000
beam
1000
ES-C250x90
1000
source_geometry
1000
CE778
1071
826
  0
LINE
  5
3CE
330
17
100
AcDbEntity
  8
ES-C250x90
100
AcDbLine
 10
434288.2870494988
 20
-711798.5703403577
 30
0.0
 11
434288.2870494676
 21
-711843.5703403577
 31
0.0
1001
SUPPORT_DISTRIBUTION_UV
1000
clean_dxf_export_v1
1000
background
1000
beam
1000
ES-C250x90
1000
source_geometry
1000
CE778
1071
827
  0
LINE
  5
3CF
330
17
100
AcDbEntity
  8
ES-C250x90
100
AcDbLine
 10
429585.7870495773
 20
-716088.5694794704
 30
0.0
 11
429585.78704960865
 21
-716043.5694794704
 31
0.0
1001
SUPPORT_DISTRIBUTION_UV
1000
clean_dxf_export_v1
1000
background
1000
beam
1000
ES-C250x90
1000
source_geometry
1000
CE779
1071
828
  0
LINE
  5
3D0
330
17
100
AcDbEntity
  8
ES-C250x90
100
AcDbLine
 10
429585.78704963997
 20
-715998.5694794704
 30
0.0
 11
429585.78704960865
 21
-716043.5694794704
 31
0.0
1001
SUPPORT_DISTRIBUTION_UV
1000
clean_dxf_export_v1
1000
background
1000
beam
1000
ES-C250x90
1000
source_geometry
1000
CE779
1071
829
  0
LINE
  5
3D1
330
17
100
AcDbEntity
  8
ES-C250x90
100
AcDbLine
 10
429585.7870495773
 20
-716088.5694794704
 30
0.0
 11
434288.2870494306
 21
-716088.569482746
 31
0.0
1001
SUPPORT_DISTRIBUTION_UV
1000
clean_dxf_export_v1
1000
background
1000
beam
1000
ES-C250x90
1000
source_geometry
1000
CE779
1071
830
  0
LINE
  5
3D2
330
17
100
AcDbEntity
  8
ES-C250x90
100
AcDbLine
 10
429585.78704963997
 20
-715998.5694794704
 30
0.0
 11
434288.2870494933
 21
-715998.569482746
 31
0.0
1001
SUPPORT_DISTRIBUTION_UV
1000
clean_dxf_export_v1
1000
background
1000
beam
1000
ES-C250x90
1000
source_geometry
1000
CE779
1071
831
  0
LINE
  5
3D3
330
17
100
AcDbEntity
  8
ES-C250x90
100
AcDbLine
 10
434288.2870494306
 20
-716088.569482746
 30
0.0
 11
434288.287049462
 21
-716043.569482746
 31
0.0
1001
SUPPORT_DISTRIBUTION_UV
1000
clean_dxf_export_v1
1000
background
1000
beam
1000
ES-C250x90
1000
source_geometry
1000
CE779
1071
832
  0
LINE
  5
3D4
330
17
100
AcDbEntity
  8
ES-C250x90
100
AcDbLine
 10
434288.2870494933
 20
-715998.569482746
 30
0.0
 11
434288.287049462
 21
-716043.569482746
 31
0.0
1001
SUPPORT_DISTRIBUTION_UV
1000
clean_dxf_export_v1
1000
background
1000
beam
1000
ES-C250x90
1000
source_geometry
1000
CE779
1071
833
  0
LINE
  5
3D5
330
17
100
AcDbEntity
  8
ES-C250x90
100
AcDbLine
 10
429585.787049576
 20
-716502.569485245
 30
0.0
 11
429585.787049607
 21
-716547.569485245
 31
0.0
1001
SUPPORT_DISTRIBUTION_UV
1000
clean_dxf_export_v1
1000
background
1000
beam
1000
ES-C250x90
1000
source_geometry
1000
CE77A
1071
834
  0
LINE
  5
3D6
330
17
100
AcDbEntity
  8
ES-C250x90
100
AcDbLine
 10
429585.7870496381
 20
-716592.569485245
 30
0.0
 11
429585.787049607
 21
-716547.569485245
 31
0.0
1001
SUPPORT_DISTRIBUTION_UV
1000
clean_dxf_export_v1
1000
background
1000
beam
1000
ES-C250x90
1000
source_geometry
1000
CE77A
1071
835
  0
LINE
  5
3D7
330
17
100
AcDbEntity
  8
ES-C250x90
100
AcDbLine
 10
429585.787049576
 20
-716502.569485245
 30
0.0
 11
434288.2870494293
 21
-716502.5694819986
 31
0.0
1001
SUPPORT_DISTRIBUTION_UV
1000
clean_dxf_export_v1
1000
background
1000
beam
1000
ES-C250x90
1000
source_geometry
1000
CE77A
1071
836
  0
LINE
  5
3D8
330
17
100
AcDbEntity
  8
ES-C250x90
100
AcDbLine
 10
429585.7870496381
 20
-716592.569485245
 30
0.0
 11
434288.2870494914
 21
-716592.5694819986
 31
0.0
1001
SUPPORT_DISTRIBUTION_UV
1000
clean_dxf_export_v1
1000
background
1000
beam
1000
ES-C250x90
1000
source_geometry
1000
CE77A
1071
837
  0
LINE
  5
3D9
330
17
100
AcDbEntity
  8
ES-C250x90
100
AcDbLine
 10
434288.2870494293
 20
-716502.5694819986
 30
0.0
 11
434288.28704946034
 21
-716547.5694819986
 31
0.0
1001
SUPPORT_DISTRIBUTION_UV
1000
clean_dxf_export_v1
1000
background
1000
beam
1000
ES-C250x90
1000
source_geometry
1000
CE77A
1071
838
  0
LINE
  5
3DA
330
17
100
AcDbEntity
  8
ES-C250x90
100
AcDbLine
 10
434288.2870494914
 20
-716592.5694819986
 30
0.0
 11
434288.28704946034
 21
-716547.5694819986
 31
0.0
1001
SUPPORT_DISTRIBUTION_UV
1000
clean_dxf_export_v1
1000
background
1000
beam
1000
ES-C250x90
1000
source_geometry
1000
CE77A
1071
839
  0
LINE
  5
3DB
330
17
100
AcDbEntity
  8
!T1 (站體)_角撐
100
AcDbLine
 10
350038.1718719719
 20
-724833.5694825641
 30
0.0
 11
350146.8505725548
 21
-724699.1379947299
 31
0.0
1001
SUPPORT_DISTRIBUTION_UV
1000
clean_dxf_export_v1
1000
background
1000
corner_brace
1000
!T1 (站體)_角撐
1000
source_geometry
1000
CD52C
1071
840
  0
LINE
  5
3DC
330
17
100
AcDbEntity
  8
!T1 (站體)_角撐
100
AcDbLine
 10
349943.20381957304
 20
-724478.5206789997
 30
0.0
 11
349934.7185381988
 21
-724487.0059603739
 31
0.0
1001
SUPPORT_DISTRIBUTION_UV
1000
clean_dxf_export_v1
1000
background
1000
corner_brace
1000
!T1 (站體)_角撐
1000
source_geometry
1000
CD52C
1071
841
  0
LINE
  5
3DD
330
17
100
AcDbEntity
  8
!T1 (站體)_角撐
100
AcDbLine
 10
350146.8505725548
 20
-724699.1379947299
 30
0.0
 11
350155.335853929
 21
-724690.6527133556
 31
0.0
1001
SUPPORT_DISTRIBUTION_UV
1000
clean_dxf_export_v1
1000
background
1000
corner_brace
1000
!T1 (站體)_角撐
1000
source_geometry
1000
CD52C
1071
842
  0
LINE
  5
3DE
330
17
100
AcDbEntity
  8
!T1 (站體)_角撐
100
AcDbLine
 10
349563.1718719719
 20
-724795.5694825641
 30
0.0
 11
349934.7185381988
 21
-724487.0059603739
 31
0.0
1001
SUPPORT_DISTRIBUTION_UV
1000
clean_dxf_export_v1
1000
background
1000
corner_brace
1000
!T1 (站體)_角撐
1000
source_geometry
1000
CD52C
1071
843
  0
LINE
  5
3DF
330
17
100
AcDbEntity
  8
!T1 (站體)_角撐
100
AcDbLine
 10
349563.1718719719
 20
-724833.5694825641
 30
0.0
 11
349563.1718719719
 21
-724795.5694825641
 31
0.0
1001
SUPPORT_DISTRIBUTION_UV
1000
clean_dxf_export_v1
1000
background
1000
corner_brace
1000
!T1 (站體)_角撐
1000
source_geometry
1000
CD52C
1071
844
  0
LINE
  5
3E0
330
17
100
AcDbEntity
  8
!T1 (站體)_角撐
100
AcDbLine
 10
349563.1718719719
 20
-724833.5694825641
 30
0.0
 11
349563.1718719719
 21
-724845.5694825641
 31
0.0
1001
SUPPORT_DISTRIBUTION_UV
1000
clean_dxf_export_v1
1000
background
1000
corner_brace
1000
!T1 (站體)_角撐
1000
source_geometry
1000
CD52C
1071
845
  0
LINE
  5
3E1
330
17
100
AcDbEntity
  8
!T1 (站體)_角撐
100
AcDbLine
 10
350038.1718719719
 20
-724845.5694825641
 30
0.0
 11
350038.1718719719
 21
-724833.5694825641
 31
0.0
1001
SUPPORT_DISTRIBUTION_UV
1000
clean_dxf_export_v1
1000
background
1000
corner_brace
1000
!T1 (站體)_角撐
1000
source_geometry
1000
CD52C
1071
846
  0
LINE
  5
3E2
330
17
100
AcDbEntity
  8
!T1 (站體)_角撐
100
AcDbLine
 10
349943.20381957304
 20
-724478.5206789997
 30
0.0
 11
350155.335853929
 21
-724690.6527133556
 31
0.0
1001
SUPPORT_DISTRIBUTION_UV
1000
clean_dxf_export_v1
1000
background
1000
corner_brace
1000
!T1 (站體)_角撐
1000
source_geometry
1000
CD52C
1071
847
  0
LINE
  5
3E3
330
17
100
AcDbEntity
  8
!T1 (站體)_角撐
100
AcDbLine
 10
350896.3837606125
 20
-723525.3407379602
 30
0.0
 11
351088.2870503646
 21
-723717.2440277123
 31
0.0
1001
SUPPORT_DISTRIBUTION_UV
1000
clean_dxf_export_v1
1000
background
1000
corner_brace
1000
!T1 (站體)_角撐
1000
source_geometry
1000
CD52C
1071
848
  0
LINE
  5
3E4
330
17
100
AcDbEntity
  8
!T1 (站體)_角撐
100
AcDbLine
 10
350896.3837606125
 20
-723525.3407379602
 30
0.0
 11
349943.20381957304
 21
-724478.5206789997
 31
0.0
1001
SUPPORT_DISTRIBUTION_UV
1000
clean_dxf_export_v1
1000
background
1000
corner_brace
1000
!T1 (站體)_角撐
1000
source_geometry
1000
CD52C
1071
849
  0
LINE
  5
3E5
330
17
100
AcDbEntity
  8
!T1 (站體)_角撐
100
AcDbLine
 10
350155.335853929
 20
-724690.6527133556
 30
0.0
 11
351088.2870503646
 21
-723757.7015169201
 31
0.0
1001
SUPPORT_DISTRIBUTION_UV
1000
clean_dxf_export_v1
1000
background
1000
corner_brace
1000
!T1 (站體)_角撐
1000
source_geometry
1000
CD52C
1071
850
  0
LINE
  5
3E6
330
17
100
AcDbEntity
  8
!T1 (站體)_角撐
100
AcDbLine
 10
351088.2870503646
 20
-723295.9986649114
 30
0.0
 11
350904.86904198676
 21
-723516.855456586
 31
0.0
1001
SUPPORT_DISTRIBUTION_UV
1000
clean_dxf_export_v1
1000
background
1000
corner_brace
1000
!T1 (站體)_角撐
1000
source_geometry
1000
CD52C
1071
851
  0
LINE
  5
3E7
330
17
100
AcDbEntity
  8
!T1 (站體)_角撐
100
AcDbLine
 10
350904.86904198676
 20
-723516.855456586
 30
0.0
 11
350896.3837606125
 21
-723525.3407379602
 31
0.0
1001
SUPPORT_DISTRIBUTION_UV
1000
clean_dxf_export_v1
1000
background
1000
corner_brace
1000
!T1 (站體)_角撐
1000
source_geometry
1000
CD52C
1071
852
  0
LINE
  5
3E8
330
17
100
AcDbEntity
  8
!T1 (站體)_角撐
100
AcDbLine
 10
352421.2382468002
 20
-724690.6527133556
 30
0.0
 11
352633.37028115615
 21
-724478.5206789997
 31
0.0
1001
SUPPORT_DISTRIBUTION_UV
1000
clean_dxf_export_v1
1000
background
1000
corner_brace
1000
!T1 (站體)_角撐
1000
source_geometry
1000
CD52C
1071
853
  0
LINE
  5
3E9
330
17
100
AcDbEntity
  8
!T1 (站體)_角撐
100
AcDbLine
 10
352538.4022287573
 20
-724845.5694825641
 30
0.0
 11
352538.4022287573
 21
-724833.5694825641
 31
0.0
1001
SUPPORT_DISTRIBUTION_UV
1000
clean_dxf_export_v1
1000
background
1000
corner_brace
1000
!T1 (站體)_角撐
1000
source_geometry
1000
CD52C
1071
854
  0
LINE
  5
3EA
330
17
100
AcDbEntity
  8
!T1 (站體)_角撐
100
AcDbLine
 10
353013.4022287573
 20
-724833.5694825641
 30
0.0
 11
353013.4022287573
 21
-724845.5694825641
 31
0.0
1001
SUPPORT_DISTRIBUTION_UV
1000
clean_dxf_export_v1
1000
background
1000
corner_brace
1000
!T1 (站體)_角撐
1000
source_geometry
1000
CD52C
1071
855
  0
LINE
  5
3EB
330
17
100
AcDbEntity
  8
!T1 (站體)_角撐
100
AcDbLine
 10
353013.4022287573
 20
-724833.5694825641
 30
0.0
 11
353013.4022287573
 21
-724795.5694825641
 31
0.0
1001
SUPPORT_DISTRIBUTION_UV
1000
clean_dxf_export_v1
1000
background
1000
corner_brace
1000
!T1 (站體)_角撐
1000
source_geometry
1000
CD52C
1071
856
  0
LINE
  5
3EC
330
17
100
AcDbEntity
  8
!T1 (站體)_角撐
100
AcDbLine
 10
353013.4022287573
 20
-724795.5694825641
 30
0.0
 11
352641.8555625304
 21
-724487.0059603739
 31
0.0
1001
SUPPORT_DISTRIBUTION_UV
1000
clean_dxf_export_v1
1000
background
1000
corner_brace
1000
!T1 (站體)_角撐
1000
source_geometry
1000
CD52C
1071
857
  0
LINE
  5
3ED
330
17
100
AcDbEntity
  8
!T1 (站體)_角撐
100
AcDbLine
 10
352429.72352817445
 20
-724699.1379947299
 30
0.0
 11
352421.2382468002
 21
-724690.6527133556
 31
0.0
1001
SUPPORT_DISTRIBUTION_UV
1000
clean_dxf_export_v1
1000
background
1000
corner_brace
1000
!T1 (站體)_角撐
1000
source_geometry
1000
CD52C
1071
858
  0
LINE
  5
3EE
330
17
100
AcDbEntity
  8
!T1 (站體)_角撐
100
AcDbLine
 10
352633.37028115615
 20
-724478.5206789997
 30
0.0
 11
352641.8555625304
 21
-724487.0059603739
 31
0.0
1001
SUPPORT_DISTRIBUTION_UV
1000
clean_dxf_export_v1
1000
background
1000
corner_brace
1000
!T1 (站體)_角撐
1000
source_geometry
1000
CD52C
1071
859
  0
LINE
  5
3EF
330
17
100
AcDbEntity
  8
!T1 (站體)_角撐
100
AcDbLine
 10
352538.4022287573
 20
-724833.5694825641
 30
0.0
 11
352429.72352817445
 21
-724699.1379947299
 31
0.0
1001
SUPPORT_DISTRIBUTION_UV
1000
clean_dxf_export_v1
1000
background
1000
corner_brace
1000
!T1 (站體)_角撐
1000
source_geometry
1000
CD52C
1071
860
  0
LINE
  5
3F0
330
17
100
AcDbEntity
  8
!T1 (站體)_角撐
100
AcDbLine
 10
351671.70505874243
 20
-723516.855456586
 30
0.0
 11
351680.1903401167
 21
-723525.3407379602
 31
0.0
1001
SUPPORT_DISTRIBUTION_UV
1000
clean_dxf_export_v1
1000
background
1000
corner_brace
1000
!T1 (站體)_角撐
1000
source_geometry
1000
CD52C
1071
861
  0
LINE
  5
3F1
330
17
100
AcDbEntity
  8
!T1 (站體)_角撐
100
AcDbLine
 10
351488.2870503646
 20
-723295.9986649114
 30
0.0
 11
351671.70505874243
 21
-723516.855456586
 31
0.0
1001
SUPPORT_DISTRIBUTION_UV
1000
clean_dxf_export_v1
1000
background
1000
corner_brace
1000
!T1 (站體)_角撐
1000
source_geometry
1000
CD52C
1071
862
  0
LINE
  5
3F2
330
17
100
AcDbEntity
  8
!T1 (站體)_角撐
100
AcDbLine
 10
352421.2382468002
 20
-724690.6527133556
 30
0.0
 11
351488.2870503646
 21
-723757.7015169201
 31
0.0
1001
SUPPORT_DISTRIBUTION_UV
1000
clean_dxf_export_v1
1000
background
1000
corner_brace
1000
!T1 (站體)_角撐
1000
source_geometry
1000
CD52C
1071
863
  0
LINE
  5
3F3
330
17
100
AcDbEntity
  8
!T1 (站體)_角撐
100
AcDbLine
 10
351680.1903401167
 20
-723525.3407379602
 30
0.0
 11
352633.37028115615
 21
-724478.5206789997
 31
0.0
1001
SUPPORT_DISTRIBUTION_UV
1000
clean_dxf_export_v1
1000
background
1000
corner_brace
1000
!T1 (站體)_角撐
1000
source_geometry
1000
CD52C
1071
864
  0
LINE
  5
3F4
330
17
100
AcDbEntity
  8
!T1 (站體)_角撐
100
AcDbLine
 10
351680.1903401167
 20
-723525.3407379602
 30
0.0
 11
351488.2870503646
 21
-723717.2440277123
 31
0.0
1001
SUPPORT_DISTRIBUTION_UV
1000
clean_dxf_export_v1
1000
background
1000
corner_brace
1000
!T1 (站體)_角撐
1000
source_geometry
1000
CD52C
1071
865
  0
LINE
  5
3F5
330
17
100
AcDbEntity
  8
!T1 (站體)_角撐
100
AcDbLine
 10
356038.1718719719
 20
-724833.5694825641
 30
0.0
 11
356146.8505725548
 21
-724699.1379947299
 31
0.0
1001
SUPPORT_DISTRIBUTION_UV
1000
clean_dxf_export_v1
1000
background
1000
corner_brace
1000
!T1 (站體)_角撐
1000
source_geometry
1000
CD54B
1071
866
  0
LINE
  5
3F6
330
17
100
AcDbEntity
  8
!T1 (站體)_角撐
100
AcDbLine
 10
355943.20381957304
 20
-724478.5206789997
 30
0.0
 11
355934.7185381988
 21
-724487.0059603739
 31
0.0
1001
SUPPORT_DISTRIBUTION_UV
1000
clean_dxf_export_v1
1000
background
1000
corner_brace
1000
!T1 (站體)_角撐
1000
source_geometry
1000
CD54B
1071
867
  0
LINE
  5
3F7
330
17
100
AcDbEntity
  8
!T1 (站體)_角撐
100
AcDbLine
 10
356146.8505725548
 20
-724699.1379947299
 30
0.0
 11
356155.335853929
 21
-724690.6527133556
 31
0.0
1001
SUPPORT_DISTRIBUTION_UV
1000
clean_dxf_export_v1
1000
background
1000
corner_brace
1000
!T1 (站體)_角撐
1000
source_geometry
1000
CD54B
1071
868
  0
LINE
  5
3F8
330
17
100
AcDbEntity
  8
!T1 (站體)_角撐
100
AcDbLine
 10
355563.1718719719
 20
-724795.5694825641
 30
0.0
 11
355934.7185381988
 21
-724487.0059603739
 31
0.0
1001
SUPPORT_DISTRIBUTION_UV
1000
clean_dxf_export_v1
1000
background
1000
corner_brace
1000
!T1 (站體)_角撐
1000
source_geometry
1000
CD54B
1071
869
  0
LINE
  5
3F9
330
17
100
AcDbEntity
  8
!T1 (站體)_角撐
100
AcDbLine
 10
355563.1718719719
 20
-724833.5694825641
 30
0.0
 11
355563.1718719719
 21
-724795.5694825641
 31
0.0
1001
SUPPORT_DISTRIBUTION_UV
1000
clean_dxf_export_v1
1000
background
1000
corner_brace
1000
!T1 (站體)_角撐
1000
source_geometry
1000
CD54B
1071
870
  0
LINE
  5
3FA
330
17
100
AcDbEntity
  8
!T1 (站體)_角撐
100
AcDbLine
 10
355563.1718719719
 20
-724833.5694825641
 30
0.0
 11
355563.1718719719
 21
-724845.5694825641
 31
0.0
1001
SUPPORT_DISTRIBUTION_UV
1000
clean_dxf_export_v1
1000
background
1000
corner_brace
1000
!T1 (站體)_角撐
1000
source_geometry
1000
CD54B
1071
871
  0
LINE
  5
3FB
330
17
100
AcDbEntity
  8
!T1 (站體)_角撐
100
AcDbLine
 10
356038.1718719719
 20
-724845.5694825641
 30
0.0
 11
356038.1718719719
 21
-724833.5694825641
 31
0.0
1001
SUPPORT_DISTRIBUTION_UV
1000
clean_dxf_export_v1
1000
background
1000
corner_brace
1000
!T1 (站體)_角撐
1000
source_geometry
1000
CD54B
1071
872
  0
LINE
  5
3FC
330
17
100
AcDbEntity
  8
!T1 (站體)_角撐
100
AcDbLine
 10
355943.20381957304
 20
-724478.5206789997
 30
0.0
 11
356155.335853929
 21
-724690.6527133556
 31
0.0
1001
SUPPORT_DISTRIBUTION_UV
1000
clean_dxf_export_v1
1000
background
1000
corner_brace
1000
!T1 (站體)_角撐
1000
source_geometry
1000
CD54B
1071
873
  0
LINE
  5
3FD
330
17
100
AcDbEntity
  8
!T1 (站體)_角撐
100
AcDbLine
 10
356896.3837606125
 20
-723525.3407379602
 30
0.0
 11
357088.2870503646
 21
-723717.2440277123
 31
0.0
1001
SUPPORT_DISTRIBUTION_UV
1000
clean_dxf_export_v1
1000
background
1000
corner_brace
1000
!T1 (站體)_角撐
1000
source_geometry
1000
CD54B
1071
874
  0
LINE
  5
3FE
330
17
100
AcDbEntity
  8
!T1 (站體)_角撐
100
AcDbLine
 10
356896.3837606125
 20
-723525.3407379602
 30
0.0
 11
355943.20381957304
 21
-724478.5206789997
 31
0.0
1001
SUPPORT_DISTRIBUTION_UV
1000
clean_dxf_export_v1
1000
background
1000
corner_brace
1000
!T1 (站體)_角撐
1000
source_geometry
1000
CD54B
1071
875
  0
LINE
  5
3FF
330
17
100
AcDbEntity
  8
!T1 (站體)_角撐
100
AcDbLine
 10
356155.335853929
 20
-724690.6527133556
 30
0.0
 11
357088.2870503646
 21
-723757.7015169201
 31
0.0
1001
SUPPORT_DISTRIBUTION_UV
1000
clean_dxf_export_v1
1000
background
1000
corner_brace
1000
!T1 (站體)_角撐
1000
source_geometry
1000
CD54B
1071
876
  0
LINE
  5
400
330
17
100
AcDbEntity
  8
!T1 (站體)_角撐
100
AcDbLine
 10
357088.2870503646
 20
-723295.9986649114
 30
0.0
 11
356904.86904198676
 21
-723516.855456586
 31
0.0
1001
SUPPORT_DISTRIBUTION_UV
1000
clean_dxf_export_v1
1000
background
1000
corner_brace
1000
!T1 (站體)_角撐
1000
source_geometry
1000
CD54B
1071
877
  0
LINE
  5
401
330
17
100
AcDbEntity
  8
!T1 (站體)_角撐
100
AcDbLine
 10
356904.86904198676
 20
-723516.855456586
 30
0.0
 11
356896.3837606125
 21
-723525.3407379602
 31
0.0
1001
SUPPORT_DISTRIBUTION_UV
1000
clean_dxf_export_v1
1000
background
1000
corner_brace
1000
!T1 (站體)_角撐
1000
source_geometry
1000
CD54B
1071
878
  0
LINE
  5
402
330
17
100
AcDbEntity
  8
!T1 (站體)_角撐
100
AcDbLine
 10
358421.2382468002
 20
-724690.6527133556
 30
0.0
 11
358633.37028115615
 21
-724478.5206789997
 31
0.0
1001
SUPPORT_DISTRIBUTION_UV
1000
clean_dxf_export_v1
1000
background
1000
corner_brace
1000
!T1 (站體)_角撐
1000
source_geometry
1000
CD54B
1071
879
  0
LINE
  5
403
330
17
100
AcDbEntity
  8
!T1 (站體)_角撐
100
AcDbLine
 10
358538.4022287573
 20
-724845.5694825641
 30
0.0
 11
358538.4022287573
 21
-724833.5694825641
 31
0.0
1001
SUPPORT_DISTRIBUTION_UV
1000
clean_dxf_export_v1
1000
background
1000
corner_brace
1000
!T1 (站體)_角撐
1000
source_geometry
1000
CD54B
1071
880
  0
LINE
  5
404
330
17
100
AcDbEntity
  8
!T1 (站體)_角撐
100
AcDbLine
 10
359013.4022287573
 20
-724833.5694825641
 30
0.0
 11
359013.4022287573
 21
-724845.5694825641
 31
0.0
1001
SUPPORT_DISTRIBUTION_UV
1000
clean_dxf_export_v1
1000
background
1000
corner_brace
1000
!T1 (站體)_角撐
1000
source_geometry
1000
CD54B
1071
881
  0
LINE
  5
405
330
17
100
AcDbEntity
  8
!T1 (站體)_角撐
100
AcDbLine
 10
359013.4022287573
 20
-724833.5694825641
 30
0.0
 11
359013.4022287573
 21
-724795.5694825641
 31
0.0
1001
SUPPORT_DISTRIBUTION_UV
1000
clean_dxf_export_v1
1000
background
1000
corner_brace
1000
!T1 (站體)_角撐
1000
source_geometry
1000
CD54B
1071
882
  0
LINE
  5
406
330
17
100
AcDbEntity
  8
!T1 (站體)_角撐
100
AcDbLine
 10
359013.4022287573
 20
-724795.5694825641
 30
0.0
 11
358641.8555625304
 21
-724487.0059603739
 31
0.0
1001
SUPPORT_DISTRIBUTION_UV
1000
clean_dxf_export_v1
1000
background
1000
corner_brace
1000
!T1 (站體)_角撐
1000
source_geometry
1000
CD54B
1071
883
  0
LINE
  5
407
330
17
100
AcDbEntity
  8
!T1 (站體)_角撐
100
AcDbLine
 10
358429.72352817445
 20
-724699.1379947299
 30
0.0
 11
358421.2382468002
 21
-724690.6527133556
 31
0.0
1001
SUPPORT_DISTRIBUTION_UV
1000
clean_dxf_export_v1
1000
background
1000
corner_brace
1000
!T1 (站體)_角撐
1000
source_geometry
1000
CD54B
1071
884
  0
LINE
  5
408
330
17
100
AcDbEntity
  8
!T1 (站體)_角撐
100
AcDbLine
 10
358633.37028115615
 20
-724478.5206789997
 30
0.0
 11
358641.8555625304
 21
-724487.0059603739
 31
0.0
1001
SUPPORT_DISTRIBUTION_UV
1000
clean_dxf_export_v1
1000
background
1000
corner_brace
1000
!T1 (站體)_角撐
1000
source_geometry
1000
CD54B
1071
885
  0
LINE
  5
409
330
17
100
AcDbEntity
  8
!T1 (站體)_角撐
100
AcDbLine
 10
358538.4022287573
 20
-724833.5694825641
 30
0.0
 11
358429.72352817445
 21
-724699.1379947299
 31
0.0
1001
SUPPORT_DISTRIBUTION_UV
1000
clean_dxf_export_v1
1000
background
1000
corner_brace
1000
!T1 (站體)_角撐
1000
source_geometry
1000
CD54B
1071
886
  0
LINE
  5
40A
330
17
100
AcDbEntity
  8
!T1 (站體)_角撐
100
AcDbLine
 10
357671.70505874243
 20
-723516.855456586
 30
0.0
 11
357680.1903401167
 21
-723525.3407379602
 31
0.0
1001
SUPPORT_DISTRIBUTION_UV
1000
clean_dxf_export_v1
1000
background
1000
corner_brace
1000
!T1 (站體)_角撐
1000
source_geometry
1000
CD54B
1071
887
  0
LINE
  5
40B
330
17
100
AcDbEntity
  8
!T1 (站體)_角撐
100
AcDbLine
 10
357488.2870503646
 20
-723295.9986649114
 30
0.0
 11
357671.70505874243
 21
-723516.855456586
 31
0.0
1001
SUPPORT_DISTRIBUTION_UV
1000
clean_dxf_export_v1
1000
background
1000
corner_brace
1000
!T1 (站體)_角撐
1000
source_geometry
1000
CD54B
1071
888
  0
LINE
  5
40C
330
17
100
AcDbEntity
  8
!T1 (站體)_角撐
100
AcDbLine
 10
358421.2382468002
 20
-724690.6527133556
 30
0.0
 11
357488.2870503646
 21
-723757.7015169201
 31
0.0
1001
SUPPORT_DISTRIBUTION_UV
1000
clean_dxf_export_v1
1000
background
1000
corner_brace
1000
!T1 (站體)_角撐
1000
source_geometry
1000
CD54B
1071
889
  0
LINE
  5
40D
330
17
100
AcDbEntity
  8
!T1 (站體)_角撐
100
AcDbLine
 10
357680.1903401167
 20
-723525.3407379602
 30
0.0
 11
358633.37028115615
 21
-724478.5206789997
 31
0.0
1001
SUPPORT_DISTRIBUTION_UV
1000
clean_dxf_export_v1
1000
background
1000
corner_brace
1000
!T1 (站體)_角撐
1000
source_geometry
1000
CD54B
1071
890
  0
LINE
  5
40E
330
17
100
AcDbEntity
  8
!T1 (站體)_角撐
100
AcDbLine
 10
357680.1903401167
 20
-723525.3407379602
 30
0.0
 11
357488.2870503646
 21
-723717.2440277123
 31
0.0
1001
SUPPORT_DISTRIBUTION_UV
1000
clean_dxf_export_v1
1000
background
1000
corner_brace
1000
!T1 (站體)_角撐
1000
source_geometry
1000
CD54B
1071
891
  0
LINE
  5
40F
330
17
100
AcDbEntity
  8
!T1 (站體)_角撐
100
AcDbLine
 10
362038.1718719719
 20
-724833.5694825641
 30
0.0
 11
362146.8505725548
 21
-724699.1379947299
 31
0.0
1001
SUPPORT_DISTRIBUTION_UV
1000
clean_dxf_export_v1
1000
background
1000
corner_brace
1000
!T1 (站體)_角撐
1000
source_geometry
1000
CD54C
1071
892
  0
LINE
  5
410
330
17
100
AcDbEntity
  8
!T1 (站體)_角撐
100
AcDbLine
 10
361943.20381957304
 20
-724478.5206789997
 30
0.0
 11
361934.7185381988
 21
-724487.0059603739
 31
0.0
1001
SUPPORT_DISTRIBUTION_UV
1000
clean_dxf_export_v1
1000
background
1000
corner_brace
1000
!T1 (站體)_角撐
1000
source_geometry
1000
CD54C
1071
893
  0
LINE
  5
411
330
17
100
AcDbEntity
  8
!T1 (站體)_角撐
100
AcDbLine
 10
362146.8505725548
 20
-724699.1379947299
 30
0.0
 11
362155.335853929
 21
-724690.6527133556
 31
0.0
1001
SUPPORT_DISTRIBUTION_UV
1000
clean_dxf_export_v1
1000
background
1000
corner_brace
1000
!T1 (站體)_角撐
1000
source_geometry
1000
CD54C
1071
894
  0
LINE
  5
412
330
17
100
AcDbEntity
  8
!T1 (站體)_角撐
100
AcDbLine
 10
361563.1718719719
 20
-724795.5694825641
 30
0.0
 11
361934.7185381988
 21
-724487.0059603739
 31
0.0
1001
SUPPORT_DISTRIBUTION_UV
1000
clean_dxf_export_v1
1000
background
1000
corner_brace
1000
!T1 (站體)_角撐
1000
source_geometry
1000
CD54C
1071
895
  0
LINE
  5
413
330
17
100
AcDbEntity
  8
!T1 (站體)_角撐
100
AcDbLine
 10
361563.1718719719
 20
-724833.5694825641
 30
0.0
 11
361563.1718719719
 21
-724795.5694825641
 31
0.0
1001
SUPPORT_DISTRIBUTION_UV
1000
clean_dxf_export_v1
1000
background
1000
corner_brace
1000
!T1 (站體)_角撐
1000
source_geometry
1000
CD54C
1071
896
  0
LINE
  5
414
330
17
100
AcDbEntity
  8
!T1 (站體)_角撐
100
AcDbLine
 10
361563.1718719719
 20
-724833.5694825641
 30
0.0
 11
361563.1718719719
 21
-724845.5694825641
 31
0.0
1001
SUPPORT_DISTRIBUTION_UV
1000
clean_dxf_export_v1
1000
background
1000
corner_brace
1000
!T1 (站體)_角撐
1000
source_geometry
1000
CD54C
1071
897
  0
LINE
  5
415
330
17
100
AcDbEntity
  8
!T1 (站體)_角撐
100
AcDbLine
 10
362038.1718719719
 20
-724845.5694825641
 30
0.0
 11
362038.1718719719
 21
-724833.5694825641
 31
0.0
1001
SUPPORT_DISTRIBUTION_UV
1000
clean_dxf_export_v1
1000
background
1000
corner_brace
1000
!T1 (站體)_角撐
1000
source_geometry
1000
CD54C
1071
898
  0
LINE
  5
416
330
17
100
AcDbEntity
  8
!T1 (站體)_角撐
100
AcDbLine
 10
361943.20381957304
 20
-724478.5206789997
 30
0.0
 11
362155.335853929
 21
-724690.6527133556
 31
0.0
1001
SUPPORT_DISTRIBUTION_UV
1000
clean_dxf_export_v1
1000
background
1000
corner_brace
1000
!T1 (站體)_角撐
1000
source_geometry
1000
CD54C
1071
899
  0
LINE
  5
417
330
17
100
AcDbEntity
  8
!T1 (站體)_角撐
100
AcDbLine
 10
362896.3837606125
 20
-723525.3407379602
 30
0.0
 11
363088.2870503646
 21
-723717.2440277123
 31
0.0
1001
SUPPORT_DISTRIBUTION_UV
1000
clean_dxf_export_v1
1000
background
1000
corner_brace
1000
!T1 (站體)_角撐
1000
source_geometry
1000
CD54C
1071
900
  0
LINE
  5
418
330
17
100
AcDbEntity
  8
!T1 (站體)_角撐
100
AcDbLine
 10
362896.3837606125
 20
-723525.3407379602
 30
0.0
 11
361943.20381957304
 21
-724478.5206789997
 31
0.0
1001
SUPPORT_DISTRIBUTION_UV
1000
clean_dxf_export_v1
1000
background
1000
corner_brace
1000
!T1 (站體)_角撐
1000
source_geometry
1000
CD54C
1071
901
  0
LINE
  5
419
330
17
100
AcDbEntity
  8
!T1 (站體)_角撐
100
AcDbLine
 10
362155.335853929
 20
-724690.6527133556
 30
0.0
 11
363088.2870503646
 21
-723757.7015169201
 31
0.0
1001
SUPPORT_DISTRIBUTION_UV
1000
clean_dxf_export_v1
1000
background
1000
corner_brace
1000
!T1 (站體)_角撐
1000
source_geometry
1000
CD54C
1071
902
  0
LINE
  5
41A
330
17
100
AcDbEntity
  8
!T1 (站體)_角撐
100
AcDbLine
 10
363088.2870503646
 20
-723295.9986649114
 30
0.0
 11
362904.86904198676
 21
-723516.855456586
 31
0.0
1001
SUPPORT_DISTRIBUTION_UV
1000
clean_dxf_export_v1
1000
background
1000
corner_brace
1000
!T1 (站體)_角撐
1000
source_geometry
1000
CD54C
1071
903
  0
LINE
  5
41B
330
17
100
AcDbEntity
  8
!T1 (站體)_角撐
100
AcDbLine
 10
362904.86904198676
 20
-723516.855456586
 30
0.0
 11
362896.3837606125
 21
-723525.3407379602
 31
0.0
1001
SUPPORT_DISTRIBUTION_UV
1000
clean_dxf_export_v1
1000
background
1000
corner_brace
1000
!T1 (站體)_角撐
1000
source_geometry
1000
CD54C
1071
904
  0
LINE
  5
41C
330
17
100
AcDbEntity
  8
!T1 (站體)_角撐
100
AcDbLine
 10
364421.2382468002
 20
-724690.6527133556
 30
0.0
 11
364633.37028115615
 21
-724478.5206789997
 31
0.0
1001
SUPPORT_DISTRIBUTION_UV
1000
clean_dxf_export_v1
1000
background
1000
corner_brace
1000
!T1 (站體)_角撐
1000
source_geometry
1000
CD54C
1071
905
  0
LINE
  5
41D
330
17
100
AcDbEntity
  8
!T1 (站體)_角撐
100
AcDbLine
 10
364538.4022287573
 20
-724845.5694825641
 30
0.0
 11
364538.4022287573
 21
-724833.5694825641
 31
0.0
1001
SUPPORT_DISTRIBUTION_UV
1000
clean_dxf_export_v1
1000
background
1000
corner_brace
1000
!T1 (站體)_角撐
1000
source_geometry
1000
CD54C
1071
906
  0
LINE
  5
41E
330
17
100
AcDbEntity
  8
!T1 (站體)_角撐
100
AcDbLine
 10
365013.4022287573
 20
-724833.5694825641
 30
0.0
 11
365013.4022287573
 21
-724845.5694825641
 31
0.0
1001
SUPPORT_DISTRIBUTION_UV
1000
clean_dxf_export_v1
1000
background
1000
corner_brace
1000
!T1 (站體)_角撐
1000
source_geometry
1000
CD54C
1071
907
  0
LINE
  5
41F
330
17
100
AcDbEntity
  8
!T1 (站體)_角撐
100
AcDbLine
 10
365013.4022287573
 20
-724833.5694825641
 30
0.0
 11
365013.4022287573
 21
-724795.5694825641
 31
0.0
1001
SUPPORT_DISTRIBUTION_UV
1000
clean_dxf_export_v1
1000
background
1000
corner_brace
1000
!T1 (站體)_角撐
1000
source_geometry
1000
CD54C
1071
908
  0
LINE
  5
420
330
17
100
AcDbEntity
  8
!T1 (站體)_角撐
100
AcDbLine
 10
365013.4022287573
 20
-724795.5694825641
 30
0.0
 11
364641.8555625304
 21
-724487.0059603739
 31
0.0
1001
SUPPORT_DISTRIBUTION_UV
1000
clean_dxf_export_v1
1000
background
1000
corner_brace
1000
!T1 (站體)_角撐
1000
source_geometry
1000
CD54C
1071
909
  0
LINE
  5
421
330
17
100
AcDbEntity
  8
!T1 (站體)_角撐
100
AcDbLine
 10
364429.72352817445
 20
-724699.1379947299
 30
0.0
 11
364421.2382468002
 21
-724690.6527133556
 31
0.0
1001
SUPPORT_DISTRIBUTION_UV
1000
clean_dxf_export_v1
1000
background
1000
corner_brace
1000
!T1 (站體)_角撐
1000
source_geometry
1000
CD54C
1071
910
  0
LINE
  5
422
330
17
100
AcDbEntity
  8
!T1 (站體)_角撐
100
AcDbLine
 10
364633.37028115615
 20
-724478.5206789997
 30
0.0
 11
364641.8555625304
 21
-724487.0059603739
 31
0.0
1001
SUPPORT_DISTRIBUTION_UV
1000
clean_dxf_export_v1
1000
background
1000
corner_brace
1000
!T1 (站體)_角撐
1000
source_geometry
1000
CD54C
1071
911
  0
LINE
  5
423
330
17
100
AcDbEntity
  8
!T1 (站體)_角撐
100
AcDbLine
 10
364538.4022287573
 20
-724833.5694825641
 30
0.0
 11
364429.72352817445
 21
-724699.1379947299
 31
0.0
1001
SUPPORT_DISTRIBUTION_UV
1000
clean_dxf_export_v1
1000
background
1000
corner_brace
1000
!T1 (站體)_角撐
1000
source_geometry
1000
CD54C
1071
912
  0
LINE
  5
424
330
17
100
AcDbEntity
  8
!T1 (站體)_角撐
100
AcDbLine
 10
363671.70505874243
 20
-723516.855456586
 30
0.0
 11
363680.1903401167
 21
-723525.3407379602
 31
0.0
1001
SUPPORT_DISTRIBUTION_UV
1000
clean_dxf_export_v1
1000
background
1000
corner_brace
1000
!T1 (站體)_角撐
1000
source_geometry
1000
CD54C
1071
913
  0
LINE
  5
425
330
17
100
AcDbEntity
  8
!T1 (站體)_角撐
100
AcDbLine
 10
363488.2870503646
 20
-723295.9986649114
 30
0.0
 11
363671.70505874243
 21
-723516.855456586
 31
0.0
1001
SUPPORT_DISTRIBUTION_UV
1000
clean_dxf_export_v1
1000
background
1000
corner_brace
1000
!T1 (站體)_角撐
1000
source_geometry
1000
CD54C
1071
914
  0
LINE
  5
426
330
17
100
AcDbEntity
  8
!T1 (站體)_角撐
100
AcDbLine
 10
364421.2382468002
 20
-724690.6527133556
 30
0.0
 11
363488.2870503646
 21
-723757.7015169201
 31
0.0
1001
SUPPORT_DISTRIBUTION_UV
1000
clean_dxf_export_v1
1000
background
1000
corner_brace
1000
!T1 (站體)_角撐
1000
source_geometry
1000
CD54C
1071
915
  0
LINE
  5
427
330
17
100
AcDbEntity
  8
!T1 (站體)_角撐
100
AcDbLine
 10
363680.1903401167
 20
-723525.3407379602
 30
0.0
 11
364633.37028115615
 21
-724478.5206789997
 31
0.0
1001
SUPPORT_DISTRIBUTION_UV
1000
clean_dxf_export_v1
1000
background
1000
corner_brace
1000
!T1 (站體)_角撐
1000
source_geometry
1000
CD54C
1071
916
  0
LINE
  5
428
330
17
100
AcDbEntity
  8
!T1 (站體)_角撐
100
AcDbLine
 10
363680.1903401167
 20
-723525.3407379602
 30
0.0
 11
363488.2870503646
 21
-723717.2440277123
 31
0.0
1001
SUPPORT_DISTRIBUTION_UV
1000
clean_dxf_export_v1
1000
background
1000
corner_brace
1000
!T1 (站體)_角撐
1000
source_geometry
1000
CD54C
1071
917
  0
LINE
  5
429
330
17
100
AcDbEntity
  8
!T1 (站體)_角撐
100
AcDbLine
 10
368038.1718719719
 20
-724833.5694825641
 30
0.0
 11
368146.8505725548
 21
-724699.1379947299
 31
0.0
1001
SUPPORT_DISTRIBUTION_UV
1000
clean_dxf_export_v1
1000
background
1000
corner_brace
1000
!T1 (站體)_角撐
1000
source_geometry
1000
CD54D
1071
918
  0
LINE
  5
42A
330
17
100
AcDbEntity
  8
!T1 (站體)_角撐
100
AcDbLine
 10
367943.20381957304
 20
-724478.5206789997
 30
0.0
 11
367934.7185381988
 21
-724487.0059603739
 31
0.0
1001
SUPPORT_DISTRIBUTION_UV
1000
clean_dxf_export_v1
1000
background
1000
corner_brace
1000
!T1 (站體)_角撐
1000
source_geometry
1000
CD54D
1071
919
  0
LINE
  5
42B
330
17
100
AcDbEntity
  8
!T1 (站體)_角撐
100
AcDbLine
 10
368146.8505725548
 20
-724699.1379947299
 30
0.0
 11
368155.335853929
 21
-724690.6527133556
 31
0.0
1001
SUPPORT_DISTRIBUTION_UV
1000
clean_dxf_export_v1
1000
background
1000
corner_brace
1000
!T1 (站體)_角撐
1000
source_geometry
1000
CD54D
1071
920
  0
LINE
  5
42C
330
17
100
AcDbEntity
  8
!T1 (站體)_角撐
100
AcDbLine
 10
367563.1718719719
 20
-724795.5694825641
 30
0.0
 11
367934.7185381988
 21
-724487.0059603739
 31
0.0
1001
SUPPORT_DISTRIBUTION_UV
1000
clean_dxf_export_v1
1000
background
1000
corner_brace
1000
!T1 (站體)_角撐
1000
source_geometry
1000
CD54D
1071
921
  0
LINE
  5
42D
330
17
100
AcDbEntity
  8
!T1 (站體)_角撐
100
AcDbLine
 10
367563.1718719719
 20
-724833.5694825641
 30
0.0
 11
367563.1718719719
 21
-724795.5694825641
 31
0.0
1001
SUPPORT_DISTRIBUTION_UV
1000
clean_dxf_export_v1
1000
background
1000
corner_brace
1000
!T1 (站體)_角撐
1000
source_geometry
1000
CD54D
1071
922
  0
LINE
  5
42E
330
17
100
AcDbEntity
  8
!T1 (站體)_角撐
100
AcDbLine
 10
367563.1718719719
 20
-724833.5694825641
 30
0.0
 11
367563.1718719719
 21
-724845.5694825641
 31
0.0
1001
SUPPORT_DISTRIBUTION_UV
1000
clean_dxf_export_v1
1000
background
1000
corner_brace
1000
!T1 (站體)_角撐
1000
source_geometry
1000
CD54D
1071
923
  0
LINE
  5
42F
330
17
100
AcDbEntity
  8
!T1 (站體)_角撐
100
AcDbLine
 10
368038.1718719719
 20
-724845.5694825641
 30
0.0
 11
368038.1718719719
 21
-724833.5694825641
 31
0.0
1001
SUPPORT_DISTRIBUTION_UV
1000
clean_dxf_export_v1
1000
background
1000
corner_brace
1000
!T1 (站體)_角撐
1000
source_geometry
1000
CD54D
1071
924
  0
LINE
  5
430
330
17
100
AcDbEntity
  8
!T1 (站體)_角撐
100
AcDbLine
 10
367943.20381957304
 20
-724478.5206789997
 30
0.0
 11
368155.335853929
 21
-724690.6527133556
 31
0.0
1001
SUPPORT_DISTRIBUTION_UV
1000
clean_dxf_export_v1
1000
background
1000
corner_brace
1000
!T1 (站體)_角撐
1000
source_geometry
1000
CD54D
1071
925
  0
LINE
  5
431
330
17
100
AcDbEntity
  8
!T1 (站體)_角撐
100
AcDbLine
 10
368896.3837606125
 20
-723525.3407379602
 30
0.0
 11
369088.2870503646
 21
-723717.2440277123
 31
0.0
1001
SUPPORT_DISTRIBUTION_UV
1000
clean_dxf_export_v1
1000
background
1000
corner_brace
1000
!T1 (站體)_角撐
1000
source_geometry
1000
CD54D
1071
926
  0
LINE
  5
432
330
17
100
AcDbEntity
  8
!T1 (站體)_角撐
100
AcDbLine
 10
368896.3837606125
 20
-723525.3407379602
 30
0.0
 11
367943.20381957304
 21
-724478.5206789997
 31
0.0
1001
SUPPORT_DISTRIBUTION_UV
1000
clean_dxf_export_v1
1000
background
1000
corner_brace
1000
!T1 (站體)_角撐
1000
source_geometry
1000
CD54D
1071
927
  0
LINE
  5
433
330
17
100
AcDbEntity
  8
!T1 (站體)_角撐
100
AcDbLine
 10
368155.335853929
 20
-724690.6527133556
 30
0.0
 11
369088.2870503646
 21
-723757.7015169201
 31
0.0
1001
SUPPORT_DISTRIBUTION_UV
1000
clean_dxf_export_v1
1000
background
1000
corner_brace
1000
!T1 (站體)_角撐
1000
source_geometry
1000
CD54D
1071
928
  0
LINE
  5
434
330
17
100
AcDbEntity
  8
!T1 (站體)_角撐
100
AcDbLine
 10
369088.2870503646
 20
-723295.9986649114
 30
0.0
 11
368904.86904198676
 21
-723516.855456586
 31
0.0
1001
SUPPORT_DISTRIBUTION_UV
1000
clean_dxf_export_v1
1000
background
1000
corner_brace
1000
!T1 (站體)_角撐
1000
source_geometry
1000
CD54D
1071
929
  0
LINE
  5
435
330
17
100
AcDbEntity
  8
!T1 (站體)_角撐
100
AcDbLine
 10
368904.86904198676
 20
-723516.855456586
 30
0.0
 11
368896.3837606125
 21
-723525.3407379602
 31
0.0
1001
SUPPORT_DISTRIBUTION_UV
1000
clean_dxf_export_v1
1000
background
1000
corner_brace
1000
!T1 (站體)_角撐
1000
source_geometry
1000
CD54D
1071
930
  0
LINE
  5
436
330
17
100
AcDbEntity
  8
!T1 (站體)_角撐
100
AcDbLine
 10
370421.2382468002
 20
-724690.6527133556
 30
0.0
 11
370633.37028115615
 21
-724478.5206789997
 31
0.0
1001
SUPPORT_DISTRIBUTION_UV
1000
clean_dxf_export_v1
1000
background
1000
corner_brace
1000
!T1 (站體)_角撐
1000
source_geometry
1000
CD54D
1071
931
  0
LINE
  5
437
330
17
100
AcDbEntity
  8
!T1 (站體)_角撐
100
AcDbLine
 10
370538.4022287573
 20
-724845.5694825641
 30
0.0
 11
370538.4022287573
 21
-724833.5694825641
 31
0.0
1001
SUPPORT_DISTRIBUTION_UV
1000
clean_dxf_export_v1
1000
background
1000
corner_brace
1000
!T1 (站體)_角撐
1000
source_geometry
1000
CD54D
1071
932
  0
LINE
  5
438
330
17
100
AcDbEntity
  8
!T1 (站體)_角撐
100
AcDbLine
 10
371013.4022287573
 20
-724833.5694825641
 30
0.0
 11
371013.4022287573
 21
-724845.5694825641
 31
0.0
1001
SUPPORT_DISTRIBUTION_UV
1000
clean_dxf_export_v1
1000
background
1000
corner_brace
1000
!T1 (站體)_角撐
1000
source_geometry
1000
CD54D
1071
933
  0
LINE
  5
439
330
17
100
AcDbEntity
  8
!T1 (站體)_角撐
100
AcDbLine
 10
371013.4022287573
 20
-724833.5694825641
 30
0.0
 11
371013.4022287573
 21
-724795.5694825641
 31
0.0
1001
SUPPORT_DISTRIBUTION_UV
1000
clean_dxf_export_v1
1000
background
1000
corner_brace
1000
!T1 (站體)_角撐
1000
source_geometry
1000
CD54D
1071
934
  0
LINE
  5
43A
330
17
100
AcDbEntity
  8
!T1 (站體)_角撐
100
AcDbLine
 10
371013.4022287573
 20
-724795.5694825641
 30
0.0
 11
370641.8555625304
 21
-724487.0059603739
 31
0.0
1001
SUPPORT_DISTRIBUTION_UV
1000
clean_dxf_export_v1
1000
background
1000
corner_brace
1000
!T1 (站體)_角撐
1000
source_geometry
1000
CD54D
1071
935
  0
LINE
  5
43B
330
17
100
AcDbEntity
  8
!T1 (站體)_角撐
100
AcDbLine
 10
370429.72352817445
 20
-724699.1379947299
 30
0.0
 11
370421.2382468002
 21
-724690.6527133556
 31
0.0
1001
SUPPORT_DISTRIBUTION_UV
1000
clean_dxf_export_v1
1000
background
1000
corner_brace
1000
!T1 (站體)_角撐
1000
source_geometry
1000
CD54D
1071
936
  0
LINE
  5
43C
330
17
100
AcDbEntity
  8
!T1 (站體)_角撐
100
AcDbLine
 10
370633.37028115615
 20
-724478.5206789997
 30
0.0
 11
370641.8555625304
 21
-724487.0059603739
 31
0.0
1001
SUPPORT_DISTRIBUTION_UV
1000
clean_dxf_export_v1
1000
background
1000
corner_brace
1000
!T1 (站體)_角撐
1000
source_geometry
1000
CD54D
1071
937
  0
LINE
  5
43D
330
17
100
AcDbEntity
  8
!T1 (站體)_角撐
100
AcDbLine
 10
370538.4022287573
 20
-724833.5694825641
 30
0.0
 11
370429.72352817445
 21
-724699.1379947299
 31
0.0
1001
SUPPORT_DISTRIBUTION_UV
1000
clean_dxf_export_v1
1000
background
1000
corner_brace
1000
!T1 (站體)_角撐
1000
source_geometry
1000
CD54D
1071
938
  0
LINE
  5
43E
330
17
100
AcDbEntity
  8
!T1 (站體)_角撐
100
AcDbLine
 10
369671.70505874243
 20
-723516.855456586
 30
0.0
 11
369680.1903401167
 21
-723525.3407379602
 31
0.0
1001
SUPPORT_DISTRIBUTION_UV
1000
clean_dxf_export_v1
1000
background
1000
corner_brace
1000
!T1 (站體)_角撐
1000
source_geometry
1000
CD54D
1071
939
  0
LINE
  5
43F
330
17
100
AcDbEntity
  8
!T1 (站體)_角撐
100
AcDbLine
 10
369488.2870503646
 20
-723295.9986649114
 30
0.0
 11
369671.70505874243
 21
-723516.855456586
 31
0.0
1001
SUPPORT_DISTRIBUTION_UV
1000
clean_dxf_export_v1
1000
background
1000
corner_brace
1000
!T1 (站體)_角撐
1000
source_geometry
1000
CD54D
1071
940
  0
LINE
  5
440
330
17
100
AcDbEntity
  8
!T1 (站體)_角撐
100
AcDbLine
 10
370421.2382468002
 20
-724690.6527133556
 30
0.0
 11
369488.2870503646
 21
-723757.7015169201
 31
0.0
1001
SUPPORT_DISTRIBUTION_UV
1000
clean_dxf_export_v1
1000
background
1000
corner_brace
1000
!T1 (站體)_角撐
1000
source_geometry
1000
CD54D
1071
941
  0
LINE
  5
441
330
17
100
AcDbEntity
  8
!T1 (站體)_角撐
100
AcDbLine
 10
369680.1903401167
 20
-723525.3407379602
 30
0.0
 11
370633.37028115615
 21
-724478.5206789997
 31
0.0
1001
SUPPORT_DISTRIBUTION_UV
1000
clean_dxf_export_v1
1000
background
1000
corner_brace
1000
!T1 (站體)_角撐
1000
source_geometry
1000
CD54D
1071
942
  0
LINE
  5
442
330
17
100
AcDbEntity
  8
!T1 (站體)_角撐
100
AcDbLine
 10
369680.1903401167
 20
-723525.3407379602
 30
0.0
 11
369488.2870503646
 21
-723717.2440277123
 31
0.0
1001
SUPPORT_DISTRIBUTION_UV
1000
clean_dxf_export_v1
1000
background
1000
corner_brace
1000
!T1 (站體)_角撐
1000
source_geometry
1000
CD54D
1071
943
  0
LINE
  5
443
330
17
100
AcDbEntity
  8
!T1 (站體)_角撐
100
AcDbLine
 10
373038.1718719719
 20
-724833.5694825641
 30
0.0
 11
373146.8505725548
 21
-724699.1379947299
 31
0.0
1001
SUPPORT_DISTRIBUTION_UV
1000
clean_dxf_export_v1
1000
background
1000
corner_brace
1000
!T1 (站體)_角撐
1000
source_geometry
1000
CD54E
1071
944
  0
LINE
  5
444
330
17
100
AcDbEntity
  8
!T1 (站體)_角撐
100
AcDbLine
 10
372943.20381957304
 20
-724478.5206789997
 30
0.0
 11
372934.7185381988
 21
-724487.0059603739
 31
0.0
1001
SUPPORT_DISTRIBUTION_UV
1000
clean_dxf_export_v1
1000
background
1000
corner_brace
1000
!T1 (站體)_角撐
1000
source_geometry
1000
CD54E
1071
945
  0
LINE
  5
445
330
17
100
AcDbEntity
  8
!T1 (站體)_角撐
100
AcDbLine
 10
373146.8505725548
 20
-724699.1379947299
 30
0.0
 11
373155.335853929
 21
-724690.6527133556
 31
0.0
1001
SUPPORT_DISTRIBUTION_UV
1000
clean_dxf_export_v1
1000
background
1000
corner_brace
1000
!T1 (站體)_角撐
1000
source_geometry
1000
CD54E
1071
946
  0
LINE
  5
446
330
17
100
AcDbEntity
  8
!T1 (站體)_角撐
100
AcDbLine
 10
372563.1718719719
 20
-724795.5694825641
 30
0.0
 11
372934.7185381988
 21
-724487.0059603739
 31
0.0
1001
SUPPORT_DISTRIBUTION_UV
1000
clean_dxf_export_v1
1000
background
1000
corner_brace
1000
!T1 (站體)_角撐
1000
source_geometry
1000
CD54E
1071
947
  0
LINE
  5
447
330
17
100
AcDbEntity
  8
!T1 (站體)_角撐
100
AcDbLine
 10
372563.1718719719
 20
-724833.5694825641
 30
0.0
 11
372563.1718719719
 21
-724795.5694825641
 31
0.0
1001
SUPPORT_DISTRIBUTION_UV
1000
clean_dxf_export_v1
1000
background
1000
corner_brace
1000
!T1 (站體)_角撐
1000
source_geometry
1000
CD54E
1071
948
  0
LINE
  5
448
330
17
100
AcDbEntity
  8
!T1 (站體)_角撐
100
AcDbLine
 10
372563.1718719719
 20
-724833.5694825641
 30
0.0
 11
372563.1718719719
 21
-724845.5694825641
 31
0.0
1001
SUPPORT_DISTRIBUTION_UV
1000
clean_dxf_export_v1
1000
background
1000
corner_brace
1000
!T1 (站體)_角撐
1000
source_geometry
1000
CD54E
1071
949
  0
LINE
  5
449
330
17
100
AcDbEntity
  8
!T1 (站體)_角撐
100
AcDbLine
 10
373038.1718719719
 20
-724845.5694825641
 30
0.0
 11
373038.1718719719
 21
-724833.5694825641
 31
0.0
1001
SUPPORT_DISTRIBUTION_UV
1000
clean_dxf_export_v1
1000
background
1000
corner_brace
1000
!T1 (站體)_角撐
1000
source_geometry
1000
CD54E
1071
950
  0
LINE
  5
44A
330
17
100
AcDbEntity
  8
!T1 (站體)_角撐
100
AcDbLine
 10
372943.20381957304
 20
-724478.5206789997
 30
0.0
 11
373155.335853929
 21
-724690.6527133556
 31
0.0
1001
SUPPORT_DISTRIBUTION_UV
1000
clean_dxf_export_v1
1000
background
1000
corner_brace
1000
!T1 (站體)_角撐
1000
source_geometry
1000
CD54E
1071
951
  0
LINE
  5
44B
330
17
100
AcDbEntity
  8
!T1 (站體)_角撐
100
AcDbLine
 10
373896.3837606125
 20
-723525.3407379602
 30
0.0
 11
374088.2870503646
 21
-723717.2440277123
 31
0.0
1001
SUPPORT_DISTRIBUTION_UV
1000
clean_dxf_export_v1
1000
background
1000
corner_brace
1000
!T1 (站體)_角撐
1000
source_geometry
1000
CD54E
1071
952
  0
LINE
  5
44C
330
17
100
AcDbEntity
  8
!T1 (站體)_角撐
100
AcDbLine
 10
373896.3837606125
 20
-723525.3407379602
 30
0.0
 11
372943.20381957304
 21
-724478.5206789997
 31
0.0
1001
SUPPORT_DISTRIBUTION_UV
1000
clean_dxf_export_v1
1000
background
1000
corner_brace
1000
!T1 (站體)_角撐
1000
source_geometry
1000
CD54E
1071
953
  0
LINE
  5
44D
330
17
100
AcDbEntity
  8
!T1 (站體)_角撐
100
AcDbLine
 10
373155.335853929
 20
-724690.6527133556
 30
0.0
 11
374088.2870503646
 21
-723757.7015169201
 31
0.0
1001
SUPPORT_DISTRIBUTION_UV
1000
clean_dxf_export_v1
1000
background
1000
corner_brace
1000
!T1 (站體)_角撐
1000
source_geometry
1000
CD54E
1071
954
  0
LINE
  5
44E
330
17
100
AcDbEntity
  8
!T1 (站體)_角撐
100
AcDbLine
 10
374088.2870503646
 20
-723295.9986649114
 30
0.0
 11
373904.86904198676
 21
-723516.855456586
 31
0.0
1001
SUPPORT_DISTRIBUTION_UV
1000
clean_dxf_export_v1
1000
background
1000
corner_brace
1000
!T1 (站體)_角撐
1000
source_geometry
1000
CD54E
1071
955
  0
LINE
  5
44F
330
17
100
AcDbEntity
  8
!T1 (站體)_角撐
100
AcDbLine
 10
373904.86904198676
 20
-723516.855456586
 30
0.0
 11
373896.3837606125
 21
-723525.3407379602
 31
0.0
1001
SUPPORT_DISTRIBUTION_UV
1000
clean_dxf_export_v1
1000
background
1000
corner_brace
1000
!T1 (站體)_角撐
1000
source_geometry
1000
CD54E
1071
956
  0
LINE
  5
450
330
17
100
AcDbEntity
  8
!T1 (站體)_角撐
100
AcDbLine
 10
375421.2382468002
 20
-724690.6527133556
 30
0.0
 11
375633.37028115615
 21
-724478.5206789997
 31
0.0
1001
SUPPORT_DISTRIBUTION_UV
1000
clean_dxf_export_v1
1000
background
1000
corner_brace
1000
!T1 (站體)_角撐
1000
source_geometry
1000
CD54E
1071
957
  0
LINE
  5
451
330
17
100
AcDbEntity
  8
!T1 (站體)_角撐
100
AcDbLine
 10
375538.4022287573
 20
-724845.5694825641
 30
0.0
 11
375538.4022287573
 21
-724833.5694825641
 31
0.0
1001
SUPPORT_DISTRIBUTION_UV
1000
clean_dxf_export_v1
1000
background
1000
corner_brace
1000
!T1 (站體)_角撐
1000
source_geometry
1000
CD54E
1071
958
  0
LINE
  5
452
330
17
100
AcDbEntity
  8
!T1 (站體)_角撐
100
AcDbLine
 10
376013.4022287573
 20
-724833.5694825641
 30
0.0
 11
376013.4022287573
 21
-724845.5694825641
 31
0.0
1001
SUPPORT_DISTRIBUTION_UV
1000
clean_dxf_export_v1
1000
background
1000
corner_brace
1000
!T1 (站體)_角撐
1000
source_geometry
1000
CD54E
1071
959
  0
LINE
  5
453
330
17
100
AcDbEntity
  8
!T1 (站體)_角撐
100
AcDbLine
 10
376013.4022287573
 20
-724833.5694825641
 30
0.0
 11
376013.4022287573
 21
-724795.5694825641
 31
0.0
1001
SUPPORT_DISTRIBUTION_UV
1000
clean_dxf_export_v1
1000
background
1000
corner_brace
1000
!T1 (站體)_角撐
1000
source_geometry
1000
CD54E
1071
960
  0
LINE
  5
454
330
17
100
AcDbEntity
  8
!T1 (站體)_角撐
100
AcDbLine
 10
376013.4022287573
 20
-724795.5694825641
 30
0.0
 11
375641.8555625304
 21
-724487.0059603739
 31
0.0
1001
SUPPORT_DISTRIBUTION_UV
1000
clean_dxf_export_v1
1000
background
1000
corner_brace
1000
!T1 (站體)_角撐
1000
source_geometry
1000
CD54E
1071
961
  0
LINE
  5
455
330
17
100
AcDbEntity
  8
!T1 (站體)_角撐
100
AcDbLine
 10
375429.72352817445
 20
-724699.1379947299
 30
0.0
 11
375421.2382468002
 21
-724690.6527133556
 31
0.0
1001
SUPPORT_DISTRIBUTION_UV
1000
clean_dxf_export_v1
1000
background
1000
corner_brace
1000
!T1 (站體)_角撐
1000
source_geometry
1000
CD54E
1071
962
  0
LINE
  5
456
330
17
100
AcDbEntity
  8
!T1 (站體)_角撐
100
AcDbLine
 10
375633.37028115615
 20
-724478.5206789997
 30
0.0
 11
375641.8555625304
 21
-724487.0059603739
 31
0.0
1001
SUPPORT_DISTRIBUTION_UV
1000
clean_dxf_export_v1
1000
background
1000
corner_brace
1000
!T1 (站體)_角撐
1000
source_geometry
1000
CD54E
1071
963
  0
LINE
  5
457
330
17
100
AcDbEntity
  8
!T1 (站體)_角撐
100
AcDbLine
 10
375538.4022287573
 20
-724833.5694825641
 30
0.0
 11
375429.72352817445
 21
-724699.1379947299
 31
0.0
1001
SUPPORT_DISTRIBUTION_UV
1000
clean_dxf_export_v1
1000
background
1000
corner_brace
1000
!T1 (站體)_角撐
1000
source_geometry
1000
CD54E
1071
964
  0
LINE
  5
458
330
17
100
AcDbEntity
  8
!T1 (站體)_角撐
100
AcDbLine
 10
374671.70505874243
 20
-723516.855456586
 30
0.0
 11
374680.1903401167
 21
-723525.3407379602
 31
0.0
1001
SUPPORT_DISTRIBUTION_UV
1000
clean_dxf_export_v1
1000
background
1000
corner_brace
1000
!T1 (站體)_角撐
1000
source_geometry
1000
CD54E
1071
965
  0
LINE
  5
459
330
17
100
AcDbEntity
  8
!T1 (站體)_角撐
100
AcDbLine
 10
374488.2870503646
 20
-723295.9986649114
 30
0.0
 11
374671.70505874243
 21
-723516.855456586
 31
0.0
1001
SUPPORT_DISTRIBUTION_UV
1000
clean_dxf_export_v1
1000
background
1000
corner_brace
1000
!T1 (站體)_角撐
1000
source_geometry
1000
CD54E
1071
966
  0
LINE
  5
45A
330
17
100
AcDbEntity
  8
!T1 (站體)_角撐
100
AcDbLine
 10
375421.2382468002
 20
-724690.6527133556
 30
0.0
 11
374488.2870503646
 21
-723757.7015169201
 31
0.0
1001
SUPPORT_DISTRIBUTION_UV
1000
clean_dxf_export_v1
1000
background
1000
corner_brace
1000
!T1 (站體)_角撐
1000
source_geometry
1000
CD54E
1071
967
  0
LINE
  5
45B
330
17
100
AcDbEntity
  8
!T1 (站體)_角撐
100
AcDbLine
 10
374680.1903401167
 20
-723525.3407379602
 30
0.0
 11
375633.37028115615
 21
-724478.5206789997
 31
0.0
1001
SUPPORT_DISTRIBUTION_UV
1000
clean_dxf_export_v1
1000
background
1000
corner_brace
1000
!T1 (站體)_角撐
1000
source_geometry
1000
CD54E
1071
968
  0
LINE
  5
45C
330
17
100
AcDbEntity
  8
!T1 (站體)_角撐
100
AcDbLine
 10
374680.1903401167
 20
-723525.3407379602
 30
0.0
 11
374488.2870503646
 21
-723717.2440277123
 31
0.0
1001
SUPPORT_DISTRIBUTION_UV
1000
clean_dxf_export_v1
1000
background
1000
corner_brace
1000
!T1 (站體)_角撐
1000
source_geometry
1000
CD54E
1071
969
  0
LINE
  5
45D
330
17
100
AcDbEntity
  8
!T1 (站體)_角撐
100
AcDbLine
 10
379038.1718719719
 20
-724833.5694825641
 30
0.0
 11
379146.8505725548
 21
-724699.1379947299
 31
0.0
1001
SUPPORT_DISTRIBUTION_UV
1000
clean_dxf_export_v1
1000
background
1000
corner_brace
1000
!T1 (站體)_角撐
1000
source_geometry
1000
CD54F
1071
970
  0
LINE
  5
45E
330
17
100
AcDbEntity
  8
!T1 (站體)_角撐
100
AcDbLine
 10
378943.20381957304
 20
-724478.5206789997
 30
0.0
 11
378934.7185381988
 21
-724487.0059603739
 31
0.0
1001
SUPPORT_DISTRIBUTION_UV
1000
clean_dxf_export_v1
1000
background
1000
corner_brace
1000
!T1 (站體)_角撐
1000
source_geometry
1000
CD54F
1071
971
  0
LINE
  5
45F
330
17
100
AcDbEntity
  8
!T1 (站體)_角撐
100
AcDbLine
 10
379146.8505725548
 20
-724699.1379947299
 30
0.0
 11
379155.335853929
 21
-724690.6527133556
 31
0.0
1001
SUPPORT_DISTRIBUTION_UV
1000
clean_dxf_export_v1
1000
background
1000
corner_brace
1000
!T1 (站體)_角撐
1000
source_geometry
1000
CD54F
1071
972
  0
LINE
  5
460
330
17
100
AcDbEntity
  8
!T1 (站體)_角撐
100
AcDbLine
 10
378563.1718719719
 20
-724795.5694825641
 30
0.0
 11
378934.7185381988
 21
-724487.0059603739
 31
0.0
1001
SUPPORT_DISTRIBUTION_UV
1000
clean_dxf_export_v1
1000
background
1000
corner_brace
1000
!T1 (站體)_角撐
1000
source_geometry
1000
CD54F
1071
973
  0
LINE
  5
461
330
17
100
AcDbEntity
  8
!T1 (站體)_角撐
100
AcDbLine
 10
378563.1718719719
 20
-724833.5694825641
 30
0.0
 11
378563.1718719719
 21
-724795.5694825641
 31
0.0
1001
SUPPORT_DISTRIBUTION_UV
1000
clean_dxf_export_v1
1000
background
1000
corner_brace
1000
!T1 (站體)_角撐
1000
source_geometry
1000
CD54F
1071
974
  0
LINE
  5
462
330
17
100
AcDbEntity
  8
!T1 (站體)_角撐
100
AcDbLine
 10
378563.1718719719
 20
-724833.5694825641
 30
0.0
 11
378563.1718719719
 21
-724845.5694825641
 31
0.0
1001
SUPPORT_DISTRIBUTION_UV
1000
clean_dxf_export_v1
1000
background
1000
corner_brace
1000
!T1 (站體)_角撐
1000
source_geometry
1000
CD54F
1071
975
  0
LINE
  5
463
330
17
100
AcDbEntity
  8
!T1 (站體)_角撐
100
AcDbLine
 10
379038.1718719719
 20
-724845.5694825641
 30
0.0
 11
379038.1718719719
 21
-724833.5694825641
 31
0.0
1001
SUPPORT_DISTRIBUTION_UV
1000
clean_dxf_export_v1
1000
background
1000
corner_brace
1000
!T1 (站體)_角撐
1000
source_geometry
1000
CD54F
1071
976
  0
LINE
  5
464
330
17
100
AcDbEntity
  8
!T1 (站體)_角撐
100
AcDbLine
 10
378943.20381957304
 20
-724478.5206789997
 30
0.0
 11
379155.335853929
 21
-724690.6527133556
 31
0.0
1001
SUPPORT_DISTRIBUTION_UV
1000
clean_dxf_export_v1
1000
background
1000
corner_brace
1000
!T1 (站體)_角撐
1000
source_geometry
1000
CD54F
1071
977
  0
LINE
  5
465
330
17
100
AcDbEntity
  8
!T1 (站體)_角撐
100
AcDbLine
 10
379896.3837606125
 20
-723525.3407379602
 30
0.0
 11
380088.2870503646
 21
-723717.2440277123
 31
0.0
1001
SUPPORT_DISTRIBUTION_UV
1000
clean_dxf_export_v1
1000
background
1000
corner_brace
1000
!T1 (站體)_角撐
1000
source_geometry
1000
CD54F
1071
978
  0
LINE
  5
466
330
17
100
AcDbEntity
  8
!T1 (站體)_角撐
100
AcDbLine
 10
379896.3837606125
 20
-723525.3407379602
 30
0.0
 11
378943.20381957304
 21
-724478.5206789997
 31
0.0
1001
SUPPORT_DISTRIBUTION_UV
1000
clean_dxf_export_v1
1000
background
1000
corner_brace
1000
!T1 (站體)_角撐
1000
source_geometry
1000
CD54F
1071
979
  0
LINE
  5
467
330
17
100
AcDbEntity
  8
!T1 (站體)_角撐
100
AcDbLine
 10
379155.335853929
 20
-724690.6527133556
 30
0.0
 11
380088.2870503646
 21
-723757.7015169201
 31
0.0
1001
SUPPORT_DISTRIBUTION_UV
1000
clean_dxf_export_v1
1000
background
1000
corner_brace
1000
!T1 (站體)_角撐
1000
source_geometry
1000
CD54F
1071
980
  0
LINE
  5
468
330
17
100
AcDbEntity
  8
!T1 (站體)_角撐
100
AcDbLine
 10
380088.2870503646
 20
-723295.9986649114
 30
0.0
 11
379904.86904198676
 21
-723516.855456586
 31
0.0
1001
SUPPORT_DISTRIBUTION_UV
1000
clean_dxf_export_v1
1000
background
1000
corner_brace
1000
!T1 (站體)_角撐
1000
source_geometry
1000
CD54F
1071
981
  0
LINE
  5
469
330
17
100
AcDbEntity
  8
!T1 (站體)_角撐
100
AcDbLine
 10
379904.86904198676
 20
-723516.855456586
 30
0.0
 11
379896.3837606125
 21
-723525.3407379602
 31
0.0
1001
SUPPORT_DISTRIBUTION_UV
1000
clean_dxf_export_v1
1000
background
1000
corner_brace
1000
!T1 (站體)_角撐
1000
source_geometry
1000
CD54F
1071
982
  0
LINE
  5
46A
330
17
100
AcDbEntity
  8
!T1 (站體)_角撐
100
AcDbLine
 10
381421.2382468002
 20
-724690.6527133556
 30
0.0
 11
381633.37028115615
 21
-724478.5206789997
 31
0.0
1001
SUPPORT_DISTRIBUTION_UV
1000
clean_dxf_export_v1
1000
background
1000
corner_brace
1000
!T1 (站體)_角撐
1000
source_geometry
1000
CD54F
1071
983
  0
LINE
  5
46B
330
17
100
AcDbEntity
  8
!T1 (站體)_角撐
100
AcDbLine
 10
381538.4022287573
 20
-724845.5694825641
 30
0.0
 11
381538.4022287573
 21
-724833.5694825641
 31
0.0
1001
SUPPORT_DISTRIBUTION_UV
1000
clean_dxf_export_v1
1000
background
1000
corner_brace
1000
!T1 (站體)_角撐
1000
source_geometry
1000
CD54F
1071
984
  0
LINE
  5
46C
330
17
100
AcDbEntity
  8
!T1 (站體)_角撐
100
AcDbLine
 10
382013.4022287573
 20
-724833.5694825641
 30
0.0
 11
382013.4022287573
 21
-724845.5694825641
 31
0.0
1001
SUPPORT_DISTRIBUTION_UV
1000
clean_dxf_export_v1
1000
background
1000
corner_brace
1000
!T1 (站體)_角撐
1000
source_geometry
1000
CD54F
1071
985
  0
LINE
  5
46D
330
17
100
AcDbEntity
  8
!T1 (站體)_角撐
100
AcDbLine
 10
382013.4022287573
 20
-724833.5694825641
 30
0.0
 11
382013.4022287573
 21
-724795.5694825641
 31
0.0
1001
SUPPORT_DISTRIBUTION_UV
1000
clean_dxf_export_v1
1000
background
1000
corner_brace
1000
!T1 (站體)_角撐
1000
source_geometry
1000
CD54F
1071
986
  0
LINE
  5
46E
330
17
100
AcDbEntity
  8
!T1 (站體)_角撐
100
AcDbLine
 10
382013.4022287573
 20
-724795.5694825641
 30
0.0
 11
381641.8555625304
 21
-724487.0059603739
 31
0.0
1001
SUPPORT_DISTRIBUTION_UV
1000
clean_dxf_export_v1
1000
background
1000
corner_brace
1000
!T1 (站體)_角撐
1000
source_geometry
1000
CD54F
1071
987
  0
LINE
  5
46F
330
17
100
AcDbEntity
  8
!T1 (站體)_角撐
100
AcDbLine
 10
381429.72352817445
 20
-724699.1379947299
 30
0.0
 11
381421.2382468002
 21
-724690.6527133556
 31
0.0
1001
SUPPORT_DISTRIBUTION_UV
1000
clean_dxf_export_v1
1000
background
1000
corner_brace
1000
!T1 (站體)_角撐
1000
source_geometry
1000
CD54F
1071
988
  0
LINE
  5
470
330
17
100
AcDbEntity
  8
!T1 (站體)_角撐
100
AcDbLine
 10
381633.37028115615
 20
-724478.5206789997
 30
0.0
 11
381641.8555625304
 21
-724487.0059603739
 31
0.0
1001
SUPPORT_DISTRIBUTION_UV
1000
clean_dxf_export_v1
1000
background
1000
corner_brace
1000
!T1 (站體)_角撐
1000
source_geometry
1000
CD54F
1071
989
  0
LINE
  5
471
330
17
100
AcDbEntity
  8
!T1 (站體)_角撐
100
AcDbLine
 10
381538.4022287573
 20
-724833.5694825641
 30
0.0
 11
381429.72352817445
 21
-724699.1379947299
 31
0.0
1001
SUPPORT_DISTRIBUTION_UV
1000
clean_dxf_export_v1
1000
background
1000
corner_brace
1000
!T1 (站體)_角撐
1000
source_geometry
1000
CD54F
1071
990
  0
LINE
  5
472
330
17
100
AcDbEntity
  8
!T1 (站體)_角撐
100
AcDbLine
 10
380671.70505874243
 20
-723516.855456586
 30
0.0
 11
380680.1903401167
 21
-723525.3407379602
 31
0.0
1001
SUPPORT_DISTRIBUTION_UV
1000
clean_dxf_export_v1
1000
background
1000
corner_brace
1000
!T1 (站體)_角撐
1000
source_geometry
1000
CD54F
1071
991
  0
LINE
  5
473
330
17
100
AcDbEntity
  8
!T1 (站體)_角撐
100
AcDbLine
 10
380488.2870503646
 20
-723295.9986649114
 30
0.0
 11
380671.70505874243
 21
-723516.855456586
 31
0.0
1001
SUPPORT_DISTRIBUTION_UV
1000
clean_dxf_export_v1
1000
background
1000
corner_brace
1000
!T1 (站體)_角撐
1000
source_geometry
1000
CD54F
1071
992
  0
LINE
  5
474
330
17
100
AcDbEntity
  8
!T1 (站體)_角撐
100
AcDbLine
 10
381421.2382468002
 20
-724690.6527133556
 30
0.0
 11
380488.2870503646
 21
-723757.7015169201
 31
0.0
1001
SUPPORT_DISTRIBUTION_UV
1000
clean_dxf_export_v1
1000
background
1000
corner_brace
1000
!T1 (站體)_角撐
1000
source_geometry
1000
CD54F
1071
993
  0
LINE
  5
475
330
17
100
AcDbEntity
  8
!T1 (站體)_角撐
100
AcDbLine
 10
380680.1903401167
 20
-723525.3407379602
 30
0.0
 11
381633.37028115615
 21
-724478.5206789997
 31
0.0
1001
SUPPORT_DISTRIBUTION_UV
1000
clean_dxf_export_v1
1000
background
1000
corner_brace
1000
!T1 (站體)_角撐
1000
source_geometry
1000
CD54F
1071
994
  0
LINE
  5
476
330
17
100
AcDbEntity
  8
!T1 (站體)_角撐
100
AcDbLine
 10
380680.1903401167
 20
-723525.3407379602
 30
0.0
 11
380488.2870503646
 21
-723717.2440277123
 31
0.0
1001
SUPPORT_DISTRIBUTION_UV
1000
clean_dxf_export_v1
1000
background
1000
corner_brace
1000
!T1 (站體)_角撐
1000
source_geometry
1000
CD54F
1071
995
  0
LINE
  5
477
330
17
100
AcDbEntity
  8
!T1 (站體)_角撐
100
AcDbLine
 10
385038.1718719719
 20
-724833.5694825641
 30
0.0
 11
385146.8505725548
 21
-724699.1379947299
 31
0.0
1001
SUPPORT_DISTRIBUTION_UV
1000
clean_dxf_export_v1
1000
background
1000
corner_brace
1000
!T1 (站體)_角撐
1000
source_geometry
1000
CD550
1071
996
  0
LINE
  5
478
330
17
100
AcDbEntity
  8
!T1 (站體)_角撐
100
AcDbLine
 10
384943.20381957304
 20
-724478.5206789997
 30
0.0
 11
384934.7185381988
 21
-724487.0059603739
 31
0.0
1001
SUPPORT_DISTRIBUTION_UV
1000
clean_dxf_export_v1
1000
background
1000
corner_brace
1000
!T1 (站體)_角撐
1000
source_geometry
1000
CD550
1071
997
  0
LINE
  5
479
330
17
100
AcDbEntity
  8
!T1 (站體)_角撐
100
AcDbLine
 10
385146.8505725548
 20
-724699.1379947299
 30
0.0
 11
385155.335853929
 21
-724690.6527133556
 31
0.0
1001
SUPPORT_DISTRIBUTION_UV
1000
clean_dxf_export_v1
1000
background
1000
corner_brace
1000
!T1 (站體)_角撐
1000
source_geometry
1000
CD550
1071
998
  0
LINE
  5
47A
330
17
100
AcDbEntity
  8
!T1 (站體)_角撐
100
AcDbLine
 10
384563.1718719719
 20
-724795.5694825641
 30
0.0
 11
384934.7185381988
 21
-724487.0059603739
 31
0.0
1001
SUPPORT_DISTRIBUTION_UV
1000
clean_dxf_export_v1
1000
background
1000
corner_brace
1000
!T1 (站體)_角撐
1000
source_geometry
1000
CD550
1071
999
  0
LINE
  5
47B
330
17
100
AcDbEntity
  8
!T1 (站體)_角撐
100
AcDbLine
 10
384563.1718719719
 20
-724833.5694825641
 30
0.0
 11
384563.1718719719
 21
-724795.5694825641
 31
0.0
1001
SUPPORT_DISTRIBUTION_UV
1000
clean_dxf_export_v1
1000
background
1000
corner_brace
1000
!T1 (站體)_角撐
1000
source_geometry
1000
CD550
1071
1000
  0
LINE
  5
47C
330
17
100
AcDbEntity
  8
!T1 (站體)_角撐
100
AcDbLine
 10
384563.1718719719
 20
-724833.5694825641
 30
0.0
 11
384563.1718719719
 21
-724845.5694825641
 31
0.0
1001
SUPPORT_DISTRIBUTION_UV
1000
clean_dxf_export_v1
1000
background
1000
corner_brace
1000
!T1 (站體)_角撐
1000
source_geometry
1000
CD550
1071
1001
  0
LINE
  5
47D
330
17
100
AcDbEntity
  8
!T1 (站體)_角撐
100
AcDbLine
 10
385038.1718719719
 20
-724845.5694825641
 30
0.0
 11
385038.1718719719
 21
-724833.5694825641
 31
0.0
1001
SUPPORT_DISTRIBUTION_UV
1000
clean_dxf_export_v1
1000
background
1000
corner_brace
1000
!T1 (站體)_角撐
1000
source_geometry
1000
CD550
1071
1002
  0
LINE
  5
47E
330
17
100
AcDbEntity
  8
!T1 (站體)_角撐
100
AcDbLine
 10
384943.20381957304
 20
-724478.5206789997
 30
0.0
 11
385155.335853929
 21
-724690.6527133556
 31
0.0
1001
SUPPORT_DISTRIBUTION_UV
1000
clean_dxf_export_v1
1000
background
1000
corner_brace
1000
!T1 (站體)_角撐
1000
source_geometry
1000
CD550
1071
1003
  0
LINE
  5
47F
330
17
100
AcDbEntity
  8
!T1 (站體)_角撐
100
AcDbLine
 10
385896.3837606125
 20
-723525.3407379602
 30
0.0
 11
386088.2870503646
 21
-723717.2440277123
 31
0.0
1001
SUPPORT_DISTRIBUTION_UV
1000
clean_dxf_export_v1
1000
background
1000
corner_brace
1000
!T1 (站體)_角撐
1000
source_geometry
1000
CD550
1071
1004
  0
LINE
  5
480
330
17
100
AcDbEntity
  8
!T1 (站體)_角撐
100
AcDbLine
 10
385896.3837606125
 20
-723525.3407379602
 30
0.0
 11
384943.20381957304
 21
-724478.5206789997
 31
0.0
1001
SUPPORT_DISTRIBUTION_UV
1000
clean_dxf_export_v1
1000
background
1000
corner_brace
1000
!T1 (站體)_角撐
1000
source_geometry
1000
CD550
1071
1005
  0
LINE
  5
481
330
17
100
AcDbEntity
  8
!T1 (站體)_角撐
100
AcDbLine
 10
385155.335853929
 20
-724690.6527133556
 30
0.0
 11
386088.2870503646
 21
-723757.7015169201
 31
0.0
1001
SUPPORT_DISTRIBUTION_UV
1000
clean_dxf_export_v1
1000
background
1000
corner_brace
1000
!T1 (站體)_角撐
1000
source_geometry
1000
CD550
1071
1006
  0
LINE
  5
482
330
17
100
AcDbEntity
  8
!T1 (站體)_角撐
100
AcDbLine
 10
386088.2870503646
 20
-723295.9986649114
 30
0.0
 11
385904.86904198676
 21
-723516.855456586
 31
0.0
1001
SUPPORT_DISTRIBUTION_UV
1000
clean_dxf_export_v1
1000
background
1000
corner_brace
1000
!T1 (站體)_角撐
1000
source_geometry
1000
CD550
1071
1007
  0
LINE
  5
483
330
17
100
AcDbEntity
  8
!T1 (站體)_角撐
100
AcDbLine
 10
385904.86904198676
 20
-723516.855456586
 30
0.0
 11
385896.3837606125
 21
-723525.3407379602
 31
0.0
1001
SUPPORT_DISTRIBUTION_UV
1000
clean_dxf_export_v1
1000
background
1000
corner_brace
1000
!T1 (站體)_角撐
1000
source_geometry
1000
CD550
1071
1008
  0
LINE
  5
484
330
17
100
AcDbEntity
  8
!T1 (站體)_角撐
100
AcDbLine
 10
387421.2382468002
 20
-724690.6527133556
 30
0.0
 11
387633.37028115615
 21
-724478.5206789997
 31
0.0
1001
SUPPORT_DISTRIBUTION_UV
1000
clean_dxf_export_v1
1000
background
1000
corner_brace
1000
!T1 (站體)_角撐
1000
source_geometry
1000
CD550
1071
1009
  0
LINE
  5
485
330
17
100
AcDbEntity
  8
!T1 (站體)_角撐
100
AcDbLine
 10
387538.4022287573
 20
-724845.5694825641
 30
0.0
 11
387538.4022287573
 21
-724833.5694825641
 31
0.0
1001
SUPPORT_DISTRIBUTION_UV
1000
clean_dxf_export_v1
1000
background
1000
corner_brace
1000
!T1 (站體)_角撐
1000
source_geometry
1000
CD550
1071
1010
  0
LINE
  5
486
330
17
100
AcDbEntity
  8
!T1 (站體)_角撐
100
AcDbLine
 10
388013.4022287573
 20
-724833.5694825641
 30
0.0
 11
388013.4022287573
 21
-724845.5694825641
 31
0.0
1001
SUPPORT_DISTRIBUTION_UV
1000
clean_dxf_export_v1
1000
background
1000
corner_brace
1000
!T1 (站體)_角撐
1000
source_geometry
1000
CD550
1071
1011
  0
LINE
  5
487
330
17
100
AcDbEntity
  8
!T1 (站體)_角撐
100
AcDbLine
 10
388013.4022287573
 20
-724833.5694825641
 30
0.0
 11
388013.4022287573
 21
-724795.5694825641
 31
0.0
1001
SUPPORT_DISTRIBUTION_UV
1000
clean_dxf_export_v1
1000
background
1000
corner_brace
1000
!T1 (站體)_角撐
1000
source_geometry
1000
CD550
1071
1012
  0
LINE
  5
488
330
17
100
AcDbEntity
  8
!T1 (站體)_角撐
100
AcDbLine
 10
388013.4022287573
 20
-724795.5694825641
 30
0.0
 11
387641.8555625304
 21
-724487.0059603739
 31
0.0
1001
SUPPORT_DISTRIBUTION_UV
1000
clean_dxf_export_v1
1000
background
1000
corner_brace
1000
!T1 (站體)_角撐
1000
source_geometry
1000
CD550
1071
1013
  0
LINE
  5
489
330
17
100
AcDbEntity
  8
!T1 (站體)_角撐
100
AcDbLine
 10
387429.72352817445
 20
-724699.1379947299
 30
0.0
 11
387421.2382468002
 21
-724690.6527133556
 31
0.0
1001
SUPPORT_DISTRIBUTION_UV
1000
clean_dxf_export_v1
1000
background
1000
corner_brace
1000
!T1 (站體)_角撐
1000
source_geometry
1000
CD550
1071
1014
  0
LINE
  5
48A
330
17
100
AcDbEntity
  8
!T1 (站體)_角撐
100
AcDbLine
 10
387633.37028115615
 20
-724478.5206789997
 30
0.0
 11
387641.8555625304
 21
-724487.0059603739
 31
0.0
1001
SUPPORT_DISTRIBUTION_UV
1000
clean_dxf_export_v1
1000
background
1000
corner_brace
1000
!T1 (站體)_角撐
1000
source_geometry
1000
CD550
1071
1015
  0
LINE
  5
48B
330
17
100
AcDbEntity
  8
!T1 (站體)_角撐
100
AcDbLine
 10
387538.4022287573
 20
-724833.5694825641
 30
0.0
 11
387429.72352817445
 21
-724699.1379947299
 31
0.0
1001
SUPPORT_DISTRIBUTION_UV
1000
clean_dxf_export_v1
1000
background
1000
corner_brace
1000
!T1 (站體)_角撐
1000
source_geometry
1000
CD550
1071
1016
  0
LINE
  5
48C
330
17
100
AcDbEntity
  8
!T1 (站體)_角撐
100
AcDbLine
 10
386671.70505874243
 20
-723516.855456586
 30
0.0
 11
386680.1903401167
 21
-723525.3407379602
 31
0.0
1001
SUPPORT_DISTRIBUTION_UV
1000
clean_dxf_export_v1
1000
background
1000
corner_brace
1000
!T1 (站體)_角撐
1000
source_geometry
1000
CD550
1071
1017
  0
LINE
  5
48D
330
17
100
AcDbEntity
  8
!T1 (站體)_角撐
100
AcDbLine
 10
386488.2870503646
 20
-723295.9986649114
 30
0.0
 11
386671.70505874243
 21
-723516.855456586
 31
0.0
1001
SUPPORT_DISTRIBUTION_UV
1000
clean_dxf_export_v1
1000
background
1000
corner_brace
1000
!T1 (站體)_角撐
1000
source_geometry
1000
CD550
1071
1018
  0
LINE
  5
48E
330
17
100
AcDbEntity
  8
!T1 (站體)_角撐
100
AcDbLine
 10
387421.2382468002
 20
-724690.6527133556
 30
0.0
 11
386488.2870503646
 21
-723757.7015169201
 31
0.0
1001
SUPPORT_DISTRIBUTION_UV
1000
clean_dxf_export_v1
1000
background
1000
corner_brace
1000
!T1 (站體)_角撐
1000
source_geometry
1000
CD550
1071
1019
  0
LINE
  5
48F
330
17
100
AcDbEntity
  8
!T1 (站體)_角撐
100
AcDbLine
 10
386680.1903401167
 20
-723525.3407379602
 30
0.0
 11
387633.37028115615
 21
-724478.5206789997
 31
0.0
1001
SUPPORT_DISTRIBUTION_UV
1000
clean_dxf_export_v1
1000
background
1000
corner_brace
1000
!T1 (站體)_角撐
1000
source_geometry
1000
CD550
1071
1020
  0
LINE
  5
490
330
17
100
AcDbEntity
  8
!T1 (站體)_角撐
100
AcDbLine
 10
386680.1903401167
 20
-723525.3407379602
 30
0.0
 11
386488.2870503646
 21
-723717.2440277123
 31
0.0
1001
SUPPORT_DISTRIBUTION_UV
1000
clean_dxf_export_v1
1000
background
1000
corner_brace
1000
!T1 (站體)_角撐
1000
source_geometry
1000
CD550
1071
1021
  0
LINE
  5
491
330
17
100
AcDbEntity
  8
!T1 (站體)_角撐
100
AcDbLine
 10
390538.1718719719
 20
-724833.5694825641
 30
0.0
 11
390646.8505725548
 21
-724699.1379947299
 31
0.0
1001
SUPPORT_DISTRIBUTION_UV
1000
clean_dxf_export_v1
1000
background
1000
corner_brace
1000
!T1 (站體)_角撐
1000
source_geometry
1000
CD551
1071
1022
  0
LINE
  5
492
330
17
100
AcDbEntity
  8
!T1 (站體)_角撐
100
AcDbLine
 10
390443.20381957304
 20
-724478.5206789997
 30
0.0
 11
390434.7185381988
 21
-724487.0059603739
 31
0.0
1001
SUPPORT_DISTRIBUTION_UV
1000
clean_dxf_export_v1
1000
background
1000
corner_brace
1000
!T1 (站體)_角撐
1000
source_geometry
1000
CD551
1071
1023
  0
LINE
  5
493
330
17
100
AcDbEntity
  8
!T1 (站體)_角撐
100
AcDbLine
 10
390646.8505725548
 20
-724699.1379947299
 30
0.0
 11
390655.335853929
 21
-724690.6527133556
 31
0.0
1001
SUPPORT_DISTRIBUTION_UV
1000
clean_dxf_export_v1
1000
background
1000
corner_brace
1000
!T1 (站體)_角撐
1000
source_geometry
1000
CD551
1071
1024
  0
LINE
  5
494
330
17
100
AcDbEntity
  8
!T1 (站體)_角撐
100
AcDbLine
 10
390063.1718719719
 20
-724795.5694825641
 30
0.0
 11
390434.7185381988
 21
-724487.0059603739
 31
0.0
1001
SUPPORT_DISTRIBUTION_UV
1000
clean_dxf_export_v1
1000
background
1000
corner_brace
1000
!T1 (站體)_角撐
1000
source_geometry
1000
CD551
1071
1025
  0
LINE
  5
495
330
17
100
AcDbEntity
  8
!T1 (站體)_角撐
100
AcDbLine
 10
390063.1718719719
 20
-724833.5694825641
 30
0.0
 11
390063.1718719719
 21
-724795.5694825641
 31
0.0
1001
SUPPORT_DISTRIBUTION_UV
1000
clean_dxf_export_v1
1000
background
1000
corner_brace
1000
!T1 (站體)_角撐
1000
source_geometry
1000
CD551
1071
1026
  0
LINE
  5
496
330
17
100
AcDbEntity
  8
!T1 (站體)_角撐
100
AcDbLine
 10
390063.1718719719
 20
-724833.5694825641
 30
0.0
 11
390063.1718719719
 21
-724845.5694825641
 31
0.0
1001
SUPPORT_DISTRIBUTION_UV
1000
clean_dxf_export_v1
1000
background
1000
corner_brace
1000
!T1 (站體)_角撐
1000
source_geometry
1000
CD551
1071
1027
  0
LINE
  5
497
330
17
100
AcDbEntity
  8
!T1 (站體)_角撐
100
AcDbLine
 10
390538.1718719719
 20
-724845.5694825641
 30
0.0
 11
390538.1718719719
 21
-724833.5694825641
 31
0.0
1001
SUPPORT_DISTRIBUTION_UV
1000
clean_dxf_export_v1
1000
background
1000
corner_brace
1000
!T1 (站體)_角撐
1000
source_geometry
1000
CD551
1071
1028
  0
LINE
  5
498
330
17
100
AcDbEntity
  8
!T1 (站體)_角撐
100
AcDbLine
 10
390443.20381957304
 20
-724478.5206789997
 30
0.0
 11
390655.335853929
 21
-724690.6527133556
 31
0.0
1001
SUPPORT_DISTRIBUTION_UV
1000
clean_dxf_export_v1
1000
background
1000
corner_brace
1000
!T1 (站體)_角撐
1000
source_geometry
1000
CD551
1071
1029
  0
LINE
  5
499
330
17
100
AcDbEntity
  8
!T1 (站體)_角撐
100
AcDbLine
 10
391396.3837606125
 20
-723525.3407379602
 30
0.0
 11
391588.2870503646
 21
-723717.2440277123
 31
0.0
1001
SUPPORT_DISTRIBUTION_UV
1000
clean_dxf_export_v1
1000
background
1000
corner_brace
1000
!T1 (站體)_角撐
1000
source_geometry
1000
CD551
1071
1030
  0
LINE
  5
49A
330
17
100
AcDbEntity
  8
!T1 (站體)_角撐
100
AcDbLine
 10
391396.3837606125
 20
-723525.3407379602
 30
0.0
 11
390443.20381957304
 21
-724478.5206789997
 31
0.0
1001
SUPPORT_DISTRIBUTION_UV
1000
clean_dxf_export_v1
1000
background
1000
corner_brace
1000
!T1 (站體)_角撐
1000
source_geometry
1000
CD551
1071
1031
  0
LINE
  5
49B
330
17
100
AcDbEntity
  8
!T1 (站體)_角撐
100
AcDbLine
 10
390655.335853929
 20
-724690.6527133556
 30
0.0
 11
391588.2870503646
 21
-723757.7015169201
 31
0.0
1001
SUPPORT_DISTRIBUTION_UV
1000
clean_dxf_export_v1
1000
background
1000
corner_brace
1000
!T1 (站體)_角撐
1000
source_geometry
1000
CD551
1071
1032
  0
LINE
  5
49C
330
17
100
AcDbEntity
  8
!T1 (站體)_角撐
100
AcDbLine
 10
391588.2870503646
 20
-723295.9986649114
 30
0.0
 11
391404.86904198676
 21
-723516.855456586
 31
0.0
1001
SUPPORT_DISTRIBUTION_UV
1000
clean_dxf_export_v1
1000
background
1000
corner_brace
1000
!T1 (站體)_角撐
1000
source_geometry
1000
CD551
1071
1033
  0
LINE
  5
49D
330
17
100
AcDbEntity
  8
!T1 (站體)_角撐
100
AcDbLine
 10
391404.86904198676
 20
-723516.855456586
 30
0.0
 11
391396.3837606125
 21
-723525.3407379602
 31
0.0
1001
SUPPORT_DISTRIBUTION_UV
1000
clean_dxf_export_v1
1000
background
1000
corner_brace
1000
!T1 (站體)_角撐
1000
source_geometry
1000
CD551
1071
1034
  0
LINE
  5
49E
330
17
100
AcDbEntity
  8
!T1 (站體)_角撐
100
AcDbLine
 10
392921.2382468002
 20
-724690.6527133556
 30
0.0
 11
393133.37028115615
 21
-724478.5206789997
 31
0.0
1001
SUPPORT_DISTRIBUTION_UV
1000
clean_dxf_export_v1
1000
background
1000
corner_brace
1000
!T1 (站體)_角撐
1000
source_geometry
1000
CD551
1071
1035
  0
LINE
  5
49F
330
17
100
AcDbEntity
  8
!T1 (站體)_角撐
100
AcDbLine
 10
393038.4022287573
 20
-724845.5694825641
 30
0.0
 11
393038.4022287573
 21
-724833.5694825641
 31
0.0
1001
SUPPORT_DISTRIBUTION_UV
1000
clean_dxf_export_v1
1000
background
1000
corner_brace
1000
!T1 (站體)_角撐
1000
source_geometry
1000
CD551
1071
1036
  0
LINE
  5
4A0
330
17
100
AcDbEntity
  8
!T1 (站體)_角撐
100
AcDbLine
 10
393513.4022287573
 20
-724833.5694825641
 30
0.0
 11
393513.4022287573
 21
-724845.5694825641
 31
0.0
1001
SUPPORT_DISTRIBUTION_UV
1000
clean_dxf_export_v1
1000
background
1000
corner_brace
1000
!T1 (站體)_角撐
1000
source_geometry
1000
CD551
1071
1037
  0
LINE
  5
4A1
330
17
100
AcDbEntity
  8
!T1 (站體)_角撐
100
AcDbLine
 10
393513.4022287573
 20
-724833.5694825641
 30
0.0
 11
393513.4022287573
 21
-724795.5694825641
 31
0.0
1001
SUPPORT_DISTRIBUTION_UV
1000
clean_dxf_export_v1
1000
background
1000
corner_brace
1000
!T1 (站體)_角撐
1000
source_geometry
1000
CD551
1071
1038
  0
LINE
  5
4A2
330
17
100
AcDbEntity
  8
!T1 (站體)_角撐
100
AcDbLine
 10
393513.4022287573
 20
-724795.5694825641
 30
0.0
 11
393141.8555625304
 21
-724487.0059603739
 31
0.0
1001
SUPPORT_DISTRIBUTION_UV
1000
clean_dxf_export_v1
1000
background
1000
corner_brace
1000
!T1 (站體)_角撐
1000
source_geometry
1000
CD551
1071
1039
  0
LINE
  5
4A3
330
17
100
AcDbEntity
  8
!T1 (站體)_角撐
100
AcDbLine
 10
392929.72352817445
 20
-724699.1379947299
 30
0.0
 11
392921.2382468002
 21
-724690.6527133556
 31
0.0
1001
SUPPORT_DISTRIBUTION_UV
1000
clean_dxf_export_v1
1000
background
1000
corner_brace
1000
!T1 (站體)_角撐
1000
source_geometry
1000
CD551
1071
1040
  0
LINE
  5
4A4
330
17
100
AcDbEntity
  8
!T1 (站體)_角撐
100
AcDbLine
 10
393133.37028115615
 20
-724478.5206789997
 30
0.0
 11
393141.8555625304
 21
-724487.0059603739
 31
0.0
1001
SUPPORT_DISTRIBUTION_UV
1000
clean_dxf_export_v1
1000
background
1000
corner_brace
1000
!T1 (站體)_角撐
1000
source_geometry
1000
CD551
1071
1041
  0
LINE
  5
4A5
330
17
100
AcDbEntity
  8
!T1 (站體)_角撐
100
AcDbLine
 10
393038.4022287573
 20
-724833.5694825641
 30
0.0
 11
392929.72352817445
 21
-724699.1379947299
 31
0.0
1001
SUPPORT_DISTRIBUTION_UV
1000
clean_dxf_export_v1
1000
background
1000
corner_brace
1000
!T1 (站體)_角撐
1000
source_geometry
1000
CD551
1071
1042
  0
LINE
  5
4A6
330
17
100
AcDbEntity
  8
!T1 (站體)_角撐
100
AcDbLine
 10
392171.70505874243
 20
-723516.855456586
 30
0.0
 11
392180.1903401167
 21
-723525.3407379602
 31
0.0
1001
SUPPORT_DISTRIBUTION_UV
1000
clean_dxf_export_v1
1000
background
1000
corner_brace
1000
!T1 (站體)_角撐
1000
source_geometry
1000
CD551
1071
1043
  0
LINE
  5
4A7
330
17
100
AcDbEntity
  8
!T1 (站體)_角撐
100
AcDbLine
 10
391988.2870503646
 20
-723295.9986649114
 30
0.0
 11
392171.70505874243
 21
-723516.855456586
 31
0.0
1001
SUPPORT_DISTRIBUTION_UV
1000
clean_dxf_export_v1
1000
background
1000
corner_brace
1000
!T1 (站體)_角撐
1000
source_geometry
1000
CD551
1071
1044
  0
LINE
  5
4A8
330
17
100
AcDbEntity
  8
!T1 (站體)_角撐
100
AcDbLine
 10
392921.2382468002
 20
-724690.6527133556
 30
0.0
 11
391988.2870503646
 21
-723757.7015169201
 31
0.0
1001
SUPPORT_DISTRIBUTION_UV
1000
clean_dxf_export_v1
1000
background
1000
corner_brace
1000
!T1 (站體)_角撐
1000
source_geometry
1000
CD551
1071
1045
  0
LINE
  5
4A9
330
17
100
AcDbEntity
  8
!T1 (站體)_角撐
100
AcDbLine
 10
392180.1903401167
 20
-723525.3407379602
 30
0.0
 11
393133.37028115615
 21
-724478.5206789997
 31
0.0
1001
SUPPORT_DISTRIBUTION_UV
1000
clean_dxf_export_v1
1000
background
1000
corner_brace
1000
!T1 (站體)_角撐
1000
source_geometry
1000
CD551
1071
1046
  0
LINE
  5
4AA
330
17
100
AcDbEntity
  8
!T1 (站體)_角撐
100
AcDbLine
 10
392180.1903401167
 20
-723525.3407379602
 30
0.0
 11
391988.2870503646
 21
-723717.2440277123
 31
0.0
1001
SUPPORT_DISTRIBUTION_UV
1000
clean_dxf_export_v1
1000
background
1000
corner_brace
1000
!T1 (站體)_角撐
1000
source_geometry
1000
CD551
1071
1047
  0
LINE
  5
4AB
330
17
100
AcDbEntity
  8
!T1 (站體)_角撐
100
AcDbLine
 10
396538.1718719719
 20
-724833.5694825641
 30
0.0
 11
396646.8505725548
 21
-724699.1379947299
 31
0.0
1001
SUPPORT_DISTRIBUTION_UV
1000
clean_dxf_export_v1
1000
background
1000
corner_brace
1000
!T1 (站體)_角撐
1000
source_geometry
1000
CD552
1071
1048
  0
LINE
  5
4AC
330
17
100
AcDbEntity
  8
!T1 (站體)_角撐
100
AcDbLine
 10
396443.20381957304
 20
-724478.5206789997
 30
0.0
 11
396434.7185381988
 21
-724487.0059603739
 31
0.0
1001
SUPPORT_DISTRIBUTION_UV
1000
clean_dxf_export_v1
1000
background
1000
corner_brace
1000
!T1 (站體)_角撐
1000
source_geometry
1000
CD552
1071
1049
  0
LINE
  5
4AD
330
17
100
AcDbEntity
  8
!T1 (站體)_角撐
100
AcDbLine
 10
396646.8505725548
 20
-724699.1379947299
 30
0.0
 11
396655.335853929
 21
-724690.6527133556
 31
0.0
1001
SUPPORT_DISTRIBUTION_UV
1000
clean_dxf_export_v1
1000
background
1000
corner_brace
1000
!T1 (站體)_角撐
1000
source_geometry
1000
CD552
1071
1050
  0
LINE
  5
4AE
330
17
100
AcDbEntity
  8
!T1 (站體)_角撐
100
AcDbLine
 10
396063.1718719719
 20
-724795.5694825641
 30
0.0
 11
396434.7185381988
 21
-724487.0059603739
 31
0.0
1001
SUPPORT_DISTRIBUTION_UV
1000
clean_dxf_export_v1
1000
background
1000
corner_brace
1000
!T1 (站體)_角撐
1000
source_geometry
1000
CD552
1071
1051
  0
LINE
  5
4AF
330
17
100
AcDbEntity
  8
!T1 (站體)_角撐
100
AcDbLine
 10
396063.1718719719
 20
-724833.5694825641
 30
0.0
 11
396063.1718719719
 21
-724795.5694825641
 31
0.0
1001
SUPPORT_DISTRIBUTION_UV
1000
clean_dxf_export_v1
1000
background
1000
corner_brace
1000
!T1 (站體)_角撐
1000
source_geometry
1000
CD552
1071
1052
  0
LINE
  5
4B0
330
17
100
AcDbEntity
  8
!T1 (站體)_角撐
100
AcDbLine
 10
396063.1718719719
 20
-724833.5694825641
 30
0.0
 11
396063.1718719719
 21
-724845.5694825641
 31
0.0
1001
SUPPORT_DISTRIBUTION_UV
1000
clean_dxf_export_v1
1000
background
1000
corner_brace
1000
!T1 (站體)_角撐
1000
source_geometry
1000
CD552
1071
1053
  0
LINE
  5
4B1
330
17
100
AcDbEntity
  8
!T1 (站體)_角撐
100
AcDbLine
 10
396538.1718719719
 20
-724845.5694825641
 30
0.0
 11
396538.1718719719
 21
-724833.5694825641
 31
0.0
1001
SUPPORT_DISTRIBUTION_UV
1000
clean_dxf_export_v1
1000
background
1000
corner_brace
1000
!T1 (站體)_角撐
1000
source_geometry
1000
CD552
1071
1054
  0
LINE
  5
4B2
330
17
100
AcDbEntity
  8
!T1 (站體)_角撐
100
AcDbLine
 10
396443.20381957304
 20
-724478.5206789997
 30
0.0
 11
396655.335853929
 21
-724690.6527133556
 31
0.0
1001
SUPPORT_DISTRIBUTION_UV
1000
clean_dxf_export_v1
1000
background
1000
corner_brace
1000
!T1 (站體)_角撐
1000
source_geometry
1000
CD552
1071
1055
  0
LINE
  5
4B3
330
17
100
AcDbEntity
  8
!T1 (站體)_角撐
100
AcDbLine
 10
397396.3837606125
 20
-723525.3407379602
 30
0.0
 11
397588.2870503646
 21
-723717.2440277123
 31
0.0
1001
SUPPORT_DISTRIBUTION_UV
1000
clean_dxf_export_v1
1000
background
1000
corner_brace
1000
!T1 (站體)_角撐
1000
source_geometry
1000
CD552
1071
1056
  0
LINE
  5
4B4
330
17
100
AcDbEntity
  8
!T1 (站體)_角撐
100
AcDbLine
 10
397396.3837606125
 20
-723525.3407379602
 30
0.0
 11
396443.20381957304
 21
-724478.5206789997
 31
0.0
1001
SUPPORT_DISTRIBUTION_UV
1000
clean_dxf_export_v1
1000
background
1000
corner_brace
1000
!T1 (站體)_角撐
1000
source_geometry
1000
CD552
1071
1057
  0
LINE
  5
4B5
330
17
100
AcDbEntity
  8
!T1 (站體)_角撐
100
AcDbLine
 10
396655.335853929
 20
-724690.6527133556
 30
0.0
 11
397588.2870503646
 21
-723757.7015169201
 31
0.0
1001
SUPPORT_DISTRIBUTION_UV
1000
clean_dxf_export_v1
1000
background
1000
corner_brace
1000
!T1 (站體)_角撐
1000
source_geometry
1000
CD552
1071
1058
  0
LINE
  5
4B6
330
17
100
AcDbEntity
  8
!T1 (站體)_角撐
100
AcDbLine
 10
397588.2870503646
 20
-723295.9986649114
 30
0.0
 11
397404.86904198676
 21
-723516.855456586
 31
0.0
1001
SUPPORT_DISTRIBUTION_UV
1000
clean_dxf_export_v1
1000
background
1000
corner_brace
1000
!T1 (站體)_角撐
1000
source_geometry
1000
CD552
1071
1059
  0
LINE
  5
4B7
330
17
100
AcDbEntity
  8
!T1 (站體)_角撐
100
AcDbLine
 10
397404.86904198676
 20
-723516.855456586
 30
0.0
 11
397396.3837606125
 21
-723525.3407379602
 31
0.0
1001
SUPPORT_DISTRIBUTION_UV
1000
clean_dxf_export_v1
1000
background
1000
corner_brace
1000
!T1 (站體)_角撐
1000
source_geometry
1000
CD552
1071
1060
  0
LINE
  5
4B8
330
17
100
AcDbEntity
  8
!T1 (站體)_角撐
100
AcDbLine
 10
398921.2382468002
 20
-724690.6527133556
 30
0.0
 11
399133.37028115615
 21
-724478.5206789997
 31
0.0
1001
SUPPORT_DISTRIBUTION_UV
1000
clean_dxf_export_v1
1000
background
1000
corner_brace
1000
!T1 (站體)_角撐
1000
source_geometry
1000
CD552
1071
1061
  0
LINE
  5
4B9
330
17
100
AcDbEntity
  8
!T1 (站體)_角撐
100
AcDbLine
 10
399038.4022287573
 20
-724845.5694825641
 30
0.0
 11
399038.4022287573
 21
-724833.5694825641
 31
0.0
1001
SUPPORT_DISTRIBUTION_UV
1000
clean_dxf_export_v1
1000
background
1000
corner_brace
1000
!T1 (站體)_角撐
1000
source_geometry
1000
CD552
1071
1062
  0
LINE
  5
4BA
330
17
100
AcDbEntity
  8
!T1 (站體)_角撐
100
AcDbLine
 10
399513.4022287573
 20
-724833.5694825641
 30
0.0
 11
399513.4022287573
 21
-724845.5694825641
 31
0.0
1001
SUPPORT_DISTRIBUTION_UV
1000
clean_dxf_export_v1
1000
background
1000
corner_brace
1000
!T1 (站體)_角撐
1000
source_geometry
1000
CD552
1071
1063
  0
LINE
  5
4BB
330
17
100
AcDbEntity
  8
!T1 (站體)_角撐
100
AcDbLine
 10
399513.4022287573
 20
-724833.5694825641
 30
0.0
 11
399513.4022287573
 21
-724795.5694825641
 31
0.0
1001
SUPPORT_DISTRIBUTION_UV
1000
clean_dxf_export_v1
1000
background
1000
corner_brace
1000
!T1 (站體)_角撐
1000
source_geometry
1000
CD552
1071
1064
  0
LINE
  5
4BC
330
17
100
AcDbEntity
  8
!T1 (站體)_角撐
100
AcDbLine
 10
399513.4022287573
 20
-724795.5694825641
 30
0.0
 11
399141.8555625304
 21
-724487.0059603739
 31
0.0
1001
SUPPORT_DISTRIBUTION_UV
1000
clean_dxf_export_v1
1000
background
1000
corner_brace
1000
!T1 (站體)_角撐
1000
source_geometry
1000
CD552
1071
1065
  0
LINE
  5
4BD
330
17
100
AcDbEntity
  8
!T1 (站體)_角撐
100
AcDbLine
 10
398929.72352817445
 20
-724699.1379947299
 30
0.0
 11
398921.2382468002
 21
-724690.6527133556
 31
0.0
1001
SUPPORT_DISTRIBUTION_UV
1000
clean_dxf_export_v1
1000
background
1000
corner_brace
1000
!T1 (站體)_角撐
1000
source_geometry
1000
CD552
1071
1066
  0
LINE
  5
4BE
330
17
100
AcDbEntity
  8
!T1 (站體)_角撐
100
AcDbLine
 10
399133.37028115615
 20
-724478.5206789997
 30
0.0
 11
399141.8555625304
 21
-724487.0059603739
 31
0.0
1001
SUPPORT_DISTRIBUTION_UV
1000
clean_dxf_export_v1
1000
background
1000
corner_brace
1000
!T1 (站體)_角撐
1000
source_geometry
1000
CD552
1071
1067
  0
LINE
  5
4BF
330
17
100
AcDbEntity
  8
!T1 (站體)_角撐
100
AcDbLine
 10
399038.4022287573
 20
-724833.5694825641
 30
0.0
 11
398929.72352817445
 21
-724699.1379947299
 31
0.0
1001
SUPPORT_DISTRIBUTION_UV
1000
clean_dxf_export_v1
1000
background
1000
corner_brace
1000
!T1 (站體)_角撐
1000
source_geometry
1000
CD552
1071
1068
  0
LINE
  5
4C0
330
17
100
AcDbEntity
  8
!T1 (站體)_角撐
100
AcDbLine
 10
398171.70505874243
 20
-723516.855456586
 30
0.0
 11
398180.1903401167
 21
-723525.3407379602
 31
0.0
1001
SUPPORT_DISTRIBUTION_UV
1000
clean_dxf_export_v1
1000
background
1000
corner_brace
1000
!T1 (站體)_角撐
1000
source_geometry
1000
CD552
1071
1069
  0
LINE
  5
4C1
330
17
100
AcDbEntity
  8
!T1 (站體)_角撐
100
AcDbLine
 10
397988.2870503646
 20
-723295.9986649114
 30
0.0
 11
398171.70505874243
 21
-723516.855456586
 31
0.0
1001
SUPPORT_DISTRIBUTION_UV
1000
clean_dxf_export_v1
1000
background
1000
corner_brace
1000
!T1 (站體)_角撐
1000
source_geometry
1000
CD552
1071
1070
  0
LINE
  5
4C2
330
17
100
AcDbEntity
  8
!T1 (站體)_角撐
100
AcDbLine
 10
398921.2382468002
 20
-724690.6527133556
 30
0.0
 11
397988.2870503646
 21
-723757.7015169201
 31
0.0
1001
SUPPORT_DISTRIBUTION_UV
1000
clean_dxf_export_v1
1000
background
1000
corner_brace
1000
!T1 (站體)_角撐
1000
source_geometry
1000
CD552
1071
1071
  0
LINE
  5
4C3
330
17
100
AcDbEntity
  8
!T1 (站體)_角撐
100
AcDbLine
 10
398180.1903401167
 20
-723525.3407379602
 30
0.0
 11
399133.37028115615
 21
-724478.5206789997
 31
0.0
1001
SUPPORT_DISTRIBUTION_UV
1000
clean_dxf_export_v1
1000
background
1000
corner_brace
1000
!T1 (站體)_角撐
1000
source_geometry
1000
CD552
1071
1072
  0
LINE
  5
4C4
330
17
100
AcDbEntity
  8
!T1 (站體)_角撐
100
AcDbLine
 10
398180.1903401167
 20
-723525.3407379602
 30
0.0
 11
397988.2870503646
 21
-723717.2440277123
 31
0.0
1001
SUPPORT_DISTRIBUTION_UV
1000
clean_dxf_export_v1
1000
background
1000
corner_brace
1000
!T1 (站體)_角撐
1000
source_geometry
1000
CD552
1071
1073
  0
LINE
  5
4C5
330
17
100
AcDbEntity
  8
!T1 (站體)_角撐
100
AcDbLine
 10
402538.1718719719
 20
-724833.5694825641
 30
0.0
 11
402646.8505725548
 21
-724699.1379947299
 31
0.0
1001
SUPPORT_DISTRIBUTION_UV
1000
clean_dxf_export_v1
1000
background
1000
corner_brace
1000
!T1 (站體)_角撐
1000
source_geometry
1000
CD553
1071
1074
  0
LINE
  5
4C6
330
17
100
AcDbEntity
  8
!T1 (站體)_角撐
100
AcDbLine
 10
402443.20381957304
 20
-724478.5206789997
 30
0.0
 11
402434.7185381988
 21
-724487.0059603739
 31
0.0
1001
SUPPORT_DISTRIBUTION_UV
1000
clean_dxf_export_v1
1000
background
1000
corner_brace
1000
!T1 (站體)_角撐
1000
source_geometry
1000
CD553
1071
1075
  0
LINE
  5
4C7
330
17
100
AcDbEntity
  8
!T1 (站體)_角撐
100
AcDbLine
 10
402646.8505725548
 20
-724699.1379947299
 30
0.0
 11
402655.335853929
 21
-724690.6527133556
 31
0.0
1001
SUPPORT_DISTRIBUTION_UV
1000
clean_dxf_export_v1
1000
background
1000
corner_brace
1000
!T1 (站體)_角撐
1000
source_geometry
1000
CD553
1071
1076
  0
LINE
  5
4C8
330
17
100
AcDbEntity
  8
!T1 (站體)_角撐
100
AcDbLine
 10
402063.1718719719
 20
-724795.5694825641
 30
0.0
 11
402434.7185381988
 21
-724487.0059603739
 31
0.0
1001
SUPPORT_DISTRIBUTION_UV
1000
clean_dxf_export_v1
1000
background
1000
corner_brace
1000
!T1 (站體)_角撐
1000
source_geometry
1000
CD553
1071
1077
  0
LINE
  5
4C9
330
17
100
AcDbEntity
  8
!T1 (站體)_角撐
100
AcDbLine
 10
402063.1718719719
 20
-724833.5694825641
 30
0.0
 11
402063.1718719719
 21
-724795.5694825641
 31
0.0
1001
SUPPORT_DISTRIBUTION_UV
1000
clean_dxf_export_v1
1000
background
1000
corner_brace
1000
!T1 (站體)_角撐
1000
source_geometry
1000
CD553
1071
1078
  0
LINE
  5
4CA
330
17
100
AcDbEntity
  8
!T1 (站體)_角撐
100
AcDbLine
 10
402063.1718719719
 20
-724833.5694825641
 30
0.0
 11
402063.1718719719
 21
-724845.5694825641
 31
0.0
1001
SUPPORT_DISTRIBUTION_UV
1000
clean_dxf_export_v1
1000
background
1000
corner_brace
1000
!T1 (站體)_角撐
1000
source_geometry
1000
CD553
1071
1079
  0
LINE
  5
4CB
330
17
100
AcDbEntity
  8
!T1 (站體)_角撐
100
AcDbLine
 10
402538.1718719719
 20
-724845.5694825641
 30
0.0
 11
402538.1718719719
 21
-724833.5694825641
 31
0.0
1001
SUPPORT_DISTRIBUTION_UV
1000
clean_dxf_export_v1
1000
background
1000
corner_brace
1000
!T1 (站體)_角撐
1000
source_geometry
1000
CD553
1071
1080
  0
LINE
  5
4CC
330
17
100
AcDbEntity
  8
!T1 (站體)_角撐
100
AcDbLine
 10
402443.20381957304
 20
-724478.5206789997
 30
0.0
 11
402655.335853929
 21
-724690.6527133556
 31
0.0
1001
SUPPORT_DISTRIBUTION_UV
1000
clean_dxf_export_v1
1000
background
1000
corner_brace
1000
!T1 (站體)_角撐
1000
source_geometry
1000
CD553
1071
1081
  0
LINE
  5
4CD
330
17
100
AcDbEntity
  8
!T1 (站體)_角撐
100
AcDbLine
 10
403396.3837606125
 20
-723525.3407379602
 30
0.0
 11
403588.2870503646
 21
-723717.2440277123
 31
0.0
1001
SUPPORT_DISTRIBUTION_UV
1000
clean_dxf_export_v1
1000
background
1000
corner_brace
1000
!T1 (站體)_角撐
1000
source_geometry
1000
CD553
1071
1082
  0
LINE
  5
4CE
330
17
100
AcDbEntity
  8
!T1 (站體)_角撐
100
AcDbLine
 10
403396.3837606125
 20
-723525.3407379602
 30
0.0
 11
402443.20381957304
 21
-724478.5206789997
 31
0.0
1001
SUPPORT_DISTRIBUTION_UV
1000
clean_dxf_export_v1
1000
background
1000
corner_brace
1000
!T1 (站體)_角撐
1000
source_geometry
1000
CD553
1071
1083
  0
LINE
  5
4CF
330
17
100
AcDbEntity
  8
!T1 (站體)_角撐
100
AcDbLine
 10
402655.335853929
 20
-724690.6527133556
 30
0.0
 11
403588.2870503646
 21
-723757.7015169201
 31
0.0
1001
SUPPORT_DISTRIBUTION_UV
1000
clean_dxf_export_v1
1000
background
1000
corner_brace
1000
!T1 (站體)_角撐
1000
source_geometry
1000
CD553
1071
1084
  0
LINE
  5
4D0
330
17
100
AcDbEntity
  8
!T1 (站體)_角撐
100
AcDbLine
 10
403588.2870503646
 20
-723295.9986649114
 30
0.0
 11
403404.86904198676
 21
-723516.855456586
 31
0.0
1001
SUPPORT_DISTRIBUTION_UV
1000
clean_dxf_export_v1
1000
background
1000
corner_brace
1000
!T1 (站體)_角撐
1000
source_geometry
1000
CD553
1071
1085
  0
LINE
  5
4D1
330
17
100
AcDbEntity
  8
!T1 (站體)_角撐
100
AcDbLine
 10
403404.86904198676
 20
-723516.855456586
 30
0.0
 11
403396.3837606125
 21
-723525.3407379602
 31
0.0
1001
SUPPORT_DISTRIBUTION_UV
1000
clean_dxf_export_v1
1000
background
1000
corner_brace
1000
!T1 (站體)_角撐
1000
source_geometry
1000
CD553
1071
1086
  0
LINE
  5
4D2
330
17
100
AcDbEntity
  8
!T1 (站體)_角撐
100
AcDbLine
 10
404921.2382468002
 20
-724690.6527133556
 30
0.0
 11
405133.37028115615
 21
-724478.5206789997
 31
0.0
1001
SUPPORT_DISTRIBUTION_UV
1000
clean_dxf_export_v1
1000
background
1000
corner_brace
1000
!T1 (站體)_角撐
1000
source_geometry
1000
CD553
1071
1087
  0
LINE
  5
4D3
330
17
100
AcDbEntity
  8
!T1 (站體)_角撐
100
AcDbLine
 10
405038.4022287573
 20
-724845.5694825641
 30
0.0
 11
405038.4022287573
 21
-724833.5694825641
 31
0.0
1001
SUPPORT_DISTRIBUTION_UV
1000
clean_dxf_export_v1
1000
background
1000
corner_brace
1000
!T1 (站體)_角撐
1000
source_geometry
1000
CD553
1071
1088
  0
LINE
  5
4D4
330
17
100
AcDbEntity
  8
!T1 (站體)_角撐
100
AcDbLine
 10
405513.4022287573
 20
-724833.5694825641
 30
0.0
 11
405513.4022287573
 21
-724845.5694825641
 31
0.0
1001
SUPPORT_DISTRIBUTION_UV
1000
clean_dxf_export_v1
1000
background
1000
corner_brace
1000
!T1 (站體)_角撐
1000
source_geometry
1000
CD553
1071
1089
  0
LINE
  5
4D5
330
17
100
AcDbEntity
  8
!T1 (站體)_角撐
100
AcDbLine
 10
405513.4022287573
 20
-724833.5694825641
 30
0.0
 11
405513.4022287573
 21
-724795.5694825641
 31
0.0
1001
SUPPORT_DISTRIBUTION_UV
1000
clean_dxf_export_v1
1000
background
1000
corner_brace
1000
!T1 (站體)_角撐
1000
source_geometry
1000
CD553
1071
1090
  0
LINE
  5
4D6
330
17
100
AcDbEntity
  8
!T1 (站體)_角撐
100
AcDbLine
 10
405513.4022287573
 20
-724795.5694825641
 30
0.0
 11
405141.8555625304
 21
-724487.0059603739
 31
0.0
1001
SUPPORT_DISTRIBUTION_UV
1000
clean_dxf_export_v1
1000
background
1000
corner_brace
1000
!T1 (站體)_角撐
1000
source_geometry
1000
CD553
1071
1091
  0
LINE
  5
4D7
330
17
100
AcDbEntity
  8
!T1 (站體)_角撐
100
AcDbLine
 10
404929.72352817445
 20
-724699.1379947299
 30
0.0
 11
404921.2382468002
 21
-724690.6527133556
 31
0.0
1001
SUPPORT_DISTRIBUTION_UV
1000
clean_dxf_export_v1
1000
background
1000
corner_brace
1000
!T1 (站體)_角撐
1000
source_geometry
1000
CD553
1071
1092
  0
LINE
  5
4D8
330
17
100
AcDbEntity
  8
!T1 (站體)_角撐
100
AcDbLine
 10
405133.37028115615
 20
-724478.5206789997
 30
0.0
 11
405141.8555625304
 21
-724487.0059603739
 31
0.0
1001
SUPPORT_DISTRIBUTION_UV
1000
clean_dxf_export_v1
1000
background
1000
corner_brace
1000
!T1 (站體)_角撐
1000
source_geometry
1000
CD553
1071
1093
  0
LINE
  5
4D9
330
17
100
AcDbEntity
  8
!T1 (站體)_角撐
100
AcDbLine
 10
405038.4022287573
 20
-724833.5694825641
 30
0.0
 11
404929.72352817445
 21
-724699.1379947299
 31
0.0
1001
SUPPORT_DISTRIBUTION_UV
1000
clean_dxf_export_v1
1000
background
1000
corner_brace
1000
!T1 (站體)_角撐
1000
source_geometry
1000
CD553
1071
1094
  0
LINE
  5
4DA
330
17
100
AcDbEntity
  8
!T1 (站體)_角撐
100
AcDbLine
 10
404171.70505874243
 20
-723516.855456586
 30
0.0
 11
404180.1903401167
 21
-723525.3407379602
 31
0.0
1001
SUPPORT_DISTRIBUTION_UV
1000
clean_dxf_export_v1
1000
background
1000
corner_brace
1000
!T1 (站體)_角撐
1000
source_geometry
1000
CD553
1071
1095
  0
LINE
  5
4DB
330
17
100
AcDbEntity
  8
!T1 (站體)_角撐
100
AcDbLine
 10
403988.2870503646
 20
-723295.9986649114
 30
0.0
 11
404171.70505874243
 21
-723516.855456586
 31
0.0
1001
SUPPORT_DISTRIBUTION_UV
1000
clean_dxf_export_v1
1000
background
1000
corner_brace
1000
!T1 (站體)_角撐
1000
source_geometry
1000
CD553
1071
1096
  0
LINE
  5
4DC
330
17
100
AcDbEntity
  8
!T1 (站體)_角撐
100
AcDbLine
 10
404921.2382468002
 20
-724690.6527133556
 30
0.0
 11
403988.2870503646
 21
-723757.7015169201
 31
0.0
1001
SUPPORT_DISTRIBUTION_UV
1000
clean_dxf_export_v1
1000
background
1000
corner_brace
1000
!T1 (站體)_角撐
1000
source_geometry
1000
CD553
1071
1097
  0
LINE
  5
4DD
330
17
100
AcDbEntity
  8
!T1 (站體)_角撐
100
AcDbLine
 10
404180.1903401167
 20
-723525.3407379602
 30
0.0
 11
405133.37028115615
 21
-724478.5206789997
 31
0.0
1001
SUPPORT_DISTRIBUTION_UV
1000
clean_dxf_export_v1
1000
background
1000
corner_brace
1000
!T1 (站體)_角撐
1000
source_geometry
1000
CD553
1071
1098
  0
LINE
  5
4DE
330
17
100
AcDbEntity
  8
!T1 (站體)_角撐
100
AcDbLine
 10
404180.1903401167
 20
-723525.3407379602
 30
0.0
 11
403988.2870503646
 21
-723717.2440277123
 31
0.0
1001
SUPPORT_DISTRIBUTION_UV
1000
clean_dxf_export_v1
1000
background
1000
corner_brace
1000
!T1 (站體)_角撐
1000
source_geometry
1000
CD553
1071
1099
  0
LINE
  5
4DF
330
17
100
AcDbEntity
  8
!T1 (站體)_角撐
100
AcDbLine
 10
408538.1718719719
 20
-724833.5694825641
 30
0.0
 11
408646.8505725548
 21
-724699.1379947299
 31
0.0
1001
SUPPORT_DISTRIBUTION_UV
1000
clean_dxf_export_v1
1000
background
1000
corner_brace
1000
!T1 (站體)_角撐
1000
source_geometry
1000
CD554
1071
1100
  0
LINE
  5
4E0
330
17
100
AcDbEntity
  8
!T1 (站體)_角撐
100
AcDbLine
 10
408443.20381957304
 20
-724478.5206789997
 30
0.0
 11
408434.7185381988
 21
-724487.0059603739
 31
0.0
1001
SUPPORT_DISTRIBUTION_UV
1000
clean_dxf_export_v1
1000
background
1000
corner_brace
1000
!T1 (站體)_角撐
1000
source_geometry
1000
CD554
1071
1101
  0
LINE
  5
4E1
330
17
100
AcDbEntity
  8
!T1 (站體)_角撐
100
AcDbLine
 10
408646.8505725548
 20
-724699.1379947299
 30
0.0
 11
408655.335853929
 21
-724690.6527133556
 31
0.0
1001
SUPPORT_DISTRIBUTION_UV
1000
clean_dxf_export_v1
1000
background
1000
corner_brace
1000
!T1 (站體)_角撐
1000
source_geometry
1000
CD554
1071
1102
  0
LINE
  5
4E2
330
17
100
AcDbEntity
  8
!T1 (站體)_角撐
100
AcDbLine
 10
408063.1718719719
 20
-724795.5694825641
 30
0.0
 11
408434.7185381988
 21
-724487.0059603739
 31
0.0
1001
SUPPORT_DISTRIBUTION_UV
1000
clean_dxf_export_v1
1000
background
1000
corner_brace
1000
!T1 (站體)_角撐
1000
source_geometry
1000
CD554
1071
1103
  0
LINE
  5
4E3
330
17
100
AcDbEntity
  8
!T1 (站體)_角撐
100
AcDbLine
 10
408063.1718719719
 20
-724833.5694825641
 30
0.0
 11
408063.1718719719
 21
-724795.5694825641
 31
0.0
1001
SUPPORT_DISTRIBUTION_UV
1000
clean_dxf_export_v1
1000
background
1000
corner_brace
1000
!T1 (站體)_角撐
1000
source_geometry
1000
CD554
1071
1104
  0
LINE
  5
4E4
330
17
100
AcDbEntity
  8
!T1 (站體)_角撐
100
AcDbLine
 10
408063.1718719719
 20
-724833.5694825641
 30
0.0
 11
408063.1718719719
 21
-724845.5694825641
 31
0.0
1001
SUPPORT_DISTRIBUTION_UV
1000
clean_dxf_export_v1
1000
background
1000
corner_brace
1000
!T1 (站體)_角撐
1000
source_geometry
1000
CD554
1071
1105
  0
LINE
  5
4E5
330
17
100
AcDbEntity
  8
!T1 (站體)_角撐
100
AcDbLine
 10
408538.1718719719
 20
-724845.5694825641
 30
0.0
 11
408538.1718719719
 21
-724833.5694825641
 31
0.0
1001
SUPPORT_DISTRIBUTION_UV
1000
clean_dxf_export_v1
1000
background
1000
corner_brace
1000
!T1 (站體)_角撐
1000
source_geometry
1000
CD554
1071
1106
  0
LINE
  5
4E6
330
17
100
AcDbEntity
  8
!T1 (站體)_角撐
100
AcDbLine
 10
408443.20381957304
 20
-724478.5206789997
 30
0.0
 11
408655.335853929
 21
-724690.6527133556
 31
0.0
1001
SUPPORT_DISTRIBUTION_UV
1000
clean_dxf_export_v1
1000
background
1000
corner_brace
1000
!T1 (站體)_角撐
1000
source_geometry
1000
CD554
1071
1107
  0
LINE
  5
4E7
330
17
100
AcDbEntity
  8
!T1 (站體)_角撐
100
AcDbLine
 10
409396.3837606125
 20
-723525.3407379602
 30
0.0
 11
409588.2870503646
 21
-723717.2440277123
 31
0.0
1001
SUPPORT_DISTRIBUTION_UV
1000
clean_dxf_export_v1
1000
background
1000
corner_brace
1000
!T1 (站體)_角撐
1000
source_geometry
1000
CD554
1071
1108
  0
LINE
  5
4E8
330
17
100
AcDbEntity
  8
!T1 (站體)_角撐
100
AcDbLine
 10
409396.3837606125
 20
-723525.3407379602
 30
0.0
 11
408443.20381957304
 21
-724478.5206789997
 31
0.0
1001
SUPPORT_DISTRIBUTION_UV
1000
clean_dxf_export_v1
1000
background
1000
corner_brace
1000
!T1 (站體)_角撐
1000
source_geometry
1000
CD554
1071
1109
  0
LINE
  5
4E9
330
17
100
AcDbEntity
  8
!T1 (站體)_角撐
100
AcDbLine
 10
408655.335853929
 20
-724690.6527133556
 30
0.0
 11
409588.2870503646
 21
-723757.7015169201
 31
0.0
1001
SUPPORT_DISTRIBUTION_UV
1000
clean_dxf_export_v1
1000
background
1000
corner_brace
1000
!T1 (站體)_角撐
1000
source_geometry
1000
CD554
1071
1110
  0
LINE
  5
4EA
330
17
100
AcDbEntity
  8
!T1 (站體)_角撐
100
AcDbLine
 10
409588.2870503646
 20
-723295.9986649114
 30
0.0
 11
409404.86904198676
 21
-723516.855456586
 31
0.0
1001
SUPPORT_DISTRIBUTION_UV
1000
clean_dxf_export_v1
1000
background
1000
corner_brace
1000
!T1 (站體)_角撐
1000
source_geometry
1000
CD554
1071
1111
  0
LINE
  5
4EB
330
17
100
AcDbEntity
  8
!T1 (站體)_角撐
100
AcDbLine
 10
409404.86904198676
 20
-723516.855456586
 30
0.0
 11
409396.3837606125
 21
-723525.3407379602
 31
0.0
1001
SUPPORT_DISTRIBUTION_UV
1000
clean_dxf_export_v1
1000
background
1000
corner_brace
1000
!T1 (站體)_角撐
1000
source_geometry
1000
CD554
1071
1112
  0
LINE
  5
4EC
330
17
100
AcDbEntity
  8
!T1 (站體)_角撐
100
AcDbLine
 10
410921.2382468002
 20
-724690.6527133556
 30
0.0
 11
411133.37028115615
 21
-724478.5206789997
 31
0.0
1001
SUPPORT_DISTRIBUTION_UV
1000
clean_dxf_export_v1
1000
background
1000
corner_brace
1000
!T1 (站體)_角撐
1000
source_geometry
1000
CD554
1071
1113
  0
LINE
  5
4ED
330
17
100
AcDbEntity
  8
!T1 (站體)_角撐
100
AcDbLine
 10
411038.4022287573
 20
-724845.5694825641
 30
0.0
 11
411038.4022287573
 21
-724833.5694825641
 31
0.0
1001
SUPPORT_DISTRIBUTION_UV
1000
clean_dxf_export_v1
1000
background
1000
corner_brace
1000
!T1 (站體)_角撐
1000
source_geometry
1000
CD554
1071
1114
  0
LINE
  5
4EE
330
17
100
AcDbEntity
  8
!T1 (站體)_角撐
100
AcDbLine
 10
411513.4022287573
 20
-724833.5694825641
 30
0.0
 11
411513.4022287573
 21
-724845.5694825641
 31
0.0
1001
SUPPORT_DISTRIBUTION_UV
1000
clean_dxf_export_v1
1000
background
1000
corner_brace
1000
!T1 (站體)_角撐
1000
source_geometry
1000
CD554
1071
1115
  0
LINE
  5
4EF
330
17
100
AcDbEntity
  8
!T1 (站體)_角撐
100
AcDbLine
 10
411513.4022287573
 20
-724833.5694825641
 30
0.0
 11
411513.4022287573
 21
-724795.5694825641
 31
0.0
1001
SUPPORT_DISTRIBUTION_UV
1000
clean_dxf_export_v1
1000
background
1000
corner_brace
1000
!T1 (站體)_角撐
1000
source_geometry
1000
CD554
1071
1116
  0
LINE
  5
4F0
330
17
100
AcDbEntity
  8
!T1 (站體)_角撐
100
AcDbLine
 10
411513.4022287573
 20
-724795.5694825641
 30
0.0
 11
411141.8555625304
 21
-724487.0059603739
 31
0.0
1001
SUPPORT_DISTRIBUTION_UV
1000
clean_dxf_export_v1
1000
background
1000
corner_brace
1000
!T1 (站體)_角撐
1000
source_geometry
1000
CD554
1071
1117
  0
LINE
  5
4F1
330
17
100
AcDbEntity
  8
!T1 (站體)_角撐
100
AcDbLine
 10
410929.72352817445
 20
-724699.1379947299
 30
0.0
 11
410921.2382468002
 21
-724690.6527133556
 31
0.0
1001
SUPPORT_DISTRIBUTION_UV
1000
clean_dxf_export_v1
1000
background
1000
corner_brace
1000
!T1 (站體)_角撐
1000
source_geometry
1000
CD554
1071
1118
  0
LINE
  5
4F2
330
17
100
AcDbEntity
  8
!T1 (站體)_角撐
100
AcDbLine
 10
411133.37028115615
 20
-724478.5206789997
 30
0.0
 11
411141.8555625304
 21
-724487.0059603739
 31
0.0
1001
SUPPORT_DISTRIBUTION_UV
1000
clean_dxf_export_v1
1000
background
1000
corner_brace
1000
!T1 (站體)_角撐
1000
source_geometry
1000
CD554
1071
1119
  0
LINE
  5
4F3
330
17
100
AcDbEntity
  8
!T1 (站體)_角撐
100
AcDbLine
 10
411038.4022287573
 20
-724833.5694825641
 30
0.0
 11
410929.72352817445
 21
-724699.1379947299
 31
0.0
1001
SUPPORT_DISTRIBUTION_UV
1000
clean_dxf_export_v1
1000
background
1000
corner_brace
1000
!T1 (站體)_角撐
1000
source_geometry
1000
CD554
1071
1120
  0
LINE
  5
4F4
330
17
100
AcDbEntity
  8
!T1 (站體)_角撐
100
AcDbLine
 10
410171.70505874243
 20
-723516.855456586
 30
0.0
 11
410180.1903401167
 21
-723525.3407379602
 31
0.0
1001
SUPPORT_DISTRIBUTION_UV
1000
clean_dxf_export_v1
1000
background
1000
corner_brace
1000
!T1 (站體)_角撐
1000
source_geometry
1000
CD554
1071
1121
  0
LINE
  5
4F5
330
17
100
AcDbEntity
  8
!T1 (站體)_角撐
100
AcDbLine
 10
409988.2870503646
 20
-723295.9986649114
 30
0.0
 11
410171.70505874243
 21
-723516.855456586
 31
0.0
1001
SUPPORT_DISTRIBUTION_UV
1000
clean_dxf_export_v1
1000
background
1000
corner_brace
1000
!T1 (站體)_角撐
1000
source_geometry
1000
CD554
1071
1122
  0
LINE
  5
4F6
330
17
100
AcDbEntity
  8
!T1 (站體)_角撐
100
AcDbLine
 10
410921.2382468002
 20
-724690.6527133556
 30
0.0
 11
409988.2870503646
 21
-723757.7015169201
 31
0.0
1001
SUPPORT_DISTRIBUTION_UV
1000
clean_dxf_export_v1
1000
background
1000
corner_brace
1000
!T1 (站體)_角撐
1000
source_geometry
1000
CD554
1071
1123
  0
LINE
  5
4F7
330
17
100
AcDbEntity
  8
!T1 (站體)_角撐
100
AcDbLine
 10
410180.1903401167
 20
-723525.3407379602
 30
0.0
 11
411133.37028115615
 21
-724478.5206789997
 31
0.0
1001
SUPPORT_DISTRIBUTION_UV
1000
clean_dxf_export_v1
1000
background
1000
corner_brace
1000
!T1 (站體)_角撐
1000
source_geometry
1000
CD554
1071
1124
  0
LINE
  5
4F8
330
17
100
AcDbEntity
  8
!T1 (站體)_角撐
100
AcDbLine
 10
410180.1903401167
 20
-723525.3407379602
 30
0.0
 11
409988.2870503646
 21
-723717.2440277123
 31
0.0
1001
SUPPORT_DISTRIBUTION_UV
1000
clean_dxf_export_v1
1000
background
1000
corner_brace
1000
!T1 (站體)_角撐
1000
source_geometry
1000
CD554
1071
1125
  0
LINE
  5
4F9
330
17
100
AcDbEntity
  8
!T1 (站體)_角撐
100
AcDbLine
 10
414538.1718719719
 20
-724833.5694825641
 30
0.0
 11
414646.8505725548
 21
-724699.1379947299
 31
0.0
1001
SUPPORT_DISTRIBUTION_UV
1000
clean_dxf_export_v1
1000
background
1000
corner_brace
1000
!T1 (站體)_角撐
1000
source_geometry
1000
CD555
1071
1126
  0
LINE
  5
4FA
330
17
100
AcDbEntity
  8
!T1 (站體)_角撐
100
AcDbLine
 10
414443.20381957304
 20
-724478.5206789997
 30
0.0
 11
414434.7185381988
 21
-724487.0059603739
 31
0.0
1001
SUPPORT_DISTRIBUTION_UV
1000
clean_dxf_export_v1
1000
background
1000
corner_brace
1000
!T1 (站體)_角撐
1000
source_geometry
1000
CD555
1071
1127
  0
LINE
  5
4FB
330
17
100
AcDbEntity
  8
!T1 (站體)_角撐
100
AcDbLine
 10
414646.8505725548
 20
-724699.1379947299
 30
0.0
 11
414655.335853929
 21
-724690.6527133556
 31
0.0
1001
SUPPORT_DISTRIBUTION_UV
1000
clean_dxf_export_v1
1000
background
1000
corner_brace
1000
!T1 (站體)_角撐
1000
source_geometry
1000
CD555
1071
1128
  0
LINE
  5
4FC
330
17
100
AcDbEntity
  8
!T1 (站體)_角撐
100
AcDbLine
 10
414063.1718719719
 20
-724795.5694825641
 30
0.0
 11
414434.7185381988
 21
-724487.0059603739
 31
0.0
1001
SUPPORT_DISTRIBUTION_UV
1000
clean_dxf_export_v1
1000
background
1000
corner_brace
1000
!T1 (站體)_角撐
1000
source_geometry
1000
CD555
1071
1129
  0
LINE
  5
4FD
330
17
100
AcDbEntity
  8
!T1 (站體)_角撐
100
AcDbLine
 10
414063.1718719719
 20
-724833.5694825641
 30
0.0
 11
414063.1718719719
 21
-724795.5694825641
 31
0.0
1001
SUPPORT_DISTRIBUTION_UV
1000
clean_dxf_export_v1
1000
background
1000
corner_brace
1000
!T1 (站體)_角撐
1000
source_geometry
1000
CD555
1071
1130
  0
LINE
  5
4FE
330
17
100
AcDbEntity
  8
!T1 (站體)_角撐
100
AcDbLine
 10
414063.1718719719
 20
-724833.5694825641
 30
0.0
 11
414063.1718719719
 21
-724845.5694825641
 31
0.0
1001
SUPPORT_DISTRIBUTION_UV
1000
clean_dxf_export_v1
1000
background
1000
corner_brace
1000
!T1 (站體)_角撐
1000
source_geometry
1000
CD555
1071
1131
  0
LINE
  5
4FF
330
17
100
AcDbEntity
  8
!T1 (站體)_角撐
100
AcDbLine
 10
414538.1718719719
 20
-724845.5694825641
 30
0.0
 11
414538.1718719719
 21
-724833.5694825641
 31
0.0
1001
SUPPORT_DISTRIBUTION_UV
1000
clean_dxf_export_v1
1000
background
1000
corner_brace
1000
!T1 (站體)_角撐
1000
source_geometry
1000
CD555
1071
1132
  0
LINE
  5
500
330
17
100
AcDbEntity
  8
!T1 (站體)_角撐
100
AcDbLine
 10
414443.20381957304
 20
-724478.5206789997
 30
0.0
 11
414655.335853929
 21
-724690.6527133556
 31
0.0
1001
SUPPORT_DISTRIBUTION_UV
1000
clean_dxf_export_v1
1000
background
1000
corner_brace
1000
!T1 (站體)_角撐
1000
source_geometry
1000
CD555
1071
1133
  0
LINE
  5
501
330
17
100
AcDbEntity
  8
!T1 (站體)_角撐
100
AcDbLine
 10
415396.3837606125
 20
-723525.3407379602
 30
0.0
 11
415588.2870503646
 21
-723717.2440277123
 31
0.0
1001
SUPPORT_DISTRIBUTION_UV
1000
clean_dxf_export_v1
1000
background
1000
corner_brace
1000
!T1 (站體)_角撐
1000
source_geometry
1000
CD555
1071
1134
  0
LINE
  5
502
330
17
100
AcDbEntity
  8
!T1 (站體)_角撐
100
AcDbLine
 10
415396.3837606125
 20
-723525.3407379602
 30
0.0
 11
414443.20381957304
 21
-724478.5206789997
 31
0.0
1001
SUPPORT_DISTRIBUTION_UV
1000
clean_dxf_export_v1
1000
background
1000
corner_brace
1000
!T1 (站體)_角撐
1000
source_geometry
1000
CD555
1071
1135
  0
LINE
  5
503
330
17
100
AcDbEntity
  8
!T1 (站體)_角撐
100
AcDbLine
 10
414655.335853929
 20
-724690.6527133556
 30
0.0
 11
415588.2870503646
 21
-723757.7015169201
 31
0.0
1001
SUPPORT_DISTRIBUTION_UV
1000
clean_dxf_export_v1
1000
background
1000
corner_brace
1000
!T1 (站體)_角撐
1000
source_geometry
1000
CD555
1071
1136
  0
LINE
  5
504
330
17
100
AcDbEntity
  8
!T1 (站體)_角撐
100
AcDbLine
 10
415588.2870503646
 20
-723295.9986649114
 30
0.0
 11
415404.86904198676
 21
-723516.855456586
 31
0.0
1001
SUPPORT_DISTRIBUTION_UV
1000
clean_dxf_export_v1
1000
background
1000
corner_brace
1000
!T1 (站體)_角撐
1000
source_geometry
1000
CD555
1071
1137
  0
LINE
  5
505
330
17
100
AcDbEntity
  8
!T1 (站體)_角撐
100
AcDbLine
 10
415404.86904198676
 20
-723516.855456586
 30
0.0
 11
415396.3837606125
 21
-723525.3407379602
 31
0.0
1001
SUPPORT_DISTRIBUTION_UV
1000
clean_dxf_export_v1
1000
background
1000
corner_brace
1000
!T1 (站體)_角撐
1000
source_geometry
1000
CD555
1071
1138
  0
LINE
  5
506
330
17
100
AcDbEntity
  8
!T1 (站體)_角撐
100
AcDbLine
 10
416921.2382468002
 20
-724690.6527133556
 30
0.0
 11
417133.37028115615
 21
-724478.5206789997
 31
0.0
1001
SUPPORT_DISTRIBUTION_UV
1000
clean_dxf_export_v1
1000
background
1000
corner_brace
1000
!T1 (站體)_角撐
1000
source_geometry
1000
CD555
1071
1139
  0
LINE
  5
507
330
17
100
AcDbEntity
  8
!T1 (站體)_角撐
100
AcDbLine
 10
417038.4022287573
 20
-724845.5694825641
 30
0.0
 11
417038.4022287573
 21
-724833.5694825641
 31
0.0
1001
SUPPORT_DISTRIBUTION_UV
1000
clean_dxf_export_v1
1000
background
1000
corner_brace
1000
!T1 (站體)_角撐
1000
source_geometry
1000
CD555
1071
1140
  0
LINE
  5
508
330
17
100
AcDbEntity
  8
!T1 (站體)_角撐
100
AcDbLine
 10
417513.4022287573
 20
-724833.5694825641
 30
0.0
 11
417513.4022287573
 21
-724845.5694825641
 31
0.0
1001
SUPPORT_DISTRIBUTION_UV
1000
clean_dxf_export_v1
1000
background
1000
corner_brace
1000
!T1 (站體)_角撐
1000
source_geometry
1000
CD555
1071
1141
  0
LINE
  5
509
330
17
100
AcDbEntity
  8
!T1 (站體)_角撐
100
AcDbLine
 10
417513.4022287573
 20
-724833.5694825641
 30
0.0
 11
417513.4022287573
 21
-724795.5694825641
 31
0.0
1001
SUPPORT_DISTRIBUTION_UV
1000
clean_dxf_export_v1
1000
background
1000
corner_brace
1000
!T1 (站體)_角撐
1000
source_geometry
1000
CD555
1071
1142
  0
LINE
  5
50A
330
17
100
AcDbEntity
  8
!T1 (站體)_角撐
100
AcDbLine
 10
417513.4022287573
 20
-724795.5694825641
 30
0.0
 11
417141.8555625304
 21
-724487.0059603739
 31
0.0
1001
SUPPORT_DISTRIBUTION_UV
1000
clean_dxf_export_v1
1000
background
1000
corner_brace
1000
!T1 (站體)_角撐
1000
source_geometry
1000
CD555
1071
1143
  0
LINE
  5
50B
330
17
100
AcDbEntity
  8
!T1 (站體)_角撐
100
AcDbLine
 10
416929.72352817445
 20
-724699.1379947299
 30
0.0
 11
416921.2382468002
 21
-724690.6527133556
 31
0.0
1001
SUPPORT_DISTRIBUTION_UV
1000
clean_dxf_export_v1
1000
background
1000
corner_brace
1000
!T1 (站體)_角撐
1000
source_geometry
1000
CD555
1071
1144
  0
LINE
  5
50C
330
17
100
AcDbEntity
  8
!T1 (站體)_角撐
100
AcDbLine
 10
417133.37028115615
 20
-724478.5206789997
 30
0.0
 11
417141.8555625304
 21
-724487.0059603739
 31
0.0
1001
SUPPORT_DISTRIBUTION_UV
1000
clean_dxf_export_v1
1000
background
1000
corner_brace
1000
!T1 (站體)_角撐
1000
source_geometry
1000
CD555
1071
1145
  0
LINE
  5
50D
330
17
100
AcDbEntity
  8
!T1 (站體)_角撐
100
AcDbLine
 10
417038.4022287573
 20
-724833.5694825641
 30
0.0
 11
416929.72352817445
 21
-724699.1379947299
 31
0.0
1001
SUPPORT_DISTRIBUTION_UV
1000
clean_dxf_export_v1
1000
background
1000
corner_brace
1000
!T1 (站體)_角撐
1000
source_geometry
1000
CD555
1071
1146
  0
LINE
  5
50E
330
17
100
AcDbEntity
  8
!T1 (站體)_角撐
100
AcDbLine
 10
416171.70505874243
 20
-723516.855456586
 30
0.0
 11
416180.1903401167
 21
-723525.3407379602
 31
0.0
1001
SUPPORT_DISTRIBUTION_UV
1000
clean_dxf_export_v1
1000
background
1000
corner_brace
1000
!T1 (站體)_角撐
1000
source_geometry
1000
CD555
1071
1147
  0
LINE
  5
50F
330
17
100
AcDbEntity
  8
!T1 (站體)_角撐
100
AcDbLine
 10
415988.2870503646
 20
-723295.9986649114
 30
0.0
 11
416171.70505874243
 21
-723516.855456586
 31
0.0
1001
SUPPORT_DISTRIBUTION_UV
1000
clean_dxf_export_v1
1000
background
1000
corner_brace
1000
!T1 (站體)_角撐
1000
source_geometry
1000
CD555
1071
1148
  0
LINE
  5
510
330
17
100
AcDbEntity
  8
!T1 (站體)_角撐
100
AcDbLine
 10
416921.2382468002
 20
-724690.6527133556
 30
0.0
 11
415988.2870503646
 21
-723757.7015169201
 31
0.0
1001
SUPPORT_DISTRIBUTION_UV
1000
clean_dxf_export_v1
1000
background
1000
corner_brace
1000
!T1 (站體)_角撐
1000
source_geometry
1000
CD555
1071
1149
  0
LINE
  5
511
330
17
100
AcDbEntity
  8
!T1 (站體)_角撐
100
AcDbLine
 10
416180.1903401167
 20
-723525.3407379602
 30
0.0
 11
417133.37028115615
 21
-724478.5206789997
 31
0.0
1001
SUPPORT_DISTRIBUTION_UV
1000
clean_dxf_export_v1
1000
background
1000
corner_brace
1000
!T1 (站體)_角撐
1000
source_geometry
1000
CD555
1071
1150
  0
LINE
  5
512
330
17
100
AcDbEntity
  8
!T1 (站體)_角撐
100
AcDbLine
 10
416180.1903401167
 20
-723525.3407379602
 30
0.0
 11
415988.2870503646
 21
-723717.2440277123
 31
0.0
1001
SUPPORT_DISTRIBUTION_UV
1000
clean_dxf_export_v1
1000
background
1000
corner_brace
1000
!T1 (站體)_角撐
1000
source_geometry
1000
CD555
1071
1151
  0
LINE
  5
513
330
17
100
AcDbEntity
  8
!T1 (站體)_角撐
100
AcDbLine
 10
420538.1718719719
 20
-724833.5694825641
 30
0.0
 11
420646.8505725548
 21
-724699.1379947299
 31
0.0
1001
SUPPORT_DISTRIBUTION_UV
1000
clean_dxf_export_v1
1000
background
1000
corner_brace
1000
!T1 (站體)_角撐
1000
source_geometry
1000
CD556
1071
1152
  0
LINE
  5
514
330
17
100
AcDbEntity
  8
!T1 (站體)_角撐
100
AcDbLine
 10
420443.20381957304
 20
-724478.5206789997
 30
0.0
 11
420434.7185381988
 21
-724487.0059603739
 31
0.0
1001
SUPPORT_DISTRIBUTION_UV
1000
clean_dxf_export_v1
1000
background
1000
corner_brace
1000
!T1 (站體)_角撐
1000
source_geometry
1000
CD556
1071
1153
  0
LINE
  5
515
330
17
100
AcDbEntity
  8
!T1 (站體)_角撐
100
AcDbLine
 10
420646.8505725548
 20
-724699.1379947299
 30
0.0
 11
420655.335853929
 21
-724690.6527133556
 31
0.0
1001
SUPPORT_DISTRIBUTION_UV
1000
clean_dxf_export_v1
1000
background
1000
corner_brace
1000
!T1 (站體)_角撐
1000
source_geometry
1000
CD556
1071
1154
  0
LINE
  5
516
330
17
100
AcDbEntity
  8
!T1 (站體)_角撐
100
AcDbLine
 10
420063.1718719719
 20
-724795.5694825641
 30
0.0
 11
420434.7185381988
 21
-724487.0059603739
 31
0.0
1001
SUPPORT_DISTRIBUTION_UV
1000
clean_dxf_export_v1
1000
background
1000
corner_brace
1000
!T1 (站體)_角撐
1000
source_geometry
1000
CD556
1071
1155
  0
LINE
  5
517
330
17
100
AcDbEntity
  8
!T1 (站體)_角撐
100
AcDbLine
 10
420063.1718719719
 20
-724833.5694825641
 30
0.0
 11
420063.1718719719
 21
-724795.5694825641
 31
0.0
1001
SUPPORT_DISTRIBUTION_UV
1000
clean_dxf_export_v1
1000
background
1000
corner_brace
1000
!T1 (站體)_角撐
1000
source_geometry
1000
CD556
1071
1156
  0
LINE
  5
518
330
17
100
AcDbEntity
  8
!T1 (站體)_角撐
100
AcDbLine
 10
420063.1718719719
 20
-724833.5694825641
 30
0.0
 11
420063.1718719719
 21
-724845.5694825641
 31
0.0
1001
SUPPORT_DISTRIBUTION_UV
1000
clean_dxf_export_v1
1000
background
1000
corner_brace
1000
!T1 (站體)_角撐
1000
source_geometry
1000
CD556
1071
1157
  0
LINE
  5
519
330
17
100
AcDbEntity
  8
!T1 (站體)_角撐
100
AcDbLine
 10
420538.1718719719
 20
-724845.5694825641
 30
0.0
 11
420538.1718719719
 21
-724833.5694825641
 31
0.0
1001
SUPPORT_DISTRIBUTION_UV
1000
clean_dxf_export_v1
1000
background
1000
corner_brace
1000
!T1 (站體)_角撐
1000
source_geometry
1000
CD556
1071
1158
  0
LINE
  5
51A
330
17
100
AcDbEntity
  8
!T1 (站體)_角撐
100
AcDbLine
 10
420443.20381957304
 20
-724478.5206789997
 30
0.0
 11
420655.335853929
 21
-724690.6527133556
 31
0.0
1001
SUPPORT_DISTRIBUTION_UV
1000
clean_dxf_export_v1
1000
background
1000
corner_brace
1000
!T1 (站體)_角撐
1000
source_geometry
1000
CD556
1071
1159
  0
LINE
  5
51B
330
17
100
AcDbEntity
  8
!T1 (站體)_角撐
100
AcDbLine
 10
421396.3837606125
 20
-723525.3407379602
 30
0.0
 11
421588.2870503646
 21
-723717.2440277123
 31
0.0
1001
SUPPORT_DISTRIBUTION_UV
1000
clean_dxf_export_v1
1000
background
1000
corner_brace
1000
!T1 (站體)_角撐
1000
source_geometry
1000
CD556
1071
1160
  0
LINE
  5
51C
330
17
100
AcDbEntity
  8
!T1 (站體)_角撐
100
AcDbLine
 10
421396.3837606125
 20
-723525.3407379602
 30
0.0
 11
420443.20381957304
 21
-724478.5206789997
 31
0.0
1001
SUPPORT_DISTRIBUTION_UV
1000
clean_dxf_export_v1
1000
background
1000
corner_brace
1000
!T1 (站體)_角撐
1000
source_geometry
1000
CD556
1071
1161
  0
LINE
  5
51D
330
17
100
AcDbEntity
  8
!T1 (站體)_角撐
100
AcDbLine
 10
420655.335853929
 20
-724690.6527133556
 30
0.0
 11
421588.2870503646
 21
-723757.7015169201
 31
0.0
1001
SUPPORT_DISTRIBUTION_UV
1000
clean_dxf_export_v1
1000
background
1000
corner_brace
1000
!T1 (站體)_角撐
1000
source_geometry
1000
CD556
1071
1162
  0
LINE
  5
51E
330
17
100
AcDbEntity
  8
!T1 (站體)_角撐
100
AcDbLine
 10
421588.2870503646
 20
-723295.9986649114
 30
0.0
 11
421404.86904198676
 21
-723516.855456586
 31
0.0
1001
SUPPORT_DISTRIBUTION_UV
1000
clean_dxf_export_v1
1000
background
1000
corner_brace
1000
!T1 (站體)_角撐
1000
source_geometry
1000
CD556
1071
1163
  0
LINE
  5
51F
330
17
100
AcDbEntity
  8
!T1 (站體)_角撐
100
AcDbLine
 10
421404.86904198676
 20
-723516.855456586
 30
0.0
 11
421396.3837606125
 21
-723525.3407379602
 31
0.0
1001
SUPPORT_DISTRIBUTION_UV
1000
clean_dxf_export_v1
1000
background
1000
corner_brace
1000
!T1 (站體)_角撐
1000
source_geometry
1000
CD556
1071
1164
  0
LINE
  5
520
330
17
100
AcDbEntity
  8
!T1 (站體)_角撐
100
AcDbLine
 10
422921.2382468002
 20
-724690.6527133556
 30
0.0
 11
423133.37028115615
 21
-724478.5206789997
 31
0.0
1001
SUPPORT_DISTRIBUTION_UV
1000
clean_dxf_export_v1
1000
background
1000
corner_brace
1000
!T1 (站體)_角撐
1000
source_geometry
1000
CD556
1071
1165
  0
LINE
  5
521
330
17
100
AcDbEntity
  8
!T1 (站體)_角撐
100
AcDbLine
 10
423038.4022287573
 20
-724845.5694825641
 30
0.0
 11
423038.4022287573
 21
-724833.5694825641
 31
0.0
1001
SUPPORT_DISTRIBUTION_UV
1000
clean_dxf_export_v1
1000
background
1000
corner_brace
1000
!T1 (站體)_角撐
1000
source_geometry
1000
CD556
1071
1166
  0
LINE
  5
522
330
17
100
AcDbEntity
  8
!T1 (站體)_角撐
100
AcDbLine
 10
423513.4022287573
 20
-724833.5694825641
 30
0.0
 11
423513.4022287573
 21
-724845.5694825641
 31
0.0
1001
SUPPORT_DISTRIBUTION_UV
1000
clean_dxf_export_v1
1000
background
1000
corner_brace
1000
!T1 (站體)_角撐
1000
source_geometry
1000
CD556
1071
1167
  0
LINE
  5
523
330
17
100
AcDbEntity
  8
!T1 (站體)_角撐
100
AcDbLine
 10
423513.4022287573
 20
-724833.5694825641
 30
0.0
 11
423513.4022287573
 21
-724795.5694825641
 31
0.0
1001
SUPPORT_DISTRIBUTION_UV
1000
clean_dxf_export_v1
1000
background
1000
corner_brace
1000
!T1 (站體)_角撐
1000
source_geometry
1000
CD556
1071
1168
  0
LINE
  5
524
330
17
100
AcDbEntity
  8
!T1 (站體)_角撐
100
AcDbLine
 10
423513.4022287573
 20
-724795.5694825641
 30
0.0
 11
423141.8555625304
 21
-724487.0059603739
 31
0.0
1001
SUPPORT_DISTRIBUTION_UV
1000
clean_dxf_export_v1
1000
background
1000
corner_brace
1000
!T1 (站體)_角撐
1000
source_geometry
1000
CD556
1071
1169
  0
LINE
  5
525
330
17
100
AcDbEntity
  8
!T1 (站體)_角撐
100
AcDbLine
 10
422929.72352817445
 20
-724699.1379947299
 30
0.0
 11
422921.2382468002
 21
-724690.6527133556
 31
0.0
1001
SUPPORT_DISTRIBUTION_UV
1000
clean_dxf_export_v1
1000
background
1000
corner_brace
1000
!T1 (站體)_角撐
1000
source_geometry
1000
CD556
1071
1170
  0
LINE
  5
526
330
17
100
AcDbEntity
  8
!T1 (站體)_角撐
100
AcDbLine
 10
423133.37028115615
 20
-724478.5206789997
 30
0.0
 11
423141.8555625304
 21
-724487.0059603739
 31
0.0
1001
SUPPORT_DISTRIBUTION_UV
1000
clean_dxf_export_v1
1000
background
1000
corner_brace
1000
!T1 (站體)_角撐
1000
source_geometry
1000
CD556
1071
1171
  0
LINE
  5
527
330
17
100
AcDbEntity
  8
!T1 (站體)_角撐
100
AcDbLine
 10
423038.4022287573
 20
-724833.5694825641
 30
0.0
 11
422929.72352817445
 21
-724699.1379947299
 31
0.0
1001
SUPPORT_DISTRIBUTION_UV
1000
clean_dxf_export_v1
1000
background
1000
corner_brace
1000
!T1 (站體)_角撐
1000
source_geometry
1000
CD556
1071
1172
  0
LINE
  5
528
330
17
100
AcDbEntity
  8
!T1 (站體)_角撐
100
AcDbLine
 10
422171.70505874243
 20
-723516.855456586
 30
0.0
 11
422180.1903401167
 21
-723525.3407379602
 31
0.0
1001
SUPPORT_DISTRIBUTION_UV
1000
clean_dxf_export_v1
1000
background
1000
corner_brace
1000
!T1 (站體)_角撐
1000
source_geometry
1000
CD556
1071
1173
  0
LINE
  5
529
330
17
100
AcDbEntity
  8
!T1 (站體)_角撐
100
AcDbLine
 10
421988.2870503646
 20
-723295.9986649114
 30
0.0
 11
422171.70505874243
 21
-723516.855456586
 31
0.0
1001
SUPPORT_DISTRIBUTION_UV
1000
clean_dxf_export_v1
1000
background
1000
corner_brace
1000
!T1 (站體)_角撐
1000
source_geometry
1000
CD556
1071
1174
  0
LINE
  5
52A
330
17
100
AcDbEntity
  8
!T1 (站體)_角撐
100
AcDbLine
 10
422921.2382468002
 20
-724690.6527133556
 30
0.0
 11
421988.2870503646
 21
-723757.7015169201
 31
0.0
1001
SUPPORT_DISTRIBUTION_UV
1000
clean_dxf_export_v1
1000
background
1000
corner_brace
1000
!T1 (站體)_角撐
1000
source_geometry
1000
CD556
1071
1175
  0
LINE
  5
52B
330
17
100
AcDbEntity
  8
!T1 (站體)_角撐
100
AcDbLine
 10
422180.1903401167
 20
-723525.3407379602
 30
0.0
 11
423133.37028115615
 21
-724478.5206789997
 31
0.0
1001
SUPPORT_DISTRIBUTION_UV
1000
clean_dxf_export_v1
1000
background
1000
corner_brace
1000
!T1 (站體)_角撐
1000
source_geometry
1000
CD556
1071
1176
  0
LINE
  5
52C
330
17
100
AcDbEntity
  8
!T1 (站體)_角撐
100
AcDbLine
 10
422180.1903401167
 20
-723525.3407379602
 30
0.0
 11
421988.2870503646
 21
-723717.2440277123
 31
0.0
1001
SUPPORT_DISTRIBUTION_UV
1000
clean_dxf_export_v1
1000
background
1000
corner_brace
1000
!T1 (站體)_角撐
1000
source_geometry
1000
CD556
1071
1177
  0
LINE
  5
52D
330
17
100
AcDbEntity
  8
!T1 (站體)_角撐
100
AcDbLine
 10
350038.1718719719
 20
-703557.5703397811
 30
0.0
 11
350146.8505725548
 21
-703692.0018276153
 31
0.0
1001
SUPPORT_DISTRIBUTION_UV
1000
clean_dxf_export_v1
1000
background
1000
corner_brace
1000
!T1 (站體)_角撐
1000
source_geometry
1000
CD557
1071
1178
  0
LINE
  5
52E
330
17
100
AcDbEntity
  8
!T1 (站體)_角撐
100
AcDbLine
 10
349943.20381957304
 20
-703912.6191433455
 30
0.0
 11
349934.7185381988
 21
-703904.1338619713
 31
0.0
1001
SUPPORT_DISTRIBUTION_UV
1000
clean_dxf_export_v1
1000
background
1000
corner_brace
1000
!T1 (站體)_角撐
1000
source_geometry
1000
CD557
1071
1179
  0
LINE
  5
52F
330
17
100
AcDbEntity
  8
!T1 (站體)_角撐
100
AcDbLine
 10
350146.8505725548
 20
-703692.0018276153
 30
0.0
 11
350155.335853929
 21
-703700.4871089896
 31
0.0
1001
SUPPORT_DISTRIBUTION_UV
1000
clean_dxf_export_v1
1000
background
1000
corner_brace
1000
!T1 (站體)_角撐
1000
source_geometry
1000
CD557
1071
1180
  0
LINE
  5
530
330
17
100
AcDbEntity
  8
!T1 (站體)_角撐
100
AcDbLine
 10
349563.1718719719
 20
-703595.5703397811
 30
0.0
 11
349934.7185381988
 21
-703904.1338619713
 31
0.0
1001
SUPPORT_DISTRIBUTION_UV
1000
clean_dxf_export_v1
1000
background
1000
corner_brace
1000
!T1 (站體)_角撐
1000
source_geometry
1000
CD557
1071
1181
  0
LINE
  5
531
330
17
100
AcDbEntity
  8
!T1 (站體)_角撐
100
AcDbLine
 10
349563.1718719719
 20
-703557.5703397811
 30
0.0
 11
349563.1718719719
 21
-703595.5703397811
 31
0.0
1001
SUPPORT_DISTRIBUTION_UV
1000
clean_dxf_export_v1
1000
background
1000
corner_brace
1000
!T1 (站體)_角撐
1000
source_geometry
1000
CD557
1071
1182
  0
LINE
  5
532
330
17
100
AcDbEntity
  8
!T1 (站體)_角撐
100
AcDbLine
 10
349563.1718719719
 20
-703557.5703397811
 30
0.0
 11
349563.1718719719
 21
-703545.5703397811
 31
0.0
1001
SUPPORT_DISTRIBUTION_UV
1000
clean_dxf_export_v1
1000
background
1000
corner_brace
1000
!T1 (站體)_角撐
1000
source_geometry
1000
CD557
1071
1183
  0
LINE
  5
533
330
17
100
AcDbEntity
  8
!T1 (站體)_角撐
100
AcDbLine
 10
350038.1718719719
 20
-703545.5703397811
 30
0.0
 11
350038.1718719719
 21
-703557.5703397811
 31
0.0
1001
SUPPORT_DISTRIBUTION_UV
1000
clean_dxf_export_v1
1000
background
1000
corner_brace
1000
!T1 (站體)_角撐
1000
source_geometry
1000
CD557
1071
1184
  0
LINE
  5
534
330
17
100
AcDbEntity
  8
!T1 (站體)_角撐
100
AcDbLine
 10
349943.20381957304
 20
-703912.6191433455
 30
0.0
 11
350155.335853929
 21
-703700.4871089896
 31
0.0
1001
SUPPORT_DISTRIBUTION_UV
1000
clean_dxf_export_v1
1000
background
1000
corner_brace
1000
!T1 (站體)_角撐
1000
source_geometry
1000
CD557
1071
1185
  0
LINE
  5
535
330
17
100
AcDbEntity
  8
!T1 (站體)_角撐
100
AcDbLine
 10
350896.3837606125
 20
-704865.799084385
 30
0.0
 11
351088.2870503646
 21
-704673.895794633
 31
0.0
1001
SUPPORT_DISTRIBUTION_UV
1000
clean_dxf_export_v1
1000
background
1000
corner_brace
1000
!T1 (站體)_角撐
1000
source_geometry
1000
CD557
1071
1186
  0
LINE
  5
536
330
17
100
AcDbEntity
  8
!T1 (站體)_角撐
100
AcDbLine
 10
350896.3837606125
 20
-704865.799084385
 30
0.0
 11
349943.20381957304
 21
-703912.6191433455
 31
0.0
1001
SUPPORT_DISTRIBUTION_UV
1000
clean_dxf_export_v1
1000
background
1000
corner_brace
1000
!T1 (站體)_角撐
1000
source_geometry
1000
CD557
1071
1187
  0
LINE
  5
537
330
17
100
AcDbEntity
  8
!T1 (站體)_角撐
100
AcDbLine
 10
350155.335853929
 20
-703700.4871089896
 30
0.0
 11
351088.2870503646
 21
-704633.4383054251
 31
0.0
1001
SUPPORT_DISTRIBUTION_UV
1000
clean_dxf_export_v1
1000
background
1000
corner_brace
1000
!T1 (站體)_角撐
1000
source_geometry
1000
CD557
1071
1188
  0
LINE
  5
538
330
17
100
AcDbEntity
  8
!T1 (站體)_角撐
100
AcDbLine
 10
351088.2870503646
 20
-705095.1411574339
 30
0.0
 11
350904.86904198676
 21
-704874.2843657592
 31
0.0
1001
SUPPORT_DISTRIBUTION_UV
1000
clean_dxf_export_v1
1000
background
1000
corner_brace
1000
!T1 (站體)_角撐
1000
source_geometry
1000
CD557
1071
1189
  0
LINE
  5
539
330
17
100
AcDbEntity
  8
!T1 (站體)_角撐
100
AcDbLine
 10
350904.86904198676
 20
-704874.2843657592
 30
0.0
 11
350896.3837606125
 21
-704865.799084385
 31
0.0
1001
SUPPORT_DISTRIBUTION_UV
1000
clean_dxf_export_v1
1000
background
1000
corner_brace
1000
!T1 (站體)_角撐
1000
source_geometry
1000
CD557
1071
1190
  0
LINE
  5
53A
330
17
100
AcDbEntity
  8
!T1 (站體)_角撐
100
AcDbLine
 10
352421.2382468002
 20
-703700.4871089896
 30
0.0
 11
352633.37028115615
 21
-703912.6191433455
 31
0.0
1001
SUPPORT_DISTRIBUTION_UV
1000
clean_dxf_export_v1
1000
background
1000
corner_brace
1000
!T1 (站體)_角撐
1000
source_geometry
1000
CD557
1071
1191
  0
LINE
  5
53B
330
17
100
AcDbEntity
  8
!T1 (站體)_角撐
100
AcDbLine
 10
352538.4022287573
 20
-703545.5703397811
 30
0.0
 11
352538.4022287573
 21
-703557.5703397811
 31
0.0
1001
SUPPORT_DISTRIBUTION_UV
1000
clean_dxf_export_v1
1000
background
1000
corner_brace
1000
!T1 (站體)_角撐
1000
source_geometry
1000
CD557
1071
1192
  0
LINE
  5
53C
330
17
100
AcDbEntity
  8
!T1 (站體)_角撐
100
AcDbLine
 10
353013.4022287573
 20
-703557.5703397811
 30
0.0
 11
353013.4022287573
 21
-703545.5703397811
 31
0.0
1001
SUPPORT_DISTRIBUTION_UV
1000
clean_dxf_export_v1
1000
background
1000
corner_brace
1000
!T1 (站體)_角撐
1000
source_geometry
1000
CD557
1071
1193
  0
LINE
  5
53D
330
17
100
AcDbEntity
  8
!T1 (站體)_角撐
100
AcDbLine
 10
353013.4022287573
 20
-703557.5703397811
 30
0.0
 11
353013.4022287573
 21
-703595.5703397811
 31
0.0
1001
SUPPORT_DISTRIBUTION_UV
1000
clean_dxf_export_v1
1000
background
1000
corner_brace
1000
!T1 (站體)_角撐
1000
source_geometry
1000
CD557
1071
1194
  0
LINE
  5
53E
330
17
100
AcDbEntity
  8
!T1 (站體)_角撐
100
AcDbLine
 10
353013.4022287573
 20
-703595.5703397811
 30
0.0
 11
352641.8555625304
 21
-703904.1338619713
 31
0.0
1001
SUPPORT_DISTRIBUTION_UV
1000
clean_dxf_export_v1
1000
background
1000
corner_brace
1000
!T1 (站體)_角撐
1000
source_geometry
1000
CD557
1071
1195
  0
LINE
  5
53F
330
17
100
AcDbEntity
  8
!T1 (站體)_角撐
100
AcDbLine
 10
352429.72352817445
 20
-703692.0018276153
 30
0.0
 11
352421.2382468002
 21
-703700.4871089896
 31
0.0
1001
SUPPORT_DISTRIBUTION_UV
1000
clean_dxf_export_v1
1000
background
1000
corner_brace
1000
!T1 (站體)_角撐
1000
source_geometry
1000
CD557
1071
1196
  0
LINE
  5
540
330
17
100
AcDbEntity
  8
!T1 (站體)_角撐
100
AcDbLine
 10
352633.37028115615
 20
-703912.6191433455
 30
0.0
 11
352641.8555625304
 21
-703904.1338619713
 31
0.0
1001
SUPPORT_DISTRIBUTION_UV
1000
clean_dxf_export_v1
1000
background
1000
corner_brace
1000
!T1 (站體)_角撐
1000
source_geometry
1000
CD557
1071
1197
  0
LINE
  5
541
330
17
100
AcDbEntity
  8
!T1 (站體)_角撐
100
AcDbLine
 10
352538.4022287573
 20
-703557.5703397811
 30
0.0
 11
352429.72352817445
 21
-703692.0018276153
 31
0.0
1001
SUPPORT_DISTRIBUTION_UV
1000
clean_dxf_export_v1
1000
background
1000
corner_brace
1000
!T1 (站體)_角撐
1000
source_geometry
1000
CD557
1071
1198
  0
LINE
  5
542
330
17
100
AcDbEntity
  8
!T1 (站體)_角撐
100
AcDbLine
 10
351671.70505874243
 20
-704874.2843657592
 30
0.0
 11
351680.1903401167
 21
-704865.799084385
 31
0.0
1001
SUPPORT_DISTRIBUTION_UV
1000
clean_dxf_export_v1
1000
background
1000
corner_brace
1000
!T1 (站體)_角撐
1000
source_geometry
1000
CD557
1071
1199
  0
LINE
  5
543
330
17
100
AcDbEntity
  8
!T1 (站體)_角撐
100
AcDbLine
 10
351488.2870503646
 20
-705095.1411574339
 30
0.0
 11
351671.70505874243
 21
-704874.2843657592
 31
0.0
1001
SUPPORT_DISTRIBUTION_UV
1000
clean_dxf_export_v1
1000
background
1000
corner_brace
1000
!T1 (站體)_角撐
1000
source_geometry
1000
CD557
1071
1200
  0
LINE
  5
544
330
17
100
AcDbEntity
  8
!T1 (站體)_角撐
100
AcDbLine
 10
352421.2382468002
 20
-703700.4871089896
 30
0.0
 11
351488.2870503646
 21
-704633.4383054251
 31
0.0
1001
SUPPORT_DISTRIBUTION_UV
1000
clean_dxf_export_v1
1000
background
1000
corner_brace
1000
!T1 (站體)_角撐
1000
source_geometry
1000
CD557
1071
1201
  0
LINE
  5
545
330
17
100
AcDbEntity
  8
!T1 (站體)_角撐
100
AcDbLine
 10
351680.1903401167
 20
-704865.799084385
 30
0.0
 11
352633.37028115615
 21
-703912.6191433455
 31
0.0
1001
SUPPORT_DISTRIBUTION_UV
1000
clean_dxf_export_v1
1000
background
1000
corner_brace
1000
!T1 (站體)_角撐
1000
source_geometry
1000
CD557
1071
1202
  0
LINE
  5
546
330
17
100
AcDbEntity
  8
!T1 (站體)_角撐
100
AcDbLine
 10
351680.1903401167
 20
-704865.799084385
 30
0.0
 11
351488.2870503646
 21
-704673.895794633
 31
0.0
1001
SUPPORT_DISTRIBUTION_UV
1000
clean_dxf_export_v1
1000
background
1000
corner_brace
1000
!T1 (站體)_角撐
1000
source_geometry
1000
CD557
1071
1203
  0
LINE
  5
547
330
17
100
AcDbEntity
  8
!T1 (站體)_角撐
100
AcDbLine
 10
356038.1718719719
 20
-703557.5703397811
 30
0.0
 11
356146.8505725548
 21
-703692.0018276153
 31
0.0
1001
SUPPORT_DISTRIBUTION_UV
1000
clean_dxf_export_v1
1000
background
1000
corner_brace
1000
!T1 (站體)_角撐
1000
source_geometry
1000
CD558
1071
1204
  0
LINE
  5
548
330
17
100
AcDbEntity
  8
!T1 (站體)_角撐
100
AcDbLine
 10
355943.20381957304
 20
-703912.6191433455
 30
0.0
 11
355934.7185381988
 21
-703904.1338619713
 31
0.0
1001
SUPPORT_DISTRIBUTION_UV
1000
clean_dxf_export_v1
1000
background
1000
corner_brace
1000
!T1 (站體)_角撐
1000
source_geometry
1000
CD558
1071
1205
  0
LINE
  5
549
330
17
100
AcDbEntity
  8
!T1 (站體)_角撐
100
AcDbLine
 10
356146.8505725548
 20
-703692.0018276153
 30
0.0
 11
356155.335853929
 21
-703700.4871089896
 31
0.0
1001
SUPPORT_DISTRIBUTION_UV
1000
clean_dxf_export_v1
1000
background
1000
corner_brace
1000
!T1 (站體)_角撐
1000
source_geometry
1000
CD558
1071
1206
  0
LINE
  5
54A
330
17
100
AcDbEntity
  8
!T1 (站體)_角撐
100
AcDbLine
 10
355563.1718719719
 20
-703595.5703397811
 30
0.0
 11
355934.7185381988
 21
-703904.1338619713
 31
0.0
1001
SUPPORT_DISTRIBUTION_UV
1000
clean_dxf_export_v1
1000
background
1000
corner_brace
1000
!T1 (站體)_角撐
1000
source_geometry
1000
CD558
1071
1207
  0
LINE
  5
54B
330
17
100
AcDbEntity
  8
!T1 (站體)_角撐
100
AcDbLine
 10
355563.1718719719
 20
-703557.5703397811
 30
0.0
 11
355563.1718719719
 21
-703595.5703397811
 31
0.0
1001
SUPPORT_DISTRIBUTION_UV
1000
clean_dxf_export_v1
1000
background
1000
corner_brace
1000
!T1 (站體)_角撐
1000
source_geometry
1000
CD558
1071
1208
  0
LINE
  5
54C
330
17
100
AcDbEntity
  8
!T1 (站體)_角撐
100
AcDbLine
 10
355563.1718719719
 20
-703557.5703397811
 30
0.0
 11
355563.1718719719
 21
-703545.5703397811
 31
0.0
1001
SUPPORT_DISTRIBUTION_UV
1000
clean_dxf_export_v1
1000
background
1000
corner_brace
1000
!T1 (站體)_角撐
1000
source_geometry
1000
CD558
1071
1209
  0
LINE
  5
54D
330
17
100
AcDbEntity
  8
!T1 (站體)_角撐
100
AcDbLine
 10
356038.1718719719
 20
-703545.5703397811
 30
0.0
 11
356038.1718719719
 21
-703557.5703397811
 31
0.0
1001
SUPPORT_DISTRIBUTION_UV
1000
clean_dxf_export_v1
1000
background
1000
corner_brace
1000
!T1 (站體)_角撐
1000
source_geometry
1000
CD558
1071
1210
  0
LINE
  5
54E
330
17
100
AcDbEntity
  8
!T1 (站體)_角撐
100
AcDbLine
 10
355943.20381957304
 20
-703912.6191433455
 30
0.0
 11
356155.335853929
 21
-703700.4871089896
 31
0.0
1001
SUPPORT_DISTRIBUTION_UV
1000
clean_dxf_export_v1
1000
background
1000
corner_brace
1000
!T1 (站體)_角撐
1000
source_geometry
1000
CD558
1071
1211
  0
LINE
  5
54F
330
17
100
AcDbEntity
  8
!T1 (站體)_角撐
100
AcDbLine
 10
356896.3837606125
 20
-704865.799084385
 30
0.0
 11
357088.2870503646
 21
-704673.895794633
 31
0.0
1001
SUPPORT_DISTRIBUTION_UV
1000
clean_dxf_export_v1
1000
background
1000
corner_brace
1000
!T1 (站體)_角撐
1000
source_geometry
1000
CD558
1071
1212
  0
LINE
  5
550
330
17
100
AcDbEntity
  8
!T1 (站體)_角撐
100
AcDbLine
 10
356896.3837606125
 20
-704865.799084385
 30
0.0
 11
355943.20381957304
 21
-703912.6191433455
 31
0.0
1001
SUPPORT_DISTRIBUTION_UV
1000
clean_dxf_export_v1
1000
background
1000
corner_brace
1000
!T1 (站體)_角撐
1000
source_geometry
1000
CD558
1071
1213
  0
LINE
  5
551
330
17
100
AcDbEntity
  8
!T1 (站體)_角撐
100
AcDbLine
 10
356155.335853929
 20
-703700.4871089896
 30
0.0
 11
357088.2870503646
 21
-704633.4383054251
 31
0.0
1001
SUPPORT_DISTRIBUTION_UV
1000
clean_dxf_export_v1
1000
background
1000
corner_brace
1000
!T1 (站體)_角撐
1000
source_geometry
1000
CD558
1071
1214
  0
LINE
  5
552
330
17
100
AcDbEntity
  8
!T1 (站體)_角撐
100
AcDbLine
 10
357088.2870503646
 20
-705095.1411574339
 30
0.0
 11
356904.86904198676
 21
-704874.2843657592
 31
0.0
1001
SUPPORT_DISTRIBUTION_UV
1000
clean_dxf_export_v1
1000
background
1000
corner_brace
1000
!T1 (站體)_角撐
1000
source_geometry
1000
CD558
1071
1215
  0
LINE
  5
553
330
17
100
AcDbEntity
  8
!T1 (站體)_角撐
100
AcDbLine
 10
356904.86904198676
 20
-704874.2843657592
 30
0.0
 11
356896.3837606125
 21
-704865.799084385
 31
0.0
1001
SUPPORT_DISTRIBUTION_UV
1000
clean_dxf_export_v1
1000
background
1000
corner_brace
1000
!T1 (站體)_角撐
1000
source_geometry
1000
CD558
1071
1216
  0
LINE
  5
554
330
17
100
AcDbEntity
  8
!T1 (站體)_角撐
100
AcDbLine
 10
358421.2382468002
 20
-703700.4871089896
 30
0.0
 11
358633.37028115615
 21
-703912.6191433455
 31
0.0
1001
SUPPORT_DISTRIBUTION_UV
1000
clean_dxf_export_v1
1000
background
1000
corner_brace
1000
!T1 (站體)_角撐
1000
source_geometry
1000
CD558
1071
1217
  0
LINE
  5
555
330
17
100
AcDbEntity
  8
!T1 (站體)_角撐
100
AcDbLine
 10
358538.4022287573
 20
-703545.5703397811
 30
0.0
 11
358538.4022287573
 21
-703557.5703397811
 31
0.0
1001
SUPPORT_DISTRIBUTION_UV
1000
clean_dxf_export_v1
1000
background
1000
corner_brace
1000
!T1 (站體)_角撐
1000
source_geometry
1000
CD558
1071
1218
  0
LINE
  5
556
330
17
100
AcDbEntity
  8
!T1 (站體)_角撐
100
AcDbLine
 10
359013.4022287573
 20
-703557.5703397811
 30
0.0
 11
359013.4022287573
 21
-703545.5703397811
 31
0.0
1001
SUPPORT_DISTRIBUTION_UV
1000
clean_dxf_export_v1
1000
background
1000
corner_brace
1000
!T1 (站體)_角撐
1000
source_geometry
1000
CD558
1071
1219
  0
LINE
  5
557
330
17
100
AcDbEntity
  8
!T1 (站體)_角撐
100
AcDbLine
 10
359013.4022287573
 20
-703557.5703397811
 30
0.0
 11
359013.4022287573
 21
-703595.5703397811
 31
0.0
1001
SUPPORT_DISTRIBUTION_UV
1000
clean_dxf_export_v1
1000
background
1000
corner_brace
1000
!T1 (站體)_角撐
1000
source_geometry
1000
CD558
1071
1220
  0
LINE
  5
558
330
17
100
AcDbEntity
  8
!T1 (站體)_角撐
100
AcDbLine
 10
359013.4022287573
 20
-703595.5703397811
 30
0.0
 11
358641.8555625304
 21
-703904.1338619713
 31
0.0
1001
SUPPORT_DISTRIBUTION_UV
1000
clean_dxf_export_v1
1000
background
1000
corner_brace
1000
!T1 (站體)_角撐
1000
source_geometry
1000
CD558
1071
1221
  0
LINE
  5
559
330
17
100
AcDbEntity
  8
!T1 (站體)_角撐
100
AcDbLine
 10
358429.72352817445
 20
-703692.0018276153
 30
0.0
 11
358421.2382468002
 21
-703700.4871089896
 31
0.0
1001
SUPPORT_DISTRIBUTION_UV
1000
clean_dxf_export_v1
1000
background
1000
corner_brace
1000
!T1 (站體)_角撐
1000
source_geometry
1000
CD558
1071
1222
  0
LINE
  5
55A
330
17
100
AcDbEntity
  8
!T1 (站體)_角撐
100
AcDbLine
 10
358633.37028115615
 20
-703912.6191433455
 30
0.0
 11
358641.8555625304
 21
-703904.1338619713
 31
0.0
1001
SUPPORT_DISTRIBUTION_UV
1000
clean_dxf_export_v1
1000
background
1000
corner_brace
1000
!T1 (站體)_角撐
1000
source_geometry
1000
CD558
1071
1223
  0
LINE
  5
55B
330
17
100
AcDbEntity
  8
!T1 (站體)_角撐
100
AcDbLine
 10
358538.4022287573
 20
-703557.5703397811
 30
0.0
 11
358429.72352817445
 21
-703692.0018276153
 31
0.0
1001
SUPPORT_DISTRIBUTION_UV
1000
clean_dxf_export_v1
1000
background
1000
corner_brace
1000
!T1 (站體)_角撐
1000
source_geometry
1000
CD558
1071
1224
  0
LINE
  5
55C
330
17
100
AcDbEntity
  8
!T1 (站體)_角撐
100
AcDbLine
 10
357671.70505874243
 20
-704874.2843657592
 30
0.0
 11
357680.1903401167
 21
-704865.799084385
 31
0.0
1001
SUPPORT_DISTRIBUTION_UV
1000
clean_dxf_export_v1
1000
background
1000
corner_brace
1000
!T1 (站體)_角撐
1000
source_geometry
1000
CD558
1071
1225
  0
LINE
  5
55D
330
17
100
AcDbEntity
  8
!T1 (站體)_角撐
100
AcDbLine
 10
357488.2870503646
 20
-705095.1411574339
 30
0.0
 11
357671.70505874243
 21
-704874.2843657592
 31
0.0
1001
SUPPORT_DISTRIBUTION_UV
1000
clean_dxf_export_v1
1000
background
1000
corner_brace
1000
!T1 (站體)_角撐
1000
source_geometry
1000
CD558
1071
1226
  0
LINE
  5
55E
330
17
100
AcDbEntity
  8
!T1 (站體)_角撐
100
AcDbLine
 10
358421.2382468002
 20
-703700.4871089896
 30
0.0
 11
357488.2870503646
 21
-704633.4383054251
 31
0.0
1001
SUPPORT_DISTRIBUTION_UV
1000
clean_dxf_export_v1
1000
background
1000
corner_brace
1000
!T1 (站體)_角撐
1000
source_geometry
1000
CD558
1071
1227
  0
LINE
  5
55F
330
17
100
AcDbEntity
  8
!T1 (站體)_角撐
100
AcDbLine
 10
357680.1903401167
 20
-704865.799084385
 30
0.0
 11
358633.37028115615
 21
-703912.6191433455
 31
0.0
1001
SUPPORT_DISTRIBUTION_UV
1000
clean_dxf_export_v1
1000
background
1000
corner_brace
1000
!T1 (站體)_角撐
1000
source_geometry
1000
CD558
1071
1228
  0
LINE
  5
560
330
17
100
AcDbEntity
  8
!T1 (站體)_角撐
100
AcDbLine
 10
357680.1903401167
 20
-704865.799084385
 30
0.0
 11
357488.2870503646
 21
-704673.895794633
 31
0.0
1001
SUPPORT_DISTRIBUTION_UV
1000
clean_dxf_export_v1
1000
background
1000
corner_brace
1000
!T1 (站體)_角撐
1000
source_geometry
1000
CD558
1071
1229
  0
LINE
  5
561
330
17
100
AcDbEntity
  8
!T1 (站體)_角撐
100
AcDbLine
 10
362038.1718719719
 20
-703557.5703397811
 30
0.0
 11
362146.8505725548
 21
-703692.0018276153
 31
0.0
1001
SUPPORT_DISTRIBUTION_UV
1000
clean_dxf_export_v1
1000
background
1000
corner_brace
1000
!T1 (站體)_角撐
1000
source_geometry
1000
CD559
1071
1230
  0
LINE
  5
562
330
17
100
AcDbEntity
  8
!T1 (站體)_角撐
100
AcDbLine
 10
361943.20381957304
 20
-703912.6191433455
 30
0.0
 11
361934.7185381988
 21
-703904.1338619713
 31
0.0
1001
SUPPORT_DISTRIBUTION_UV
1000
clean_dxf_export_v1
1000
background
1000
corner_brace
1000
!T1 (站體)_角撐
1000
source_geometry
1000
CD559
1071
1231
  0
LINE
  5
563
330
17
100
AcDbEntity
  8
!T1 (站體)_角撐
100
AcDbLine
 10
362146.8505725548
 20
-703692.0018276153
 30
0.0
 11
362155.335853929
 21
-703700.4871089896
 31
0.0
1001
SUPPORT_DISTRIBUTION_UV
1000
clean_dxf_export_v1
1000
background
1000
corner_brace
1000
!T1 (站體)_角撐
1000
source_geometry
1000
CD559
1071
1232
  0
LINE
  5
564
330
17
100
AcDbEntity
  8
!T1 (站體)_角撐
100
AcDbLine
 10
361563.1718719719
 20
-703595.5703397811
 30
0.0
 11
361934.7185381988
 21
-703904.1338619713
 31
0.0
1001
SUPPORT_DISTRIBUTION_UV
1000
clean_dxf_export_v1
1000
background
1000
corner_brace
1000
!T1 (站體)_角撐
1000
source_geometry
1000
CD559
1071
1233
  0
LINE
  5
565
330
17
100
AcDbEntity
  8
!T1 (站體)_角撐
100
AcDbLine
 10
361563.1718719719
 20
-703557.5703397811
 30
0.0
 11
361563.1718719719
 21
-703595.5703397811
 31
0.0
1001
SUPPORT_DISTRIBUTION_UV
1000
clean_dxf_export_v1
1000
background
1000
corner_brace
1000
!T1 (站體)_角撐
1000
source_geometry
1000
CD559
1071
1234
  0
LINE
  5
566
330
17
100
AcDbEntity
  8
!T1 (站體)_角撐
100
AcDbLine
 10
361563.1718719719
 20
-703557.5703397811
 30
0.0
 11
361563.1718719719
 21
-703545.5703397811
 31
0.0
1001
SUPPORT_DISTRIBUTION_UV
1000
clean_dxf_export_v1
1000
background
1000
corner_brace
1000
!T1 (站體)_角撐
1000
source_geometry
1000
CD559
1071
1235
  0
LINE
  5
567
330
17
100
AcDbEntity
  8
!T1 (站體)_角撐
100
AcDbLine
 10
362038.1718719719
 20
-703545.5703397811
 30
0.0
 11
362038.1718719719
 21
-703557.5703397811
 31
0.0
1001
SUPPORT_DISTRIBUTION_UV
1000
clean_dxf_export_v1
1000
background
1000
corner_brace
1000
!T1 (站體)_角撐
1000
source_geometry
1000
CD559
1071
1236
  0
LINE
  5
568
330
17
100
AcDbEntity
  8
!T1 (站體)_角撐
100
AcDbLine
 10
361943.20381957304
 20
-703912.6191433455
 30
0.0
 11
362155.335853929
 21
-703700.4871089896
 31
0.0
1001
SUPPORT_DISTRIBUTION_UV
1000
clean_dxf_export_v1
1000
background
1000
corner_brace
1000
!T1 (站體)_角撐
1000
source_geometry
1000
CD559
1071
1237
  0
LINE
  5
569
330
17
100
AcDbEntity
  8
!T1 (站體)_角撐
100
AcDbLine
 10
362896.3837606125
 20
-704865.799084385
 30
0.0
 11
363088.2870503646
 21
-704673.895794633
 31
0.0
1001
SUPPORT_DISTRIBUTION_UV
1000
clean_dxf_export_v1
1000
background
1000
corner_brace
1000
!T1 (站體)_角撐
1000
source_geometry
1000
CD559
1071
1238
  0
LINE
  5
56A
330
17
100
AcDbEntity
  8
!T1 (站體)_角撐
100
AcDbLine
 10
362896.3837606125
 20
-704865.799084385
 30
0.0
 11
361943.20381957304
 21
-703912.6191433455
 31
0.0
1001
SUPPORT_DISTRIBUTION_UV
1000
clean_dxf_export_v1
1000
background
1000
corner_brace
1000
!T1 (站體)_角撐
1000
source_geometry
1000
CD559
1071
1239
  0
LINE
  5
56B
330
17
100
AcDbEntity
  8
!T1 (站體)_角撐
100
AcDbLine
 10
362155.335853929
 20
-703700.4871089896
 30
0.0
 11
363088.2870503646
 21
-704633.4383054251
 31
0.0
1001
SUPPORT_DISTRIBUTION_UV
1000
clean_dxf_export_v1
1000
background
1000
corner_brace
1000
!T1 (站體)_角撐
1000
source_geometry
1000
CD559
1071
1240
  0
LINE
  5
56C
330
17
100
AcDbEntity
  8
!T1 (站體)_角撐
100
AcDbLine
 10
363088.2870503646
 20
-705095.1411574339
 30
0.0
 11
362904.86904198676
 21
-704874.2843657592
 31
0.0
1001
SUPPORT_DISTRIBUTION_UV
1000
clean_dxf_export_v1
1000
background
1000
corner_brace
1000
!T1 (站體)_角撐
1000
source_geometry
1000
CD559
1071
1241
  0
LINE
  5
56D
330
17
100
AcDbEntity
  8
!T1 (站體)_角撐
100
AcDbLine
 10
362904.86904198676
 20
-704874.2843657592
 30
0.0
 11
362896.3837606125
 21
-704865.799084385
 31
0.0
1001
SUPPORT_DISTRIBUTION_UV
1000
clean_dxf_export_v1
1000
background
1000
corner_brace
1000
!T1 (站體)_角撐
1000
source_geometry
1000
CD559
1071
1242
  0
LINE
  5
56E
330
17
100
AcDbEntity
  8
!T1 (站體)_角撐
100
AcDbLine
 10
364421.2382468002
 20
-703700.4871089896
 30
0.0
 11
364633.37028115615
 21
-703912.6191433455
 31
0.0
1001
SUPPORT_DISTRIBUTION_UV
1000
clean_dxf_export_v1
1000
background
1000
corner_brace
1000
!T1 (站體)_角撐
1000
source_geometry
1000
CD559
1071
1243
  0
LINE
  5
56F
330
17
100
AcDbEntity
  8
!T1 (站體)_角撐
100
AcDbLine
 10
364538.4022287573
 20
-703545.5703397811
 30
0.0
 11
364538.4022287573
 21
-703557.5703397811
 31
0.0
1001
SUPPORT_DISTRIBUTION_UV
1000
clean_dxf_export_v1
1000
background
1000
corner_brace
1000
!T1 (站體)_角撐
1000
source_geometry
1000
CD559
1071
1244
  0
LINE
  5
570
330
17
100
AcDbEntity
  8
!T1 (站體)_角撐
100
AcDbLine
 10
365013.4022287573
 20
-703557.5703397811
 30
0.0
 11
365013.4022287573
 21
-703545.5703397811
 31
0.0
1001
SUPPORT_DISTRIBUTION_UV
1000
clean_dxf_export_v1
1000
background
1000
corner_brace
1000
!T1 (站體)_角撐
1000
source_geometry
1000
CD559
1071
1245
  0
LINE
  5
571
330
17
100
AcDbEntity
  8
!T1 (站體)_角撐
100
AcDbLine
 10
365013.4022287573
 20
-703557.5703397811
 30
0.0
 11
365013.4022287573
 21
-703595.5703397811
 31
0.0
1001
SUPPORT_DISTRIBUTION_UV
1000
clean_dxf_export_v1
1000
background
1000
corner_brace
1000
!T1 (站體)_角撐
1000
source_geometry
1000
CD559
1071
1246
  0
LINE
  5
572
330
17
100
AcDbEntity
  8
!T1 (站體)_角撐
100
AcDbLine
 10
365013.4022287573
 20
-703595.5703397811
 30
0.0
 11
364641.8555625304
 21
-703904.1338619713
 31
0.0
1001
SUPPORT_DISTRIBUTION_UV
1000
clean_dxf_export_v1
1000
background
1000
corner_brace
1000
!T1 (站體)_角撐
1000
source_geometry
1000
CD559
1071
1247
  0
LINE
  5
573
330
17
100
AcDbEntity
  8
!T1 (站體)_角撐
100
AcDbLine
 10
364429.72352817445
 20
-703692.0018276153
 30
0.0
 11
364421.2382468002
 21
-703700.4871089896
 31
0.0
1001
SUPPORT_DISTRIBUTION_UV
1000
clean_dxf_export_v1
1000
background
1000
corner_brace
1000
!T1 (站體)_角撐
1000
source_geometry
1000
CD559
1071
1248
  0
LINE
  5
574
330
17
100
AcDbEntity
  8
!T1 (站體)_角撐
100
AcDbLine
 10
364633.37028115615
 20
-703912.6191433455
 30
0.0
 11
364641.8555625304
 21
-703904.1338619713
 31
0.0
1001
SUPPORT_DISTRIBUTION_UV
1000
clean_dxf_export_v1
1000
background
1000
corner_brace
1000
!T1 (站體)_角撐
1000
source_geometry
1000
CD559
1071
1249
  0
LINE
  5
575
330
17
100
AcDbEntity
  8
!T1 (站體)_角撐
100
AcDbLine
 10
364538.4022287573
 20
-703557.5703397811
 30
0.0
 11
364429.72352817445
 21
-703692.0018276153
 31
0.0
1001
SUPPORT_DISTRIBUTION_UV
1000
clean_dxf_export_v1
1000
background
1000
corner_brace
1000
!T1 (站體)_角撐
1000
source_geometry
1000
CD559
1071
1250
  0
LINE
  5
576
330
17
100
AcDbEntity
  8
!T1 (站體)_角撐
100
AcDbLine
 10
363671.70505874243
 20
-704874.2843657592
 30
0.0
 11
363680.1903401167
 21
-704865.799084385
 31
0.0
1001
SUPPORT_DISTRIBUTION_UV
1000
clean_dxf_export_v1
1000
background
1000
corner_brace
1000
!T1 (站體)_角撐
1000
source_geometry
1000
CD559
1071
1251
  0
LINE
  5
577
330
17
100
AcDbEntity
  8
!T1 (站體)_角撐
100
AcDbLine
 10
363488.2870503646
 20
-705095.1411574339
 30
0.0
 11
363671.70505874243
 21
-704874.2843657592
 31
0.0
1001
SUPPORT_DISTRIBUTION_UV
1000
clean_dxf_export_v1
1000
background
1000
corner_brace
1000
!T1 (站體)_角撐
1000
source_geometry
1000
CD559
1071
1252
  0
LINE
  5
578
330
17
100
AcDbEntity
  8
!T1 (站體)_角撐
100
AcDbLine
 10
364421.2382468002
 20
-703700.4871089896
 30
0.0
 11
363488.2870503646
 21
-704633.4383054251
 31
0.0
1001
SUPPORT_DISTRIBUTION_UV
1000
clean_dxf_export_v1
1000
background
1000
corner_brace
1000
!T1 (站體)_角撐
1000
source_geometry
1000
CD559
1071
1253
  0
LINE
  5
579
330
17
100
AcDbEntity
  8
!T1 (站體)_角撐
100
AcDbLine
 10
363680.1903401167
 20
-704865.799084385
 30
0.0
 11
364633.37028115615
 21
-703912.6191433455
 31
0.0
1001
SUPPORT_DISTRIBUTION_UV
1000
clean_dxf_export_v1
1000
background
1000
corner_brace
1000
!T1 (站體)_角撐
1000
source_geometry
1000
CD559
1071
1254
  0
LINE
  5
57A
330
17
100
AcDbEntity
  8
!T1 (站體)_角撐
100
AcDbLine
 10
363680.1903401167
 20
-704865.799084385
 30
0.0
 11
363488.2870503646
 21
-704673.895794633
 31
0.0
1001
SUPPORT_DISTRIBUTION_UV
1000
clean_dxf_export_v1
1000
background
1000
corner_brace
1000
!T1 (站體)_角撐
1000
source_geometry
1000
CD559
1071
1255
  0
LINE
  5
57B
330
17
100
AcDbEntity
  8
!T1 (站體)_角撐
100
AcDbLine
 10
368038.1718719719
 20
-703557.5703397811
 30
0.0
 11
368146.8505725548
 21
-703692.0018276153
 31
0.0
1001
SUPPORT_DISTRIBUTION_UV
1000
clean_dxf_export_v1
1000
background
1000
corner_brace
1000
!T1 (站體)_角撐
1000
source_geometry
1000
CD55A
1071
1256
  0
LINE
  5
57C
330
17
100
AcDbEntity
  8
!T1 (站體)_角撐
100
AcDbLine
 10
367943.20381957304
 20
-703912.6191433455
 30
0.0
 11
367934.7185381988
 21
-703904.1338619713
 31
0.0
1001
SUPPORT_DISTRIBUTION_UV
1000
clean_dxf_export_v1
1000
background
1000
corner_brace
1000
!T1 (站體)_角撐
1000
source_geometry
1000
CD55A
1071
1257
  0
LINE
  5
57D
330
17
100
AcDbEntity
  8
!T1 (站體)_角撐
100
AcDbLine
 10
368146.8505725548
 20
-703692.0018276153
 30
0.0
 11
368155.335853929
 21
-703700.4871089896
 31
0.0
1001
SUPPORT_DISTRIBUTION_UV
1000
clean_dxf_export_v1
1000
background
1000
corner_brace
1000
!T1 (站體)_角撐
1000
source_geometry
1000
CD55A
1071
1258
  0
LINE
  5
57E
330
17
100
AcDbEntity
  8
!T1 (站體)_角撐
100
AcDbLine
 10
367563.1718719719
 20
-703595.5703397811
 30
0.0
 11
367934.7185381988
 21
-703904.1338619713
 31
0.0
1001
SUPPORT_DISTRIBUTION_UV
1000
clean_dxf_export_v1
1000
background
1000
corner_brace
1000
!T1 (站體)_角撐
1000
source_geometry
1000
CD55A
1071
1259
  0
LINE
  5
57F
330
17
100
AcDbEntity
  8
!T1 (站體)_角撐
100
AcDbLine
 10
367563.1718719719
 20
-703557.5703397811
 30
0.0
 11
367563.1718719719
 21
-703595.5703397811
 31
0.0
1001
SUPPORT_DISTRIBUTION_UV
1000
clean_dxf_export_v1
1000
background
1000
corner_brace
1000
!T1 (站體)_角撐
1000
source_geometry
1000
CD55A
1071
1260
  0
LINE
  5
580
330
17
100
AcDbEntity
  8
!T1 (站體)_角撐
100
AcDbLine
 10
367563.1718719719
 20
-703557.5703397811
 30
0.0
 11
367563.1718719719
 21
-703545.5703397811
 31
0.0
1001
SUPPORT_DISTRIBUTION_UV
1000
clean_dxf_export_v1
1000
background
1000
corner_brace
1000
!T1 (站體)_角撐
1000
source_geometry
1000
CD55A
1071
1261
  0
LINE
  5
581
330
17
100
AcDbEntity
  8
!T1 (站體)_角撐
100
AcDbLine
 10
368038.1718719719
 20
-703545.5703397811
 30
0.0
 11
368038.1718719719
 21
-703557.5703397811
 31
0.0
1001
SUPPORT_DISTRIBUTION_UV
1000
clean_dxf_export_v1
1000
background
1000
corner_brace
1000
!T1 (站體)_角撐
1000
source_geometry
1000
CD55A
1071
1262
  0
LINE
  5
582
330
17
100
AcDbEntity
  8
!T1 (站體)_角撐
100
AcDbLine
 10
367943.20381957304
 20
-703912.6191433455
 30
0.0
 11
368155.335853929
 21
-703700.4871089896
 31
0.0
1001
SUPPORT_DISTRIBUTION_UV
1000
clean_dxf_export_v1
1000
background
1000
corner_brace
1000
!T1 (站體)_角撐
1000
source_geometry
1000
CD55A
1071
1263
  0
LINE
  5
583
330
17
100
AcDbEntity
  8
!T1 (站體)_角撐
100
AcDbLine
 10
368896.3837606125
 20
-704865.799084385
 30
0.0
 11
369088.2870503646
 21
-704673.895794633
 31
0.0
1001
SUPPORT_DISTRIBUTION_UV
1000
clean_dxf_export_v1
1000
background
1000
corner_brace
1000
!T1 (站體)_角撐
1000
source_geometry
1000
CD55A
1071
1264
  0
LINE
  5
584
330
17
100
AcDbEntity
  8
!T1 (站體)_角撐
100
AcDbLine
 10
368896.3837606125
 20
-704865.799084385
 30
0.0
 11
367943.20381957304
 21
-703912.6191433455
 31
0.0
1001
SUPPORT_DISTRIBUTION_UV
1000
clean_dxf_export_v1
1000
background
1000
corner_brace
1000
!T1 (站體)_角撐
1000
source_geometry
1000
CD55A
1071
1265
  0
LINE
  5
585
330
17
100
AcDbEntity
  8
!T1 (站體)_角撐
100
AcDbLine
 10
368155.335853929
 20
-703700.4871089896
 30
0.0
 11
369088.2870503646
 21
-704633.4383054251
 31
0.0
1001
SUPPORT_DISTRIBUTION_UV
1000
clean_dxf_export_v1
1000
background
1000
corner_brace
1000
!T1 (站體)_角撐
1000
source_geometry
1000
CD55A
1071
1266
  0
LINE
  5
586
330
17
100
AcDbEntity
  8
!T1 (站體)_角撐
100
AcDbLine
 10
369088.2870503646
 20
-705095.1411574339
 30
0.0
 11
368904.86904198676
 21
-704874.2843657592
 31
0.0
1001
SUPPORT_DISTRIBUTION_UV
1000
clean_dxf_export_v1
1000
background
1000
corner_brace
1000
!T1 (站體)_角撐
1000
source_geometry
1000
CD55A
1071
1267
  0
LINE
  5
587
330
17
100
AcDbEntity
  8
!T1 (站體)_角撐
100
AcDbLine
 10
368904.86904198676
 20
-704874.2843657592
 30
0.0
 11
368896.3837606125
 21
-704865.799084385
 31
0.0
1001
SUPPORT_DISTRIBUTION_UV
1000
clean_dxf_export_v1
1000
background
1000
corner_brace
1000
!T1 (站體)_角撐
1000
source_geometry
1000
CD55A
1071
1268
  0
LINE
  5
588
330
17
100
AcDbEntity
  8
!T1 (站體)_角撐
100
AcDbLine
 10
370421.2382468002
 20
-703700.4871089896
 30
0.0
 11
370633.37028115615
 21
-703912.6191433455
 31
0.0
1001
SUPPORT_DISTRIBUTION_UV
1000
clean_dxf_export_v1
1000
background
1000
corner_brace
1000
!T1 (站體)_角撐
1000
source_geometry
1000
CD55A
1071
1269
  0
LINE
  5
589
330
17
100
AcDbEntity
  8
!T1 (站體)_角撐
100
AcDbLine
 10
370538.4022287573
 20
-703545.5703397811
 30
0.0
 11
370538.4022287573
 21
-703557.5703397811
 31
0.0
1001
SUPPORT_DISTRIBUTION_UV
1000
clean_dxf_export_v1
1000
background
1000
corner_brace
1000
!T1 (站體)_角撐
1000
source_geometry
1000
CD55A
1071
1270
  0
LINE
  5
58A
330
17
100
AcDbEntity
  8
!T1 (站體)_角撐
100
AcDbLine
 10
371013.4022287573
 20
-703557.5703397811
 30
0.0
 11
371013.4022287573
 21
-703545.5703397811
 31
0.0
1001
SUPPORT_DISTRIBUTION_UV
1000
clean_dxf_export_v1
1000
background
1000
corner_brace
1000
!T1 (站體)_角撐
1000
source_geometry
1000
CD55A
1071
1271
  0
LINE
  5
58B
330
17
100
AcDbEntity
  8
!T1 (站體)_角撐
100
AcDbLine
 10
371013.4022287573
 20
-703557.5703397811
 30
0.0
 11
371013.4022287573
 21
-703595.5703397811
 31
0.0
1001
SUPPORT_DISTRIBUTION_UV
1000
clean_dxf_export_v1
1000
background
1000
corner_brace
1000
!T1 (站體)_角撐
1000
source_geometry
1000
CD55A
1071
1272
  0
LINE
  5
58C
330
17
100
AcDbEntity
  8
!T1 (站體)_角撐
100
AcDbLine
 10
371013.4022287573
 20
-703595.5703397811
 30
0.0
 11
370641.8555625304
 21
-703904.1338619713
 31
0.0
1001
SUPPORT_DISTRIBUTION_UV
1000
clean_dxf_export_v1
1000
background
1000
corner_brace
1000
!T1 (站體)_角撐
1000
source_geometry
1000
CD55A
1071
1273
  0
LINE
  5
58D
330
17
100
AcDbEntity
  8
!T1 (站體)_角撐
100
AcDbLine
 10
370429.72352817445
 20
-703692.0018276153
 30
0.0
 11
370421.2382468002
 21
-703700.4871089896
 31
0.0
1001
SUPPORT_DISTRIBUTION_UV
1000
clean_dxf_export_v1
1000
background
1000
corner_brace
1000
!T1 (站體)_角撐
1000
source_geometry
1000
CD55A
1071
1274
  0
LINE
  5
58E
330
17
100
AcDbEntity
  8
!T1 (站體)_角撐
100
AcDbLine
 10
370633.37028115615
 20
-703912.6191433455
 30
0.0
 11
370641.8555625304
 21
-703904.1338619713
 31
0.0
1001
SUPPORT_DISTRIBUTION_UV
1000
clean_dxf_export_v1
1000
background
1000
corner_brace
1000
!T1 (站體)_角撐
1000
source_geometry
1000
CD55A
1071
1275
  0
LINE
  5
58F
330
17
100
AcDbEntity
  8
!T1 (站體)_角撐
100
AcDbLine
 10
370538.4022287573
 20
-703557.5703397811
 30
0.0
 11
370429.72352817445
 21
-703692.0018276153
 31
0.0
1001
SUPPORT_DISTRIBUTION_UV
1000
clean_dxf_export_v1
1000
background
1000
corner_brace
1000
!T1 (站體)_角撐
1000
source_geometry
1000
CD55A
1071
1276
  0
LINE
  5
590
330
17
100
AcDbEntity
  8
!T1 (站體)_角撐
100
AcDbLine
 10
369671.70505874243
 20
-704874.2843657592
 30
0.0
 11
369680.1903401167
 21
-704865.799084385
 31
0.0
1001
SUPPORT_DISTRIBUTION_UV
1000
clean_dxf_export_v1
1000
background
1000
corner_brace
1000
!T1 (站體)_角撐
1000
source_geometry
1000
CD55A
1071
1277
  0
LINE
  5
591
330
17
100
AcDbEntity
  8
!T1 (站體)_角撐
100
AcDbLine
 10
369488.2870503646
 20
-705095.1411574339
 30
0.0
 11
369671.70505874243
 21
-704874.2843657592
 31
0.0
1001
SUPPORT_DISTRIBUTION_UV
1000
clean_dxf_export_v1
1000
background
1000
corner_brace
1000
!T1 (站體)_角撐
1000
source_geometry
1000
CD55A
1071
1278
  0
LINE
  5
592
330
17
100
AcDbEntity
  8
!T1 (站體)_角撐
100
AcDbLine
 10
370421.2382468002
 20
-703700.4871089896
 30
0.0
 11
369488.2870503646
 21
-704633.4383054251
 31
0.0
1001
SUPPORT_DISTRIBUTION_UV
1000
clean_dxf_export_v1
1000
background
1000
corner_brace
1000
!T1 (站體)_角撐
1000
source_geometry
1000
CD55A
1071
1279
  0
LINE
  5
593
330
17
100
AcDbEntity
  8
!T1 (站體)_角撐
100
AcDbLine
 10
369680.1903401167
 20
-704865.799084385
 30
0.0
 11
370633.37028115615
 21
-703912.6191433455
 31
0.0
1001
SUPPORT_DISTRIBUTION_UV
1000
clean_dxf_export_v1
1000
background
1000
corner_brace
1000
!T1 (站體)_角撐
1000
source_geometry
1000
CD55A
1071
1280
  0
LINE
  5
594
330
17
100
AcDbEntity
  8
!T1 (站體)_角撐
100
AcDbLine
 10
369680.1903401167
 20
-704865.799084385
 30
0.0
 11
369488.2870503646
 21
-704673.895794633
 31
0.0
1001
SUPPORT_DISTRIBUTION_UV
1000
clean_dxf_export_v1
1000
background
1000
corner_brace
1000
!T1 (站體)_角撐
1000
source_geometry
1000
CD55A
1071
1281
  0
LINE
  5
595
330
17
100
AcDbEntity
  8
!T1 (站體)_角撐
100
AcDbLine
 10
373038.1718719719
 20
-703557.5703397811
 30
0.0
 11
373146.8505725548
 21
-703692.0018276153
 31
0.0
1001
SUPPORT_DISTRIBUTION_UV
1000
clean_dxf_export_v1
1000
background
1000
corner_brace
1000
!T1 (站體)_角撐
1000
source_geometry
1000
CD55B
1071
1282
  0
LINE
  5
596
330
17
100
AcDbEntity
  8
!T1 (站體)_角撐
100
AcDbLine
 10
372943.20381957304
 20
-703912.6191433455
 30
0.0
 11
372934.7185381988
 21
-703904.1338619713
 31
0.0
1001
SUPPORT_DISTRIBUTION_UV
1000
clean_dxf_export_v1
1000
background
1000
corner_brace
1000
!T1 (站體)_角撐
1000
source_geometry
1000
CD55B
1071
1283
  0
LINE
  5
597
330
17
100
AcDbEntity
  8
!T1 (站體)_角撐
100
AcDbLine
 10
373146.8505725548
 20
-703692.0018276153
 30
0.0
 11
373155.335853929
 21
-703700.4871089896
 31
0.0
1001
SUPPORT_DISTRIBUTION_UV
1000
clean_dxf_export_v1
1000
background
1000
corner_brace
1000
!T1 (站體)_角撐
1000
source_geometry
1000
CD55B
1071
1284
  0
LINE
  5
598
330
17
100
AcDbEntity
  8
!T1 (站體)_角撐
100
AcDbLine
 10
372563.1718719719
 20
-703595.5703397811
 30
0.0
 11
372934.7185381988
 21
-703904.1338619713
 31
0.0
1001
SUPPORT_DISTRIBUTION_UV
1000
clean_dxf_export_v1
1000
background
1000
corner_brace
1000
!T1 (站體)_角撐
1000
source_geometry
1000
CD55B
1071
1285
  0
LINE
  5
599
330
17
100
AcDbEntity
  8
!T1 (站體)_角撐
100
AcDbLine
 10
372563.1718719719
 20
-703557.5703397811
 30
0.0
 11
372563.1718719719
 21
-703595.5703397811
 31
0.0
1001
SUPPORT_DISTRIBUTION_UV
1000
clean_dxf_export_v1
1000
background
1000
corner_brace
1000
!T1 (站體)_角撐
1000
source_geometry
1000
CD55B
1071
1286
  0
LINE
  5
59A
330
17
100
AcDbEntity
  8
!T1 (站體)_角撐
100
AcDbLine
 10
372563.1718719719
 20
-703557.5703397811
 30
0.0
 11
372563.1718719719
 21
-703545.5703397811
 31
0.0
1001
SUPPORT_DISTRIBUTION_UV
1000
clean_dxf_export_v1
1000
background
1000
corner_brace
1000
!T1 (站體)_角撐
1000
source_geometry
1000
CD55B
1071
1287
  0
LINE
  5
59B
330
17
100
AcDbEntity
  8
!T1 (站體)_角撐
100
AcDbLine
 10
373038.1718719719
 20
-703545.5703397811
 30
0.0
 11
373038.1718719719
 21
-703557.5703397811
 31
0.0
1001
SUPPORT_DISTRIBUTION_UV
1000
clean_dxf_export_v1
1000
background
1000
corner_brace
1000
!T1 (站體)_角撐
1000
source_geometry
1000
CD55B
1071
1288
  0
LINE
  5
59C
330
17
100
AcDbEntity
  8
!T1 (站體)_角撐
100
AcDbLine
 10
372943.20381957304
 20
-703912.6191433455
 30
0.0
 11
373155.335853929
 21
-703700.4871089896
 31
0.0
1001
SUPPORT_DISTRIBUTION_UV
1000
clean_dxf_export_v1
1000
background
1000
corner_brace
1000
!T1 (站體)_角撐
1000
source_geometry
1000
CD55B
1071
1289
  0
LINE
  5
59D
330
17
100
AcDbEntity
  8
!T1 (站體)_角撐
100
AcDbLine
 10
373896.3837606125
 20
-704865.799084385
 30
0.0
 11
374088.2870503646
 21
-704673.895794633
 31
0.0
1001
SUPPORT_DISTRIBUTION_UV
1000
clean_dxf_export_v1
1000
background
1000
corner_brace
1000
!T1 (站體)_角撐
1000
source_geometry
1000
CD55B
1071
1290
  0
LINE
  5
59E
330
17
100
AcDbEntity
  8
!T1 (站體)_角撐
100
AcDbLine
 10
373896.3837606125
 20
-704865.799084385
 30
0.0
 11
372943.20381957304
 21
-703912.6191433455
 31
0.0
1001
SUPPORT_DISTRIBUTION_UV
1000
clean_dxf_export_v1
1000
background
1000
corner_brace
1000
!T1 (站體)_角撐
1000
source_geometry
1000
CD55B
1071
1291
  0
LINE
  5
59F
330
17
100
AcDbEntity
  8
!T1 (站體)_角撐
100
AcDbLine
 10
373155.335853929
 20
-703700.4871089896
 30
0.0
 11
374088.2870503646
 21
-704633.4383054251
 31
0.0
1001
SUPPORT_DISTRIBUTION_UV
1000
clean_dxf_export_v1
1000
background
1000
corner_brace
1000
!T1 (站體)_角撐
1000
source_geometry
1000
CD55B
1071
1292
  0
LINE
  5
5A0
330
17
100
AcDbEntity
  8
!T1 (站體)_角撐
100
AcDbLine
 10
374088.2870503646
 20
-705095.1411574339
 30
0.0
 11
373904.86904198676
 21
-704874.2843657592
 31
0.0
1001
SUPPORT_DISTRIBUTION_UV
1000
clean_dxf_export_v1
1000
background
1000
corner_brace
1000
!T1 (站體)_角撐
1000
source_geometry
1000
CD55B
1071
1293
  0
LINE
  5
5A1
330
17
100
AcDbEntity
  8
!T1 (站體)_角撐
100
AcDbLine
 10
373904.86904198676
 20
-704874.2843657592
 30
0.0
 11
373896.3837606125
 21
-704865.799084385
 31
0.0
1001
SUPPORT_DISTRIBUTION_UV
1000
clean_dxf_export_v1
1000
background
1000
corner_brace
1000
!T1 (站體)_角撐
1000
source_geometry
1000
CD55B
1071
1294
  0
LINE
  5
5A2
330
17
100
AcDbEntity
  8
!T1 (站體)_角撐
100
AcDbLine
 10
375421.2382468002
 20
-703700.4871089896
 30
0.0
 11
375633.37028115615
 21
-703912.6191433455
 31
0.0
1001
SUPPORT_DISTRIBUTION_UV
1000
clean_dxf_export_v1
1000
background
1000
corner_brace
1000
!T1 (站體)_角撐
1000
source_geometry
1000
CD55B
1071
1295
  0
LINE
  5
5A3
330
17
100
AcDbEntity
  8
!T1 (站體)_角撐
100
AcDbLine
 10
375538.4022287573
 20
-703545.5703397811
 30
0.0
 11
375538.4022287573
 21
-703557.5703397811
 31
0.0
1001
SUPPORT_DISTRIBUTION_UV
1000
clean_dxf_export_v1
1000
background
1000
corner_brace
1000
!T1 (站體)_角撐
1000
source_geometry
1000
CD55B
1071
1296
  0
LINE
  5
5A4
330
17
100
AcDbEntity
  8
!T1 (站體)_角撐
100
AcDbLine
 10
376013.4022287573
 20
-703557.5703397811
 30
0.0
 11
376013.4022287573
 21
-703545.5703397811
 31
0.0
1001
SUPPORT_DISTRIBUTION_UV
1000
clean_dxf_export_v1
1000
background
1000
corner_brace
1000
!T1 (站體)_角撐
1000
source_geometry
1000
CD55B
1071
1297
  0
LINE
  5
5A5
330
17
100
AcDbEntity
  8
!T1 (站體)_角撐
100
AcDbLine
 10
376013.4022287573
 20
-703557.5703397811
 30
0.0
 11
376013.4022287573
 21
-703595.5703397811
 31
0.0
1001
SUPPORT_DISTRIBUTION_UV
1000
clean_dxf_export_v1
1000
background
1000
corner_brace
1000
!T1 (站體)_角撐
1000
source_geometry
1000
CD55B
1071
1298
  0
LINE
  5
5A6
330
17
100
AcDbEntity
  8
!T1 (站體)_角撐
100
AcDbLine
 10
376013.4022287573
 20
-703595.5703397811
 30
0.0
 11
375641.8555625304
 21
-703904.1338619713
 31
0.0
1001
SUPPORT_DISTRIBUTION_UV
1000
clean_dxf_export_v1
1000
background
1000
corner_brace
1000
!T1 (站體)_角撐
1000
source_geometry
1000
CD55B
1071
1299
  0
LINE
  5
5A7
330
17
100
AcDbEntity
  8
!T1 (站體)_角撐
100
AcDbLine
 10
375429.72352817445
 20
-703692.0018276153
 30
0.0
 11
375421.2382468002
 21
-703700.4871089896
 31
0.0
1001
SUPPORT_DISTRIBUTION_UV
1000
clean_dxf_export_v1
1000
background
1000
corner_brace
1000
!T1 (站體)_角撐
1000
source_geometry
1000
CD55B
1071
1300
  0
LINE
  5
5A8
330
17
100
AcDbEntity
  8
!T1 (站體)_角撐
100
AcDbLine
 10
375633.37028115615
 20
-703912.6191433455
 30
0.0
 11
375641.8555625304
 21
-703904.1338619713
 31
0.0
1001
SUPPORT_DISTRIBUTION_UV
1000
clean_dxf_export_v1
1000
background
1000
corner_brace
1000
!T1 (站體)_角撐
1000
source_geometry
1000
CD55B
1071
1301
  0
LINE
  5
5A9
330
17
100
AcDbEntity
  8
!T1 (站體)_角撐
100
AcDbLine
 10
375538.4022287573
 20
-703557.5703397811
 30
0.0
 11
375429.72352817445
 21
-703692.0018276153
 31
0.0
1001
SUPPORT_DISTRIBUTION_UV
1000
clean_dxf_export_v1
1000
background
1000
corner_brace
1000
!T1 (站體)_角撐
1000
source_geometry
1000
CD55B
1071
1302
  0
LINE
  5
5AA
330
17
100
AcDbEntity
  8
!T1 (站體)_角撐
100
AcDbLine
 10
374671.70505874243
 20
-704874.2843657592
 30
0.0
 11
374680.1903401167
 21
-704865.799084385
 31
0.0
1001
SUPPORT_DISTRIBUTION_UV
1000
clean_dxf_export_v1
1000
background
1000
corner_brace
1000
!T1 (站體)_角撐
1000
source_geometry
1000
CD55B
1071
1303
  0
LINE
  5
5AB
330
17
100
AcDbEntity
  8
!T1 (站體)_角撐
100
AcDbLine
 10
374488.2870503646
 20
-705095.1411574339
 30
0.0
 11
374671.70505874243
 21
-704874.2843657592
 31
0.0
1001
SUPPORT_DISTRIBUTION_UV
1000
clean_dxf_export_v1
1000
background
1000
corner_brace
1000
!T1 (站體)_角撐
1000
source_geometry
1000
CD55B
1071
1304
  0
LINE
  5
5AC
330
17
100
AcDbEntity
  8
!T1 (站體)_角撐
100
AcDbLine
 10
375421.2382468002
 20
-703700.4871089896
 30
0.0
 11
374488.2870503646
 21
-704633.4383054251
 31
0.0
1001
SUPPORT_DISTRIBUTION_UV
1000
clean_dxf_export_v1
1000
background
1000
corner_brace
1000
!T1 (站體)_角撐
1000
source_geometry
1000
CD55B
1071
1305
  0
LINE
  5
5AD
330
17
100
AcDbEntity
  8
!T1 (站體)_角撐
100
AcDbLine
 10
374680.1903401167
 20
-704865.799084385
 30
0.0
 11
375633.37028115615
 21
-703912.6191433455
 31
0.0
1001
SUPPORT_DISTRIBUTION_UV
1000
clean_dxf_export_v1
1000
background
1000
corner_brace
1000
!T1 (站體)_角撐
1000
source_geometry
1000
CD55B
1071
1306
  0
LINE
  5
5AE
330
17
100
AcDbEntity
  8
!T1 (站體)_角撐
100
AcDbLine
 10
374680.1903401167
 20
-704865.799084385
 30
0.0
 11
374488.2870503646
 21
-704673.895794633
 31
0.0
1001
SUPPORT_DISTRIBUTION_UV
1000
clean_dxf_export_v1
1000
background
1000
corner_brace
1000
!T1 (站體)_角撐
1000
source_geometry
1000
CD55B
1071
1307
  0
LINE
  5
5AF
330
17
100
AcDbEntity
  8
!T1 (站體)_角撐
100
AcDbLine
 10
379038.1718719719
 20
-703557.5703397811
 30
0.0
 11
379146.8505725548
 21
-703692.0018276153
 31
0.0
1001
SUPPORT_DISTRIBUTION_UV
1000
clean_dxf_export_v1
1000
background
1000
corner_brace
1000
!T1 (站體)_角撐
1000
source_geometry
1000
CD55C
1071
1308
  0
LINE
  5
5B0
330
17
100
AcDbEntity
  8
!T1 (站體)_角撐
100
AcDbLine
 10
378943.20381957304
 20
-703912.6191433455
 30
0.0
 11
378934.7185381988
 21
-703904.1338619713
 31
0.0
1001
SUPPORT_DISTRIBUTION_UV
1000
clean_dxf_export_v1
1000
background
1000
corner_brace
1000
!T1 (站體)_角撐
1000
source_geometry
1000
CD55C
1071
1309
  0
LINE
  5
5B1
330
17
100
AcDbEntity
  8
!T1 (站體)_角撐
100
AcDbLine
 10
379146.8505725548
 20
-703692.0018276153
 30
0.0
 11
379155.335853929
 21
-703700.4871089896
 31
0.0
1001
SUPPORT_DISTRIBUTION_UV
1000
clean_dxf_export_v1
1000
background
1000
corner_brace
1000
!T1 (站體)_角撐
1000
source_geometry
1000
CD55C
1071
1310
  0
LINE
  5
5B2
330
17
100
AcDbEntity
  8
!T1 (站體)_角撐
100
AcDbLine
 10
378563.1718719719
 20
-703595.5703397811
 30
0.0
 11
378934.7185381988
 21
-703904.1338619713
 31
0.0
1001
SUPPORT_DISTRIBUTION_UV
1000
clean_dxf_export_v1
1000
background
1000
corner_brace
1000
!T1 (站體)_角撐
1000
source_geometry
1000
CD55C
1071
1311
  0
LINE
  5
5B3
330
17
100
AcDbEntity
  8
!T1 (站體)_角撐
100
AcDbLine
 10
378563.1718719719
 20
-703557.5703397811
 30
0.0
 11
378563.1718719719
 21
-703595.5703397811
 31
0.0
1001
SUPPORT_DISTRIBUTION_UV
1000
clean_dxf_export_v1
1000
background
1000
corner_brace
1000
!T1 (站體)_角撐
1000
source_geometry
1000
CD55C
1071
1312
  0
LINE
  5
5B4
330
17
100
AcDbEntity
  8
!T1 (站體)_角撐
100
AcDbLine
 10
378563.1718719719
 20
-703557.5703397811
 30
0.0
 11
378563.1718719719
 21
-703545.5703397811
 31
0.0
1001
SUPPORT_DISTRIBUTION_UV
1000
clean_dxf_export_v1
1000
background
1000
corner_brace
1000
!T1 (站體)_角撐
1000
source_geometry
1000
CD55C
1071
1313
  0
LINE
  5
5B5
330
17
100
AcDbEntity
  8
!T1 (站體)_角撐
100
AcDbLine
 10
379038.1718719719
 20
-703545.5703397811
 30
0.0
 11
379038.1718719719
 21
-703557.5703397811
 31
0.0
1001
SUPPORT_DISTRIBUTION_UV
1000
clean_dxf_export_v1
1000
background
1000
corner_brace
1000
!T1 (站體)_角撐
1000
source_geometry
1000
CD55C
1071
1314
  0
LINE
  5
5B6
330
17
100
AcDbEntity
  8
!T1 (站體)_角撐
100
AcDbLine
 10
378943.20381957304
 20
-703912.6191433455
 30
0.0
 11
379155.335853929
 21
-703700.4871089896
 31
0.0
1001
SUPPORT_DISTRIBUTION_UV
1000
clean_dxf_export_v1
1000
background
1000
corner_brace
1000
!T1 (站體)_角撐
1000
source_geometry
1000
CD55C
1071
1315
  0
LINE
  5
5B7
330
17
100
AcDbEntity
  8
!T1 (站體)_角撐
100
AcDbLine
 10
379896.3837606125
 20
-704865.799084385
 30
0.0
 11
380088.2870503646
 21
-704673.895794633
 31
0.0
1001
SUPPORT_DISTRIBUTION_UV
1000
clean_dxf_export_v1
1000
background
1000
corner_brace
1000
!T1 (站體)_角撐
1000
source_geometry
1000
CD55C
1071
1316
  0
LINE
  5
5B8
330
17
100
AcDbEntity
  8
!T1 (站體)_角撐
100
AcDbLine
 10
379896.3837606125
 20
-704865.799084385
 30
0.0
 11
378943.20381957304
 21
-703912.6191433455
 31
0.0
1001
SUPPORT_DISTRIBUTION_UV
1000
clean_dxf_export_v1
1000
background
1000
corner_brace
1000
!T1 (站體)_角撐
1000
source_geometry
1000
CD55C
1071
1317
  0
LINE
  5
5B9
330
17
100
AcDbEntity
  8
!T1 (站體)_角撐
100
AcDbLine
 10
379155.335853929
 20
-703700.4871089896
 30
0.0
 11
380088.2870503646
 21
-704633.4383054251
 31
0.0
1001
SUPPORT_DISTRIBUTION_UV
1000
clean_dxf_export_v1
1000
background
1000
corner_brace
1000
!T1 (站體)_角撐
1000
source_geometry
1000
CD55C
1071
1318
  0
LINE
  5
5BA
330
17
100
AcDbEntity
  8
!T1 (站體)_角撐
100
AcDbLine
 10
380088.2870503646
 20
-705095.1411574339
 30
0.0
 11
379904.86904198676
 21
-704874.2843657592
 31
0.0
1001
SUPPORT_DISTRIBUTION_UV
1000
clean_dxf_export_v1
1000
background
1000
corner_brace
1000
!T1 (站體)_角撐
1000
source_geometry
1000
CD55C
1071
1319
  0
LINE
  5
5BB
330
17
100
AcDbEntity
  8
!T1 (站體)_角撐
100
AcDbLine
 10
379904.86904198676
 20
-704874.2843657592
 30
0.0
 11
379896.3837606125
 21
-704865.799084385
 31
0.0
1001
SUPPORT_DISTRIBUTION_UV
1000
clean_dxf_export_v1
1000
background
1000
corner_brace
1000
!T1 (站體)_角撐
1000
source_geometry
1000
CD55C
1071
1320
  0
LINE
  5
5BC
330
17
100
AcDbEntity
  8
!T1 (站體)_角撐
100
AcDbLine
 10
381421.2382468002
 20
-703700.4871089896
 30
0.0
 11
381633.37028115615
 21
-703912.6191433455
 31
0.0
1001
SUPPORT_DISTRIBUTION_UV
1000
clean_dxf_export_v1
1000
background
1000
corner_brace
1000
!T1 (站體)_角撐
1000
source_geometry
1000
CD55C
1071
1321
  0
LINE
  5
5BD
330
17
100
AcDbEntity
  8
!T1 (站體)_角撐
100
AcDbLine
 10
381538.4022287573
 20
-703545.5703397811
 30
0.0
 11
381538.4022287573
 21
-703557.5703397811
 31
0.0
1001
SUPPORT_DISTRIBUTION_UV
1000
clean_dxf_export_v1
1000
background
1000
corner_brace
1000
!T1 (站體)_角撐
1000
source_geometry
1000
CD55C
1071
1322
  0
LINE
  5
5BE
330
17
100
AcDbEntity
  8
!T1 (站體)_角撐
100
AcDbLine
 10
382013.4022287573
 20
-703557.5703397811
 30
0.0
 11
382013.4022287573
 21
-703545.5703397811
 31
0.0
1001
SUPPORT_DISTRIBUTION_UV
1000
clean_dxf_export_v1
1000
background
1000
corner_brace
1000
!T1 (站體)_角撐
1000
source_geometry
1000
CD55C
1071
1323
  0
LINE
  5
5BF
330
17
100
AcDbEntity
  8
!T1 (站體)_角撐
100
AcDbLine
 10
382013.4022287573
 20
-703557.5703397811
 30
0.0
 11
382013.4022287573
 21
-703595.5703397811
 31
0.0
1001
SUPPORT_DISTRIBUTION_UV
1000
clean_dxf_export_v1
1000
background
1000
corner_brace
1000
!T1 (站體)_角撐
1000
source_geometry
1000
CD55C
1071
1324
  0
LINE
  5
5C0
330
17
100
AcDbEntity
  8
!T1 (站體)_角撐
100
AcDbLine
 10
382013.4022287573
 20
-703595.5703397811
 30
0.0
 11
381641.8555625304
 21
-703904.1338619713
 31
0.0
1001
SUPPORT_DISTRIBUTION_UV
1000
clean_dxf_export_v1
1000
background
1000
corner_brace
1000
!T1 (站體)_角撐
1000
source_geometry
1000
CD55C
1071
1325
  0
LINE
  5
5C1
330
17
100
AcDbEntity
  8
!T1 (站體)_角撐
100
AcDbLine
 10
381429.72352817445
 20
-703692.0018276153
 30
0.0
 11
381421.2382468002
 21
-703700.4871089896
 31
0.0
1001
SUPPORT_DISTRIBUTION_UV
1000
clean_dxf_export_v1
1000
background
1000
corner_brace
1000
!T1 (站體)_角撐
1000
source_geometry
1000
CD55C
1071
1326
  0
LINE
  5
5C2
330
17
100
AcDbEntity
  8
!T1 (站體)_角撐
100
AcDbLine
 10
381633.37028115615
 20
-703912.6191433455
 30
0.0
 11
381641.8555625304
 21
-703904.1338619713
 31
0.0
1001
SUPPORT_DISTRIBUTION_UV
1000
clean_dxf_export_v1
1000
background
1000
corner_brace
1000
!T1 (站體)_角撐
1000
source_geometry
1000
CD55C
1071
1327
  0
LINE
  5
5C3
330
17
100
AcDbEntity
  8
!T1 (站體)_角撐
100
AcDbLine
 10
381538.4022287573
 20
-703557.5703397811
 30
0.0
 11
381429.72352817445
 21
-703692.0018276153
 31
0.0
1001
SUPPORT_DISTRIBUTION_UV
1000
clean_dxf_export_v1
1000
background
1000
corner_brace
1000
!T1 (站體)_角撐
1000
source_geometry
1000
CD55C
1071
1328
  0
LINE
  5
5C4
330
17
100
AcDbEntity
  8
!T1 (站體)_角撐
100
AcDbLine
 10
380671.70505874243
 20
-704874.2843657592
 30
0.0
 11
380680.1903401167
 21
-704865.799084385
 31
0.0
1001
SUPPORT_DISTRIBUTION_UV
1000
clean_dxf_export_v1
1000
background
1000
corner_brace
1000
!T1 (站體)_角撐
1000
source_geometry
1000
CD55C
1071
1329
  0
LINE
  5
5C5
330
17
100
AcDbEntity
  8
!T1 (站體)_角撐
100
AcDbLine
 10
380488.2870503646
 20
-705095.1411574339
 30
0.0
 11
380671.70505874243
 21
-704874.2843657592
 31
0.0
1001
SUPPORT_DISTRIBUTION_UV
1000
clean_dxf_export_v1
1000
background
1000
corner_brace
1000
!T1 (站體)_角撐
1000
source_geometry
1000
CD55C
1071
1330
  0
LINE
  5
5C6
330
17
100
AcDbEntity
  8
!T1 (站體)_角撐
100
AcDbLine
 10
381421.2382468002
 20
-703700.4871089896
 30
0.0
 11
380488.2870503646
 21
-704633.4383054251
 31
0.0
1001
SUPPORT_DISTRIBUTION_UV
1000
clean_dxf_export_v1
1000
background
1000
corner_brace
1000
!T1 (站體)_角撐
1000
source_geometry
1000
CD55C
1071
1331
  0
LINE
  5
5C7
330
17
100
AcDbEntity
  8
!T1 (站體)_角撐
100
AcDbLine
 10
380680.1903401167
 20
-704865.799084385
 30
0.0
 11
381633.37028115615
 21
-703912.6191433455
 31
0.0
1001
SUPPORT_DISTRIBUTION_UV
1000
clean_dxf_export_v1
1000
background
1000
corner_brace
1000
!T1 (站體)_角撐
1000
source_geometry
1000
CD55C
1071
1332
  0
LINE
  5
5C8
330
17
100
AcDbEntity
  8
!T1 (站體)_角撐
100
AcDbLine
 10
380680.1903401167
 20
-704865.799084385
 30
0.0
 11
380488.2870503646
 21
-704673.895794633
 31
0.0
1001
SUPPORT_DISTRIBUTION_UV
1000
clean_dxf_export_v1
1000
background
1000
corner_brace
1000
!T1 (站體)_角撐
1000
source_geometry
1000
CD55C
1071
1333
  0
LINE
  5
5C9
330
17
100
AcDbEntity
  8
!T1 (站體)_角撐
100
AcDbLine
 10
385038.1718719719
 20
-703557.5703397811
 30
0.0
 11
385146.8505725548
 21
-703692.0018276153
 31
0.0
1001
SUPPORT_DISTRIBUTION_UV
1000
clean_dxf_export_v1
1000
background
1000
corner_brace
1000
!T1 (站體)_角撐
1000
source_geometry
1000
CD55D
1071
1334
  0
LINE
  5
5CA
330
17
100
AcDbEntity
  8
!T1 (站體)_角撐
100
AcDbLine
 10
384943.20381957304
 20
-703912.6191433455
 30
0.0
 11
384934.7185381988
 21
-703904.1338619713
 31
0.0
1001
SUPPORT_DISTRIBUTION_UV
1000
clean_dxf_export_v1
1000
background
1000
corner_brace
1000
!T1 (站體)_角撐
1000
source_geometry
1000
CD55D
1071
1335
  0
LINE
  5
5CB
330
17
100
AcDbEntity
  8
!T1 (站體)_角撐
100
AcDbLine
 10
385146.8505725548
 20
-703692.0018276153
 30
0.0
 11
385155.335853929
 21
-703700.4871089896
 31
0.0
1001
SUPPORT_DISTRIBUTION_UV
1000
clean_dxf_export_v1
1000
background
1000
corner_brace
1000
!T1 (站體)_角撐
1000
source_geometry
1000
CD55D
1071
1336
  0
LINE
  5
5CC
330
17
100
AcDbEntity
  8
!T1 (站體)_角撐
100
AcDbLine
 10
384563.1718719719
 20
-703595.5703397811
 30
0.0
 11
384934.7185381988
 21
-703904.1338619713
 31
0.0
1001
SUPPORT_DISTRIBUTION_UV
1000
clean_dxf_export_v1
1000
background
1000
corner_brace
1000
!T1 (站體)_角撐
1000
source_geometry
1000
CD55D
1071
1337
  0
LINE
  5
5CD
330
17
100
AcDbEntity
  8
!T1 (站體)_角撐
100
AcDbLine
 10
384563.1718719719
 20
-703557.5703397811
 30
0.0
 11
384563.1718719719
 21
-703595.5703397811
 31
0.0
1001
SUPPORT_DISTRIBUTION_UV
1000
clean_dxf_export_v1
1000
background
1000
corner_brace
1000
!T1 (站體)_角撐
1000
source_geometry
1000
CD55D
1071
1338
  0
LINE
  5
5CE
330
17
100
AcDbEntity
  8
!T1 (站體)_角撐
100
AcDbLine
 10
384563.1718719719
 20
-703557.5703397811
 30
0.0
 11
384563.1718719719
 21
-703545.5703397811
 31
0.0
1001
SUPPORT_DISTRIBUTION_UV
1000
clean_dxf_export_v1
1000
background
1000
corner_brace
1000
!T1 (站體)_角撐
1000
source_geometry
1000
CD55D
1071
1339
  0
LINE
  5
5CF
330
17
100
AcDbEntity
  8
!T1 (站體)_角撐
100
AcDbLine
 10
385038.1718719719
 20
-703545.5703397811
 30
0.0
 11
385038.1718719719
 21
-703557.5703397811
 31
0.0
1001
SUPPORT_DISTRIBUTION_UV
1000
clean_dxf_export_v1
1000
background
1000
corner_brace
1000
!T1 (站體)_角撐
1000
source_geometry
1000
CD55D
1071
1340
  0
LINE
  5
5D0
330
17
100
AcDbEntity
  8
!T1 (站體)_角撐
100
AcDbLine
 10
384943.20381957304
 20
-703912.6191433455
 30
0.0
 11
385155.335853929
 21
-703700.4871089896
 31
0.0
1001
SUPPORT_DISTRIBUTION_UV
1000
clean_dxf_export_v1
1000
background
1000
corner_brace
1000
!T1 (站體)_角撐
1000
source_geometry
1000
CD55D
1071
1341
  0
LINE
  5
5D1
330
17
100
AcDbEntity
  8
!T1 (站體)_角撐
100
AcDbLine
 10
385896.3837606125
 20
-704865.799084385
 30
0.0
 11
386088.2870503646
 21
-704673.895794633
 31
0.0
1001
SUPPORT_DISTRIBUTION_UV
1000
clean_dxf_export_v1
1000
background
1000
corner_brace
1000
!T1 (站體)_角撐
1000
source_geometry
1000
CD55D
1071
1342
  0
LINE
  5
5D2
330
17
100
AcDbEntity
  8
!T1 (站體)_角撐
100
AcDbLine
 10
385896.3837606125
 20
-704865.799084385
 30
0.0
 11
384943.20381957304
 21
-703912.6191433455
 31
0.0
1001
SUPPORT_DISTRIBUTION_UV
1000
clean_dxf_export_v1
1000
background
1000
corner_brace
1000
!T1 (站體)_角撐
1000
source_geometry
1000
CD55D
1071
1343
  0
LINE
  5
5D3
330
17
100
AcDbEntity
  8
!T1 (站體)_角撐
100
AcDbLine
 10
385155.335853929
 20
-703700.4871089896
 30
0.0
 11
386088.2870503646
 21
-704633.4383054251
 31
0.0
1001
SUPPORT_DISTRIBUTION_UV
1000
clean_dxf_export_v1
1000
background
1000
corner_brace
1000
!T1 (站體)_角撐
1000
source_geometry
1000
CD55D
1071
1344
  0
LINE
  5
5D4
330
17
100
AcDbEntity
  8
!T1 (站體)_角撐
100
AcDbLine
 10
386088.2870503646
 20
-705095.1411574339
 30
0.0
 11
385904.86904198676
 21
-704874.2843657592
 31
0.0
1001
SUPPORT_DISTRIBUTION_UV
1000
clean_dxf_export_v1
1000
background
1000
corner_brace
1000
!T1 (站體)_角撐
1000
source_geometry
1000
CD55D
1071
1345
  0
LINE
  5
5D5
330
17
100
AcDbEntity
  8
!T1 (站體)_角撐
100
AcDbLine
 10
385904.86904198676
 20
-704874.2843657592
 30
0.0
 11
385896.3837606125
 21
-704865.799084385
 31
0.0
1001
SUPPORT_DISTRIBUTION_UV
1000
clean_dxf_export_v1
1000
background
1000
corner_brace
1000
!T1 (站體)_角撐
1000
source_geometry
1000
CD55D
1071
1346
  0
LINE
  5
5D6
330
17
100
AcDbEntity
  8
!T1 (站體)_角撐
100
AcDbLine
 10
387421.2382468002
 20
-703700.4871089896
 30
0.0
 11
387633.37028115615
 21
-703912.6191433455
 31
0.0
1001
SUPPORT_DISTRIBUTION_UV
1000
clean_dxf_export_v1
1000
background
1000
corner_brace
1000
!T1 (站體)_角撐
1000
source_geometry
1000
CD55D
1071
1347
  0
LINE
  5
5D7
330
17
100
AcDbEntity
  8
!T1 (站體)_角撐
100
AcDbLine
 10
387538.4022287573
 20
-703545.5703397811
 30
0.0
 11
387538.4022287573
 21
-703557.5703397811
 31
0.0
1001
SUPPORT_DISTRIBUTION_UV
1000
clean_dxf_export_v1
1000
background
1000
corner_brace
1000
!T1 (站體)_角撐
1000
source_geometry
1000
CD55D
1071
1348
  0
LINE
  5
5D8
330
17
100
AcDbEntity
  8
!T1 (站體)_角撐
100
AcDbLine
 10
388013.4022287573
 20
-703557.5703397811
 30
0.0
 11
388013.4022287573
 21
-703545.5703397811
 31
0.0
1001
SUPPORT_DISTRIBUTION_UV
1000
clean_dxf_export_v1
1000
background
1000
corner_brace
1000
!T1 (站體)_角撐
1000
source_geometry
1000
CD55D
1071
1349
  0
LINE
  5
5D9
330
17
100
AcDbEntity
  8
!T1 (站體)_角撐
100
AcDbLine
 10
388013.4022287573
 20
-703557.5703397811
 30
0.0
 11
388013.4022287573
 21
-703595.5703397811
 31
0.0
1001
SUPPORT_DISTRIBUTION_UV
1000
clean_dxf_export_v1
1000
background
1000
corner_brace
1000
!T1 (站體)_角撐
1000
source_geometry
1000
CD55D
1071
1350
  0
LINE
  5
5DA
330
17
100
AcDbEntity
  8
!T1 (站體)_角撐
100
AcDbLine
 10
388013.4022287573
 20
-703595.5703397811
 30
0.0
 11
387641.8555625304
 21
-703904.1338619713
 31
0.0
1001
SUPPORT_DISTRIBUTION_UV
1000
clean_dxf_export_v1
1000
background
1000
corner_brace
1000
!T1 (站體)_角撐
1000
source_geometry
1000
CD55D
1071
1351
  0
LINE
  5
5DB
330
17
100
AcDbEntity
  8
!T1 (站體)_角撐
100
AcDbLine
 10
387429.72352817445
 20
-703692.0018276153
 30
0.0
 11
387421.2382468002
 21
-703700.4871089896
 31
0.0
1001
SUPPORT_DISTRIBUTION_UV
1000
clean_dxf_export_v1
1000
background
1000
corner_brace
1000
!T1 (站體)_角撐
1000
source_geometry
1000
CD55D
1071
1352
  0
LINE
  5
5DC
330
17
100
AcDbEntity
  8
!T1 (站體)_角撐
100
AcDbLine
 10
387633.37028115615
 20
-703912.6191433455
 30
0.0
 11
387641.8555625304
 21
-703904.1338619713
 31
0.0
1001
SUPPORT_DISTRIBUTION_UV
1000
clean_dxf_export_v1
1000
background
1000
corner_brace
1000
!T1 (站體)_角撐
1000
source_geometry
1000
CD55D
1071
1353
  0
LINE
  5
5DD
330
17
100
AcDbEntity
  8
!T1 (站體)_角撐
100
AcDbLine
 10
387538.4022287573
 20
-703557.5703397811
 30
0.0
 11
387429.72352817445
 21
-703692.0018276153
 31
0.0
1001
SUPPORT_DISTRIBUTION_UV
1000
clean_dxf_export_v1
1000
background
1000
corner_brace
1000
!T1 (站體)_角撐
1000
source_geometry
1000
CD55D
1071
1354
  0
LINE
  5
5DE
330
17
100
AcDbEntity
  8
!T1 (站體)_角撐
100
AcDbLine
 10
386671.70505874243
 20
-704874.2843657592
 30
0.0
 11
386680.1903401167
 21
-704865.799084385
 31
0.0
1001
SUPPORT_DISTRIBUTION_UV
1000
clean_dxf_export_v1
1000
background
1000
corner_brace
1000
!T1 (站體)_角撐
1000
source_geometry
1000
CD55D
1071
1355
  0
LINE
  5
5DF
330
17
100
AcDbEntity
  8
!T1 (站體)_角撐
100
AcDbLine
 10
386488.2870503646
 20
-705095.1411574339
 30
0.0
 11
386671.70505874243
 21
-704874.2843657592
 31
0.0
1001
SUPPORT_DISTRIBUTION_UV
1000
clean_dxf_export_v1
1000
background
1000
corner_brace
1000
!T1 (站體)_角撐
1000
source_geometry
1000
CD55D
1071
1356
  0
LINE
  5
5E0
330
17
100
AcDbEntity
  8
!T1 (站體)_角撐
100
AcDbLine
 10
387421.2382468002
 20
-703700.4871089896
 30
0.0
 11
386488.2870503646
 21
-704633.4383054251
 31
0.0
1001
SUPPORT_DISTRIBUTION_UV
1000
clean_dxf_export_v1
1000
background
1000
corner_brace
1000
!T1 (站體)_角撐
1000
source_geometry
1000
CD55D
1071
1357
  0
LINE
  5
5E1
330
17
100
AcDbEntity
  8
!T1 (站體)_角撐
100
AcDbLine
 10
386680.1903401167
 20
-704865.799084385
 30
0.0
 11
387633.37028115615
 21
-703912.6191433455
 31
0.0
1001
SUPPORT_DISTRIBUTION_UV
1000
clean_dxf_export_v1
1000
background
1000
corner_brace
1000
!T1 (站體)_角撐
1000
source_geometry
1000
CD55D
1071
1358
  0
LINE
  5
5E2
330
17
100
AcDbEntity
  8
!T1 (站體)_角撐
100
AcDbLine
 10
386680.1903401167
 20
-704865.799084385
 30
0.0
 11
386488.2870503646
 21
-704673.895794633
 31
0.0
1001
SUPPORT_DISTRIBUTION_UV
1000
clean_dxf_export_v1
1000
background
1000
corner_brace
1000
!T1 (站體)_角撐
1000
source_geometry
1000
CD55D
1071
1359
  0
LINE
  5
5E3
330
17
100
AcDbEntity
  8
!T1 (站體)_角撐
100
AcDbLine
 10
390538.1718719719
 20
-703557.5703397811
 30
0.0
 11
390646.8505725548
 21
-703692.0018276153
 31
0.0
1001
SUPPORT_DISTRIBUTION_UV
1000
clean_dxf_export_v1
1000
background
1000
corner_brace
1000
!T1 (站體)_角撐
1000
source_geometry
1000
CD55E
1071
1360
  0
LINE
  5
5E4
330
17
100
AcDbEntity
  8
!T1 (站體)_角撐
100
AcDbLine
 10
390443.20381957304
 20
-703912.6191433455
 30
0.0
 11
390434.7185381988
 21
-703904.1338619713
 31
0.0
1001
SUPPORT_DISTRIBUTION_UV
1000
clean_dxf_export_v1
1000
background
1000
corner_brace
1000
!T1 (站體)_角撐
1000
source_geometry
1000
CD55E
1071
1361
  0
LINE
  5
5E5
330
17
100
AcDbEntity
  8
!T1 (站體)_角撐
100
AcDbLine
 10
390646.8505725548
 20
-703692.0018276153
 30
0.0
 11
390655.335853929
 21
-703700.4871089896
 31
0.0
1001
SUPPORT_DISTRIBUTION_UV
1000
clean_dxf_export_v1
1000
background
1000
corner_brace
1000
!T1 (站體)_角撐
1000
source_geometry
1000
CD55E
1071
1362
  0
LINE
  5
5E6
330
17
100
AcDbEntity
  8
!T1 (站體)_角撐
100
AcDbLine
 10
390063.1718719719
 20
-703595.5703397811
 30
0.0
 11
390434.7185381988
 21
-703904.1338619713
 31
0.0
1001
SUPPORT_DISTRIBUTION_UV
1000
clean_dxf_export_v1
1000
background
1000
corner_brace
1000
!T1 (站體)_角撐
1000
source_geometry
1000
CD55E
1071
1363
  0
LINE
  5
5E7
330
17
100
AcDbEntity
  8
!T1 (站體)_角撐
100
AcDbLine
 10
390063.1718719719
 20
-703557.5703397811
 30
0.0
 11
390063.1718719719
 21
-703595.5703397811
 31
0.0
1001
SUPPORT_DISTRIBUTION_UV
1000
clean_dxf_export_v1
1000
background
1000
corner_brace
1000
!T1 (站體)_角撐
1000
source_geometry
1000
CD55E
1071
1364
  0
LINE
  5
5E8
330
17
100
AcDbEntity
  8
!T1 (站體)_角撐
100
AcDbLine
 10
390063.1718719719
 20
-703557.5703397811
 30
0.0
 11
390063.1718719719
 21
-703545.5703397811
 31
0.0
1001
SUPPORT_DISTRIBUTION_UV
1000
clean_dxf_export_v1
1000
background
1000
corner_brace
1000
!T1 (站體)_角撐
1000
source_geometry
1000
CD55E
1071
1365
  0
LINE
  5
5E9
330
17
100
AcDbEntity
  8
!T1 (站體)_角撐
100
AcDbLine
 10
390538.1718719719
 20
-703545.5703397811
 30
0.0
 11
390538.1718719719
 21
-703557.5703397811
 31
0.0
1001
SUPPORT_DISTRIBUTION_UV
1000
clean_dxf_export_v1
1000
background
1000
corner_brace
1000
!T1 (站體)_角撐
1000
source_geometry
1000
CD55E
1071
1366
  0
LINE
  5
5EA
330
17
100
AcDbEntity
  8
!T1 (站體)_角撐
100
AcDbLine
 10
390443.20381957304
 20
-703912.6191433455
 30
0.0
 11
390655.335853929
 21
-703700.4871089896
 31
0.0
1001
SUPPORT_DISTRIBUTION_UV
1000
clean_dxf_export_v1
1000
background
1000
corner_brace
1000
!T1 (站體)_角撐
1000
source_geometry
1000
CD55E
1071
1367
  0
LINE
  5
5EB
330
17
100
AcDbEntity
  8
!T1 (站體)_角撐
100
AcDbLine
 10
391396.3837606125
 20
-704865.799084385
 30
0.0
 11
391588.2870503646
 21
-704673.895794633
 31
0.0
1001
SUPPORT_DISTRIBUTION_UV
1000
clean_dxf_export_v1
1000
background
1000
corner_brace
1000
!T1 (站體)_角撐
1000
source_geometry
1000
CD55E
1071
1368
  0
LINE
  5
5EC
330
17
100
AcDbEntity
  8
!T1 (站體)_角撐
100
AcDbLine
 10
391396.3837606125
 20
-704865.799084385
 30
0.0
 11
390443.20381957304
 21
-703912.6191433455
 31
0.0
1001
SUPPORT_DISTRIBUTION_UV
1000
clean_dxf_export_v1
1000
background
1000
corner_brace
1000
!T1 (站體)_角撐
1000
source_geometry
1000
CD55E
1071
1369
  0
LINE
  5
5ED
330
17
100
AcDbEntity
  8
!T1 (站體)_角撐
100
AcDbLine
 10
390655.335853929
 20
-703700.4871089896
 30
0.0
 11
391588.2870503646
 21
-704633.4383054251
 31
0.0
1001
SUPPORT_DISTRIBUTION_UV
1000
clean_dxf_export_v1
1000
background
1000
corner_brace
1000
!T1 (站體)_角撐
1000
source_geometry
1000
CD55E
1071
1370
  0
LINE
  5
5EE
330
17
100
AcDbEntity
  8
!T1 (站體)_角撐
100
AcDbLine
 10
391588.2870503646
 20
-705095.1411574339
 30
0.0
 11
391404.86904198676
 21
-704874.2843657592
 31
0.0
1001
SUPPORT_DISTRIBUTION_UV
1000
clean_dxf_export_v1
1000
background
1000
corner_brace
1000
!T1 (站體)_角撐
1000
source_geometry
1000
CD55E
1071
1371
  0
LINE
  5
5EF
330
17
100
AcDbEntity
  8
!T1 (站體)_角撐
100
AcDbLine
 10
391404.86904198676
 20
-704874.2843657592
 30
0.0
 11
391396.3837606125
 21
-704865.799084385
 31
0.0
1001
SUPPORT_DISTRIBUTION_UV
1000
clean_dxf_export_v1
1000
background
1000
corner_brace
1000
!T1 (站體)_角撐
1000
source_geometry
1000
CD55E
1071
1372
  0
LINE
  5
5F0
330
17
100
AcDbEntity
  8
!T1 (站體)_角撐
100
AcDbLine
 10
392921.2382468002
 20
-703700.4871089896
 30
0.0
 11
393133.37028115615
 21
-703912.6191433455
 31
0.0
1001
SUPPORT_DISTRIBUTION_UV
1000
clean_dxf_export_v1
1000
background
1000
corner_brace
1000
!T1 (站體)_角撐
1000
source_geometry
1000
CD55E
1071
1373
  0
LINE
  5
5F1
330
17
100
AcDbEntity
  8
!T1 (站體)_角撐
100
AcDbLine
 10
393038.4022287573
 20
-703545.5703397811
 30
0.0
 11
393038.4022287573
 21
-703557.5703397811
 31
0.0
1001
SUPPORT_DISTRIBUTION_UV
1000
clean_dxf_export_v1
1000
background
1000
corner_brace
1000
!T1 (站體)_角撐
1000
source_geometry
1000
CD55E
1071
1374
  0
LINE
  5
5F2
330
17
100
AcDbEntity
  8
!T1 (站體)_角撐
100
AcDbLine
 10
393513.4022287573
 20
-703557.5703397811
 30
0.0
 11
393513.4022287573
 21
-703545.5703397811
 31
0.0
1001
SUPPORT_DISTRIBUTION_UV
1000
clean_dxf_export_v1
1000
background
1000
corner_brace
1000
!T1 (站體)_角撐
1000
source_geometry
1000
CD55E
1071
1375
  0
LINE
  5
5F3
330
17
100
AcDbEntity
  8
!T1 (站體)_角撐
100
AcDbLine
 10
393513.4022287573
 20
-703557.5703397811
 30
0.0
 11
393513.4022287573
 21
-703595.5703397811
 31
0.0
1001
SUPPORT_DISTRIBUTION_UV
1000
clean_dxf_export_v1
1000
background
1000
corner_brace
1000
!T1 (站體)_角撐
1000
source_geometry
1000
CD55E
1071
1376
  0
LINE
  5
5F4
330
17
100
AcDbEntity
  8
!T1 (站體)_角撐
100
AcDbLine
 10
393513.4022287573
 20
-703595.5703397811
 30
0.0
 11
393141.8555625304
 21
-703904.1338619713
 31
0.0
1001
SUPPORT_DISTRIBUTION_UV
1000
clean_dxf_export_v1
1000
background
1000
corner_brace
1000
!T1 (站體)_角撐
1000
source_geometry
1000
CD55E
1071
1377
  0
LINE
  5
5F5
330
17
100
AcDbEntity
  8
!T1 (站體)_角撐
100
AcDbLine
 10
392929.72352817445
 20
-703692.0018276153
 30
0.0
 11
392921.2382468002
 21
-703700.4871089896
 31
0.0
1001
SUPPORT_DISTRIBUTION_UV
1000
clean_dxf_export_v1
1000
background
1000
corner_brace
1000
!T1 (站體)_角撐
1000
source_geometry
1000
CD55E
1071
1378
  0
LINE
  5
5F6
330
17
100
AcDbEntity
  8
!T1 (站體)_角撐
100
AcDbLine
 10
393133.37028115615
 20
-703912.6191433455
 30
0.0
 11
393141.8555625304
 21
-703904.1338619713
 31
0.0
1001
SUPPORT_DISTRIBUTION_UV
1000
clean_dxf_export_v1
1000
background
1000
corner_brace
1000
!T1 (站體)_角撐
1000
source_geometry
1000
CD55E
1071
1379
  0
LINE
  5
5F7
330
17
100
AcDbEntity
  8
!T1 (站體)_角撐
100
AcDbLine
 10
393038.4022287573
 20
-703557.5703397811
 30
0.0
 11
392929.72352817445
 21
-703692.0018276153
 31
0.0
1001
SUPPORT_DISTRIBUTION_UV
1000
clean_dxf_export_v1
1000
background
1000
corner_brace
1000
!T1 (站體)_角撐
1000
source_geometry
1000
CD55E
1071
1380
  0
LINE
  5
5F8
330
17
100
AcDbEntity
  8
!T1 (站體)_角撐
100
AcDbLine
 10
392171.70505874243
 20
-704874.2843657592
 30
0.0
 11
392180.1903401167
 21
-704865.799084385
 31
0.0
1001
SUPPORT_DISTRIBUTION_UV
1000
clean_dxf_export_v1
1000
background
1000
corner_brace
1000
!T1 (站體)_角撐
1000
source_geometry
1000
CD55E
1071
1381
  0
LINE
  5
5F9
330
17
100
AcDbEntity
  8
!T1 (站體)_角撐
100
AcDbLine
 10
391988.2870503646
 20
-705095.1411574339
 30
0.0
 11
392171.70505874243
 21
-704874.2843657592
 31
0.0
1001
SUPPORT_DISTRIBUTION_UV
1000
clean_dxf_export_v1
1000
background
1000
corner_brace
1000
!T1 (站體)_角撐
1000
source_geometry
1000
CD55E
1071
1382
  0
LINE
  5
5FA
330
17
100
AcDbEntity
  8
!T1 (站體)_角撐
100
AcDbLine
 10
392921.2382468002
 20
-703700.4871089896
 30
0.0
 11
391988.2870503646
 21
-704633.4383054251
 31
0.0
1001
SUPPORT_DISTRIBUTION_UV
1000
clean_dxf_export_v1
1000
background
1000
corner_brace
1000
!T1 (站體)_角撐
1000
source_geometry
1000
CD55E
1071
1383
  0
LINE
  5
5FB
330
17
100
AcDbEntity
  8
!T1 (站體)_角撐
100
AcDbLine
 10
392180.1903401167
 20
-704865.799084385
 30
0.0
 11
393133.37028115615
 21
-703912.6191433455
 31
0.0
1001
SUPPORT_DISTRIBUTION_UV
1000
clean_dxf_export_v1
1000
background
1000
corner_brace
1000
!T1 (站體)_角撐
1000
source_geometry
1000
CD55E
1071
1384
  0
LINE
  5
5FC
330
17
100
AcDbEntity
  8
!T1 (站體)_角撐
100
AcDbLine
 10
392180.1903401167
 20
-704865.799084385
 30
0.0
 11
391988.2870503646
 21
-704673.895794633
 31
0.0
1001
SUPPORT_DISTRIBUTION_UV
1000
clean_dxf_export_v1
1000
background
1000
corner_brace
1000
!T1 (站體)_角撐
1000
source_geometry
1000
CD55E
1071
1385
  0
LINE
  5
5FD
330
17
100
AcDbEntity
  8
!T1 (站體)_角撐
100
AcDbLine
 10
396538.1718719719
 20
-703557.5703397811
 30
0.0
 11
396646.8505725548
 21
-703692.0018276153
 31
0.0
1001
SUPPORT_DISTRIBUTION_UV
1000
clean_dxf_export_v1
1000
background
1000
corner_brace
1000
!T1 (站體)_角撐
1000
source_geometry
1000
CD55F
1071
1386
  0
LINE
  5
5FE
330
17
100
AcDbEntity
  8
!T1 (站體)_角撐
100
AcDbLine
 10
396443.20381957304
 20
-703912.6191433455
 30
0.0
 11
396434.7185381988
 21
-703904.1338619713
 31
0.0
1001
SUPPORT_DISTRIBUTION_UV
1000
clean_dxf_export_v1
1000
background
1000
corner_brace
1000
!T1 (站體)_角撐
1000
source_geometry
1000
CD55F
1071
1387
  0
LINE
  5
5FF
330
17
100
AcDbEntity
  8
!T1 (站體)_角撐
100
AcDbLine
 10
396646.8505725548
 20
-703692.0018276153
 30
0.0
 11
396655.335853929
 21
-703700.4871089896
 31
0.0
1001
SUPPORT_DISTRIBUTION_UV
1000
clean_dxf_export_v1
1000
background
1000
corner_brace
1000
!T1 (站體)_角撐
1000
source_geometry
1000
CD55F
1071
1388
  0
LINE
  5
600
330
17
100
AcDbEntity
  8
!T1 (站體)_角撐
100
AcDbLine
 10
396063.1718719719
 20
-703595.5703397811
 30
0.0
 11
396434.7185381988
 21
-703904.1338619713
 31
0.0
1001
SUPPORT_DISTRIBUTION_UV
1000
clean_dxf_export_v1
1000
background
1000
corner_brace
1000
!T1 (站體)_角撐
1000
source_geometry
1000
CD55F
1071
1389
  0
LINE
  5
601
330
17
100
AcDbEntity
  8
!T1 (站體)_角撐
100
AcDbLine
 10
396063.1718719719
 20
-703557.5703397811
 30
0.0
 11
396063.1718719719
 21
-703595.5703397811
 31
0.0
1001
SUPPORT_DISTRIBUTION_UV
1000
clean_dxf_export_v1
1000
background
1000
corner_brace
1000
!T1 (站體)_角撐
1000
source_geometry
1000
CD55F
1071
1390
  0
LINE
  5
602
330
17
100
AcDbEntity
  8
!T1 (站體)_角撐
100
AcDbLine
 10
396063.1718719719
 20
-703557.5703397811
 30
0.0
 11
396063.1718719719
 21
-703545.5703397811
 31
0.0
1001
SUPPORT_DISTRIBUTION_UV
1000
clean_dxf_export_v1
1000
background
1000
corner_brace
1000
!T1 (站體)_角撐
1000
source_geometry
1000
CD55F
1071
1391
  0
LINE
  5
603
330
17
100
AcDbEntity
  8
!T1 (站體)_角撐
100
AcDbLine
 10
396538.1718719719
 20
-703545.5703397811
 30
0.0
 11
396538.1718719719
 21
-703557.5703397811
 31
0.0
1001
SUPPORT_DISTRIBUTION_UV
1000
clean_dxf_export_v1
1000
background
1000
corner_brace
1000
!T1 (站體)_角撐
1000
source_geometry
1000
CD55F
1071
1392
  0
LINE
  5
604
330
17
100
AcDbEntity
  8
!T1 (站體)_角撐
100
AcDbLine
 10
396443.20381957304
 20
-703912.6191433455
 30
0.0
 11
396655.335853929
 21
-703700.4871089896
 31
0.0
1001
SUPPORT_DISTRIBUTION_UV
1000
clean_dxf_export_v1
1000
background
1000
corner_brace
1000
!T1 (站體)_角撐
1000
source_geometry
1000
CD55F
1071
1393
  0
LINE
  5
605
330
17
100
AcDbEntity
  8
!T1 (站體)_角撐
100
AcDbLine
 10
397396.3837606125
 20
-704865.799084385
 30
0.0
 11
397588.2870503646
 21
-704673.895794633
 31
0.0
1001
SUPPORT_DISTRIBUTION_UV
1000
clean_dxf_export_v1
1000
background
1000
corner_brace
1000
!T1 (站體)_角撐
1000
source_geometry
1000
CD55F
1071
1394
  0
LINE
  5
606
330
17
100
AcDbEntity
  8
!T1 (站體)_角撐
100
AcDbLine
 10
397396.3837606125
 20
-704865.799084385
 30
0.0
 11
396443.20381957304
 21
-703912.6191433455
 31
0.0
1001
SUPPORT_DISTRIBUTION_UV
1000
clean_dxf_export_v1
1000
background
1000
corner_brace
1000
!T1 (站體)_角撐
1000
source_geometry
1000
CD55F
1071
1395
  0
LINE
  5
607
330
17
100
AcDbEntity
  8
!T1 (站體)_角撐
100
AcDbLine
 10
396655.335853929
 20
-703700.4871089896
 30
0.0
 11
397588.2870503646
 21
-704633.4383054251
 31
0.0
1001
SUPPORT_DISTRIBUTION_UV
1000
clean_dxf_export_v1
1000
background
1000
corner_brace
1000
!T1 (站體)_角撐
1000
source_geometry
1000
CD55F
1071
1396
  0
LINE
  5
608
330
17
100
AcDbEntity
  8
!T1 (站體)_角撐
100
AcDbLine
 10
397588.2870503646
 20
-705095.1411574339
 30
0.0
 11
397404.86904198676
 21
-704874.2843657592
 31
0.0
1001
SUPPORT_DISTRIBUTION_UV
1000
clean_dxf_export_v1
1000
background
1000
corner_brace
1000
!T1 (站體)_角撐
1000
source_geometry
1000
CD55F
1071
1397
  0
LINE
  5
609
330
17
100
AcDbEntity
  8
!T1 (站體)_角撐
100
AcDbLine
 10
397404.86904198676
 20
-704874.2843657592
 30
0.0
 11
397396.3837606125
 21
-704865.799084385
 31
0.0
1001
SUPPORT_DISTRIBUTION_UV
1000
clean_dxf_export_v1
1000
background
1000
corner_brace
1000
!T1 (站體)_角撐
1000
source_geometry
1000
CD55F
1071
1398
  0
LINE
  5
60A
330
17
100
AcDbEntity
  8
!T1 (站體)_角撐
100
AcDbLine
 10
398921.2382468002
 20
-703700.4871089896
 30
0.0
 11
399133.37028115615
 21
-703912.6191433455
 31
0.0
1001
SUPPORT_DISTRIBUTION_UV
1000
clean_dxf_export_v1
1000
background
1000
corner_brace
1000
!T1 (站體)_角撐
1000
source_geometry
1000
CD55F
1071
1399
  0
LINE
  5
60B
330
17
100
AcDbEntity
  8
!T1 (站體)_角撐
100
AcDbLine
 10
399038.4022287573
 20
-703545.5703397811
 30
0.0
 11
399038.4022287573
 21
-703557.5703397811
 31
0.0
1001
SUPPORT_DISTRIBUTION_UV
1000
clean_dxf_export_v1
1000
background
1000
corner_brace
1000
!T1 (站體)_角撐
1000
source_geometry
1000
CD55F
1071
1400
  0
LINE
  5
60C
330
17
100
AcDbEntity
  8
!T1 (站體)_角撐
100
AcDbLine
 10
399513.4022287573
 20
-703557.5703397811
 30
0.0
 11
399513.4022287573
 21
-703545.5703397811
 31
0.0
1001
SUPPORT_DISTRIBUTION_UV
1000
clean_dxf_export_v1
1000
background
1000
corner_brace
1000
!T1 (站體)_角撐
1000
source_geometry
1000
CD55F
1071
1401
  0
LINE
  5
60D
330
17
100
AcDbEntity
  8
!T1 (站體)_角撐
100
AcDbLine
 10
399513.4022287573
 20
-703557.5703397811
 30
0.0
 11
399513.4022287573
 21
-703595.5703397811
 31
0.0
1001
SUPPORT_DISTRIBUTION_UV
1000
clean_dxf_export_v1
1000
background
1000
corner_brace
1000
!T1 (站體)_角撐
1000
source_geometry
1000
CD55F
1071
1402
  0
LINE
  5
60E
330
17
100
AcDbEntity
  8
!T1 (站體)_角撐
100
AcDbLine
 10
399513.4022287573
 20
-703595.5703397811
 30
0.0
 11
399141.8555625304
 21
-703904.1338619713
 31
0.0
1001
SUPPORT_DISTRIBUTION_UV
1000
clean_dxf_export_v1
1000
background
1000
corner_brace
1000
!T1 (站體)_角撐
1000
source_geometry
1000
CD55F
1071
1403
  0
LINE
  5
60F
330
17
100
AcDbEntity
  8
!T1 (站體)_角撐
100
AcDbLine
 10
398929.72352817445
 20
-703692.0018276153
 30
0.0
 11
398921.2382468002
 21
-703700.4871089896
 31
0.0
1001
SUPPORT_DISTRIBUTION_UV
1000
clean_dxf_export_v1
1000
background
1000
corner_brace
1000
!T1 (站體)_角撐
1000
source_geometry
1000
CD55F
1071
1404
  0
LINE
  5
610
330
17
100
AcDbEntity
  8
!T1 (站體)_角撐
100
AcDbLine
 10
399133.37028115615
 20
-703912.6191433455
 30
0.0
 11
399141.8555625304
 21
-703904.1338619713
 31
0.0
1001
SUPPORT_DISTRIBUTION_UV
1000
clean_dxf_export_v1
1000
background
1000
corner_brace
1000
!T1 (站體)_角撐
1000
source_geometry
1000
CD55F
1071
1405
  0
LINE
  5
611
330
17
100
AcDbEntity
  8
!T1 (站體)_角撐
100
AcDbLine
 10
399038.4022287573
 20
-703557.5703397811
 30
0.0
 11
398929.72352817445
 21
-703692.0018276153
 31
0.0
1001
SUPPORT_DISTRIBUTION_UV
1000
clean_dxf_export_v1
1000
background
1000
corner_brace
1000
!T1 (站體)_角撐
1000
source_geometry
1000
CD55F
1071
1406
  0
LINE
  5
612
330
17
100
AcDbEntity
  8
!T1 (站體)_角撐
100
AcDbLine
 10
398171.70505874243
 20
-704874.2843657592
 30
0.0
 11
398180.1903401167
 21
-704865.799084385
 31
0.0
1001
SUPPORT_DISTRIBUTION_UV
1000
clean_dxf_export_v1
1000
background
1000
corner_brace
1000
!T1 (站體)_角撐
1000
source_geometry
1000
CD55F
1071
1407
  0
LINE
  5
613
330
17
100
AcDbEntity
  8
!T1 (站體)_角撐
100
AcDbLine
 10
397988.2870503646
 20
-705095.1411574339
 30
0.0
 11
398171.70505874243
 21
-704874.2843657592
 31
0.0
1001
SUPPORT_DISTRIBUTION_UV
1000
clean_dxf_export_v1
1000
background
1000
corner_brace
1000
!T1 (站體)_角撐
1000
source_geometry
1000
CD55F
1071
1408
  0
LINE
  5
614
330
17
100
AcDbEntity
  8
!T1 (站體)_角撐
100
AcDbLine
 10
398921.2382468002
 20
-703700.4871089896
 30
0.0
 11
397988.2870503646
 21
-704633.4383054251
 31
0.0
1001
SUPPORT_DISTRIBUTION_UV
1000
clean_dxf_export_v1
1000
background
1000
corner_brace
1000
!T1 (站體)_角撐
1000
source_geometry
1000
CD55F
1071
1409
  0
LINE
  5
615
330
17
100
AcDbEntity
  8
!T1 (站體)_角撐
100
AcDbLine
 10
398180.1903401167
 20
-704865.799084385
 30
0.0
 11
399133.37028115615
 21
-703912.6191433455
 31
0.0
1001
SUPPORT_DISTRIBUTION_UV
1000
clean_dxf_export_v1
1000
background
1000
corner_brace
1000
!T1 (站體)_角撐
1000
source_geometry
1000
CD55F
1071
1410
  0
LINE
  5
616
330
17
100
AcDbEntity
  8
!T1 (站體)_角撐
100
AcDbLine
 10
398180.1903401167
 20
-704865.799084385
 30
0.0
 11
397988.2870503646
 21
-704673.895794633
 31
0.0
1001
SUPPORT_DISTRIBUTION_UV
1000
clean_dxf_export_v1
1000
background
1000
corner_brace
1000
!T1 (站體)_角撐
1000
source_geometry
1000
CD55F
1071
1411
  0
LINE
  5
617
330
17
100
AcDbEntity
  8
!T1 (站體)_角撐
100
AcDbLine
 10
402538.1718719719
 20
-703557.5703397811
 30
0.0
 11
402646.8505725548
 21
-703692.0018276153
 31
0.0
1001
SUPPORT_DISTRIBUTION_UV
1000
clean_dxf_export_v1
1000
background
1000
corner_brace
1000
!T1 (站體)_角撐
1000
source_geometry
1000
CD560
1071
1412
  0
LINE
  5
618
330
17
100
AcDbEntity
  8
!T1 (站體)_角撐
100
AcDbLine
 10
402443.20381957304
 20
-703912.6191433455
 30
0.0
 11
402434.7185381988
 21
-703904.1338619713
 31
0.0
1001
SUPPORT_DISTRIBUTION_UV
1000
clean_dxf_export_v1
1000
background
1000
corner_brace
1000
!T1 (站體)_角撐
1000
source_geometry
1000
CD560
1071
1413
  0
LINE
  5
619
330
17
100
AcDbEntity
  8
!T1 (站體)_角撐
100
AcDbLine
 10
402646.8505725548
 20
-703692.0018276153
 30
0.0
 11
402655.335853929
 21
-703700.4871089896
 31
0.0
1001
SUPPORT_DISTRIBUTION_UV
1000
clean_dxf_export_v1
1000
background
1000
corner_brace
1000
!T1 (站體)_角撐
1000
source_geometry
1000
CD560
1071
1414
  0
LINE
  5
61A
330
17
100
AcDbEntity
  8
!T1 (站體)_角撐
100
AcDbLine
 10
402063.1718719719
 20
-703595.5703397811
 30
0.0
 11
402434.7185381988
 21
-703904.1338619713
 31
0.0
1001
SUPPORT_DISTRIBUTION_UV
1000
clean_dxf_export_v1
1000
background
1000
corner_brace
1000
!T1 (站體)_角撐
1000
source_geometry
1000
CD560
1071
1415
  0
LINE
  5
61B
330
17
100
AcDbEntity
  8
!T1 (站體)_角撐
100
AcDbLine
 10
402063.1718719719
 20
-703557.5703397811
 30
0.0
 11
402063.1718719719
 21
-703595.5703397811
 31
0.0
1001
SUPPORT_DISTRIBUTION_UV
1000
clean_dxf_export_v1
1000
background
1000
corner_brace
1000
!T1 (站體)_角撐
1000
source_geometry
1000
CD560
1071
1416
  0
LINE
  5
61C
330
17
100
AcDbEntity
  8
!T1 (站體)_角撐
100
AcDbLine
 10
402063.1718719719
 20
-703557.5703397811
 30
0.0
 11
402063.1718719719
 21
-703545.5703397811
 31
0.0
1001
SUPPORT_DISTRIBUTION_UV
1000
clean_dxf_export_v1
1000
background
1000
corner_brace
1000
!T1 (站體)_角撐
1000
source_geometry
1000
CD560
1071
1417
  0
LINE
  5
61D
330
17
100
AcDbEntity
  8
!T1 (站體)_角撐
100
AcDbLine
 10
402538.1718719719
 20
-703545.5703397811
 30
0.0
 11
402538.1718719719
 21
-703557.5703397811
 31
0.0
1001
SUPPORT_DISTRIBUTION_UV
1000
clean_dxf_export_v1
1000
background
1000
corner_brace
1000
!T1 (站體)_角撐
1000
source_geometry
1000
CD560
1071
1418
  0
LINE
  5
61E
330
17
100
AcDbEntity
  8
!T1 (站體)_角撐
100
AcDbLine
 10
402443.20381957304
 20
-703912.6191433455
 30
0.0
 11
402655.335853929
 21
-703700.4871089896
 31
0.0
1001
SUPPORT_DISTRIBUTION_UV
1000
clean_dxf_export_v1
1000
background
1000
corner_brace
1000
!T1 (站體)_角撐
1000
source_geometry
1000
CD560
1071
1419
  0
LINE
  5
61F
330
17
100
AcDbEntity
  8
!T1 (站體)_角撐
100
AcDbLine
 10
403396.3837606125
 20
-704865.799084385
 30
0.0
 11
403588.2870503646
 21
-704673.895794633
 31
0.0
1001
SUPPORT_DISTRIBUTION_UV
1000
clean_dxf_export_v1
1000
background
1000
corner_brace
1000
!T1 (站體)_角撐
1000
source_geometry
1000
CD560
1071
1420
  0
LINE
  5
620
330
17
100
AcDbEntity
  8
!T1 (站體)_角撐
100
AcDbLine
 10
403396.3837606125
 20
-704865.799084385
 30
0.0
 11
402443.20381957304
 21
-703912.6191433455
 31
0.0
1001
SUPPORT_DISTRIBUTION_UV
1000
clean_dxf_export_v1
1000
background
1000
corner_brace
1000
!T1 (站體)_角撐
1000
source_geometry
1000
CD560
1071
1421
  0
LINE
  5
621
330
17
100
AcDbEntity
  8
!T1 (站體)_角撐
100
AcDbLine
 10
402655.335853929
 20
-703700.4871089896
 30
0.0
 11
403588.2870503646
 21
-704633.4383054251
 31
0.0
1001
SUPPORT_DISTRIBUTION_UV
1000
clean_dxf_export_v1
1000
background
1000
corner_brace
1000
!T1 (站體)_角撐
1000
source_geometry
1000
CD560
1071
1422
  0
LINE
  5
622
330
17
100
AcDbEntity
  8
!T1 (站體)_角撐
100
AcDbLine
 10
403588.2870503646
 20
-705095.1411574339
 30
0.0
 11
403404.86904198676
 21
-704874.2843657592
 31
0.0
1001
SUPPORT_DISTRIBUTION_UV
1000
clean_dxf_export_v1
1000
background
1000
corner_brace
1000
!T1 (站體)_角撐
1000
source_geometry
1000
CD560
1071
1423
  0
LINE
  5
623
330
17
100
AcDbEntity
  8
!T1 (站體)_角撐
100
AcDbLine
 10
403404.86904198676
 20
-704874.2843657592
 30
0.0
 11
403396.3837606125
 21
-704865.799084385
 31
0.0
1001
SUPPORT_DISTRIBUTION_UV
1000
clean_dxf_export_v1
1000
background
1000
corner_brace
1000
!T1 (站體)_角撐
1000
source_geometry
1000
CD560
1071
1424
  0
LINE
  5
624
330
17
100
AcDbEntity
  8
!T1 (站體)_角撐
100
AcDbLine
 10
404921.2382468002
 20
-703700.4871089896
 30
0.0
 11
405133.37028115615
 21
-703912.6191433455
 31
0.0
1001
SUPPORT_DISTRIBUTION_UV
1000
clean_dxf_export_v1
1000
background
1000
corner_brace
1000
!T1 (站體)_角撐
1000
source_geometry
1000
CD560
1071
1425
  0
LINE
  5
625
330
17
100
AcDbEntity
  8
!T1 (站體)_角撐
100
AcDbLine
 10
405038.4022287573
 20
-703545.5703397811
 30
0.0
 11
405038.4022287573
 21
-703557.5703397811
 31
0.0
1001
SUPPORT_DISTRIBUTION_UV
1000
clean_dxf_export_v1
1000
background
1000
corner_brace
1000
!T1 (站體)_角撐
1000
source_geometry
1000
CD560
1071
1426
  0
LINE
  5
626
330
17
100
AcDbEntity
  8
!T1 (站體)_角撐
100
AcDbLine
 10
405513.4022287573
 20
-703557.5703397811
 30
0.0
 11
405513.4022287573
 21
-703545.5703397811
 31
0.0
1001
SUPPORT_DISTRIBUTION_UV
1000
clean_dxf_export_v1
1000
background
1000
corner_brace
1000
!T1 (站體)_角撐
1000
source_geometry
1000
CD560
1071
1427
  0
LINE
  5
627
330
17
100
AcDbEntity
  8
!T1 (站體)_角撐
100
AcDbLine
 10
405513.4022287573
 20
-703557.5703397811
 30
0.0
 11
405513.4022287573
 21
-703595.5703397811
 31
0.0
1001
SUPPORT_DISTRIBUTION_UV
1000
clean_dxf_export_v1
1000
background
1000
corner_brace
1000
!T1 (站體)_角撐
1000
source_geometry
1000
CD560
1071
1428
  0
LINE
  5
628
330
17
100
AcDbEntity
  8
!T1 (站體)_角撐
100
AcDbLine
 10
405513.4022287573
 20
-703595.5703397811
 30
0.0
 11
405141.8555625304
 21
-703904.1338619713
 31
0.0
1001
SUPPORT_DISTRIBUTION_UV
1000
clean_dxf_export_v1
1000
background
1000
corner_brace
1000
!T1 (站體)_角撐
1000
source_geometry
1000
CD560
1071
1429
  0
LINE
  5
629
330
17
100
AcDbEntity
  8
!T1 (站體)_角撐
100
AcDbLine
 10
404929.72352817445
 20
-703692.0018276153
 30
0.0
 11
404921.2382468002
 21
-703700.4871089896
 31
0.0
1001
SUPPORT_DISTRIBUTION_UV
1000
clean_dxf_export_v1
1000
background
1000
corner_brace
1000
!T1 (站體)_角撐
1000
source_geometry
1000
CD560
1071
1430
  0
LINE
  5
62A
330
17
100
AcDbEntity
  8
!T1 (站體)_角撐
100
AcDbLine
 10
405133.37028115615
 20
-703912.6191433455
 30
0.0
 11
405141.8555625304
 21
-703904.1338619713
 31
0.0
1001
SUPPORT_DISTRIBUTION_UV
1000
clean_dxf_export_v1
1000
background
1000
corner_brace
1000
!T1 (站體)_角撐
1000
source_geometry
1000
CD560
1071
1431
  0
LINE
  5
62B
330
17
100
AcDbEntity
  8
!T1 (站體)_角撐
100
AcDbLine
 10
405038.4022287573
 20
-703557.5703397811
 30
0.0
 11
404929.72352817445
 21
-703692.0018276153
 31
0.0
1001
SUPPORT_DISTRIBUTION_UV
1000
clean_dxf_export_v1
1000
background
1000
corner_brace
1000
!T1 (站體)_角撐
1000
source_geometry
1000
CD560
1071
1432
  0
LINE
  5
62C
330
17
100
AcDbEntity
  8
!T1 (站體)_角撐
100
AcDbLine
 10
404171.70505874243
 20
-704874.2843657592
 30
0.0
 11
404180.1903401167
 21
-704865.799084385
 31
0.0
1001
SUPPORT_DISTRIBUTION_UV
1000
clean_dxf_export_v1
1000
background
1000
corner_brace
1000
!T1 (站體)_角撐
1000
source_geometry
1000
CD560
1071
1433
  0
LINE
  5
62D
330
17
100
AcDbEntity
  8
!T1 (站體)_角撐
100
AcDbLine
 10
403988.2870503646
 20
-705095.1411574339
 30
0.0
 11
404171.70505874243
 21
-704874.2843657592
 31
0.0
1001
SUPPORT_DISTRIBUTION_UV
1000
clean_dxf_export_v1
1000
background
1000
corner_brace
1000
!T1 (站體)_角撐
1000
source_geometry
1000
CD560
1071
1434
  0
LINE
  5
62E
330
17
100
AcDbEntity
  8
!T1 (站體)_角撐
100
AcDbLine
 10
404921.2382468002
 20
-703700.4871089896
 30
0.0
 11
403988.2870503646
 21
-704633.4383054251
 31
0.0
1001
SUPPORT_DISTRIBUTION_UV
1000
clean_dxf_export_v1
1000
background
1000
corner_brace
1000
!T1 (站體)_角撐
1000
source_geometry
1000
CD560
1071
1435
  0
LINE
  5
62F
330
17
100
AcDbEntity
  8
!T1 (站體)_角撐
100
AcDbLine
 10
404180.1903401167
 20
-704865.799084385
 30
0.0
 11
405133.37028115615
 21
-703912.6191433455
 31
0.0
1001
SUPPORT_DISTRIBUTION_UV
1000
clean_dxf_export_v1
1000
background
1000
corner_brace
1000
!T1 (站體)_角撐
1000
source_geometry
1000
CD560
1071
1436
  0
LINE
  5
630
330
17
100
AcDbEntity
  8
!T1 (站體)_角撐
100
AcDbLine
 10
404180.1903401167
 20
-704865.799084385
 30
0.0
 11
403988.2870503646
 21
-704673.895794633
 31
0.0
1001
SUPPORT_DISTRIBUTION_UV
1000
clean_dxf_export_v1
1000
background
1000
corner_brace
1000
!T1 (站體)_角撐
1000
source_geometry
1000
CD560
1071
1437
  0
LINE
  5
631
330
17
100
AcDbEntity
  8
!T1 (站體)_角撐
100
AcDbLine
 10
408538.1718719719
 20
-703557.5703397811
 30
0.0
 11
408646.8505725548
 21
-703692.0018276153
 31
0.0
1001
SUPPORT_DISTRIBUTION_UV
1000
clean_dxf_export_v1
1000
background
1000
corner_brace
1000
!T1 (站體)_角撐
1000
source_geometry
1000
CD561
1071
1438
  0
LINE
  5
632
330
17
100
AcDbEntity
  8
!T1 (站體)_角撐
100
AcDbLine
 10
408443.20381957304
 20
-703912.6191433455
 30
0.0
 11
408434.7185381988
 21
-703904.1338619713
 31
0.0
1001
SUPPORT_DISTRIBUTION_UV
1000
clean_dxf_export_v1
1000
background
1000
corner_brace
1000
!T1 (站體)_角撐
1000
source_geometry
1000
CD561
1071
1439
  0
LINE
  5
633
330
17
100
AcDbEntity
  8
!T1 (站體)_角撐
100
AcDbLine
 10
408646.8505725548
 20
-703692.0018276153
 30
0.0
 11
408655.335853929
 21
-703700.4871089896
 31
0.0
1001
SUPPORT_DISTRIBUTION_UV
1000
clean_dxf_export_v1
1000
background
1000
corner_brace
1000
!T1 (站體)_角撐
1000
source_geometry
1000
CD561
1071
1440
  0
LINE
  5
634
330
17
100
AcDbEntity
  8
!T1 (站體)_角撐
100
AcDbLine
 10
408063.1718719719
 20
-703595.5703397811
 30
0.0
 11
408434.7185381988
 21
-703904.1338619713
 31
0.0
1001
SUPPORT_DISTRIBUTION_UV
1000
clean_dxf_export_v1
1000
background
1000
corner_brace
1000
!T1 (站體)_角撐
1000
source_geometry
1000
CD561
1071
1441
  0
LINE
  5
635
330
17
100
AcDbEntity
  8
!T1 (站體)_角撐
100
AcDbLine
 10
408063.1718719719
 20
-703557.5703397811
 30
0.0
 11
408063.1718719719
 21
-703595.5703397811
 31
0.0
1001
SUPPORT_DISTRIBUTION_UV
1000
clean_dxf_export_v1
1000
background
1000
corner_brace
1000
!T1 (站體)_角撐
1000
source_geometry
1000
CD561
1071
1442
  0
LINE
  5
636
330
17
100
AcDbEntity
  8
!T1 (站體)_角撐
100
AcDbLine
 10
408063.1718719719
 20
-703557.5703397811
 30
0.0
 11
408063.1718719719
 21
-703545.5703397811
 31
0.0
1001
SUPPORT_DISTRIBUTION_UV
1000
clean_dxf_export_v1
1000
background
1000
corner_brace
1000
!T1 (站體)_角撐
1000
source_geometry
1000
CD561
1071
1443
  0
LINE
  5
637
330
17
100
AcDbEntity
  8
!T1 (站體)_角撐
100
AcDbLine
 10
408538.1718719719
 20
-703545.5703397811
 30
0.0
 11
408538.1718719719
 21
-703557.5703397811
 31
0.0
1001
SUPPORT_DISTRIBUTION_UV
1000
clean_dxf_export_v1
1000
background
1000
corner_brace
1000
!T1 (站體)_角撐
1000
source_geometry
1000
CD561
1071
1444
  0
LINE
  5
638
330
17
100
AcDbEntity
  8
!T1 (站體)_角撐
100
AcDbLine
 10
408443.20381957304
 20
-703912.6191433455
 30
0.0
 11
408655.335853929
 21
-703700.4871089896
 31
0.0
1001
SUPPORT_DISTRIBUTION_UV
1000
clean_dxf_export_v1
1000
background
1000
corner_brace
1000
!T1 (站體)_角撐
1000
source_geometry
1000
CD561
1071
1445
  0
LINE
  5
639
330
17
100
AcDbEntity
  8
!T1 (站體)_角撐
100
AcDbLine
 10
409396.3837606125
 20
-704865.799084385
 30
0.0
 11
409588.2870503646
 21
-704673.895794633
 31
0.0
1001
SUPPORT_DISTRIBUTION_UV
1000
clean_dxf_export_v1
1000
background
1000
corner_brace
1000
!T1 (站體)_角撐
1000
source_geometry
1000
CD561
1071
1446
  0
LINE
  5
63A
330
17
100
AcDbEntity
  8
!T1 (站體)_角撐
100
AcDbLine
 10
409396.3837606125
 20
-704865.799084385
 30
0.0
 11
408443.20381957304
 21
-703912.6191433455
 31
0.0
1001
SUPPORT_DISTRIBUTION_UV
1000
clean_dxf_export_v1
1000
background
1000
corner_brace
1000
!T1 (站體)_角撐
1000
source_geometry
1000
CD561
1071
1447
  0
LINE
  5
63B
330
17
100
AcDbEntity
  8
!T1 (站體)_角撐
100
AcDbLine
 10
408655.335853929
 20
-703700.4871089896
 30
0.0
 11
409588.2870503646
 21
-704633.4383054251
 31
0.0
1001
SUPPORT_DISTRIBUTION_UV
1000
clean_dxf_export_v1
1000
background
1000
corner_brace
1000
!T1 (站體)_角撐
1000
source_geometry
1000
CD561
1071
1448
  0
LINE
  5
63C
330
17
100
AcDbEntity
  8
!T1 (站體)_角撐
100
AcDbLine
 10
409588.2870503646
 20
-705095.1411574339
 30
0.0
 11
409404.86904198676
 21
-704874.2843657592
 31
0.0
1001
SUPPORT_DISTRIBUTION_UV
1000
clean_dxf_export_v1
1000
background
1000
corner_brace
1000
!T1 (站體)_角撐
1000
source_geometry
1000
CD561
1071
1449
  0
LINE
  5
63D
330
17
100
AcDbEntity
  8
!T1 (站體)_角撐
100
AcDbLine
 10
409404.86904198676
 20
-704874.2843657592
 30
0.0
 11
409396.3837606125
 21
-704865.799084385
 31
0.0
1001
SUPPORT_DISTRIBUTION_UV
1000
clean_dxf_export_v1
1000
background
1000
corner_brace
1000
!T1 (站體)_角撐
1000
source_geometry
1000
CD561
1071
1450
  0
LINE
  5
63E
330
17
100
AcDbEntity
  8
!T1 (站體)_角撐
100
AcDbLine
 10
410921.2382468002
 20
-703700.4871089896
 30
0.0
 11
411133.37028115615
 21
-703912.6191433455
 31
0.0
1001
SUPPORT_DISTRIBUTION_UV
1000
clean_dxf_export_v1
1000
background
1000
corner_brace
1000
!T1 (站體)_角撐
1000
source_geometry
1000
CD561
1071
1451
  0
LINE
  5
63F
330
17
100
AcDbEntity
  8
!T1 (站體)_角撐
100
AcDbLine
 10
411038.4022287573
 20
-703545.5703397811
 30
0.0
 11
411038.4022287573
 21
-703557.5703397811
 31
0.0
1001
SUPPORT_DISTRIBUTION_UV
1000
clean_dxf_export_v1
1000
background
1000
corner_brace
1000
!T1 (站體)_角撐
1000
source_geometry
1000
CD561
1071
1452
  0
LINE
  5
640
330
17
100
AcDbEntity
  8
!T1 (站體)_角撐
100
AcDbLine
 10
411513.4022287573
 20
-703557.5703397811
 30
0.0
 11
411513.4022287573
 21
-703545.5703397811
 31
0.0
1001
SUPPORT_DISTRIBUTION_UV
1000
clean_dxf_export_v1
1000
background
1000
corner_brace
1000
!T1 (站體)_角撐
1000
source_geometry
1000
CD561
1071
1453
  0
LINE
  5
641
330
17
100
AcDbEntity
  8
!T1 (站體)_角撐
100
AcDbLine
 10
411513.4022287573
 20
-703557.5703397811
 30
0.0
 11
411513.4022287573
 21
-703595.5703397811
 31
0.0
1001
SUPPORT_DISTRIBUTION_UV
1000
clean_dxf_export_v1
1000
background
1000
corner_brace
1000
!T1 (站體)_角撐
1000
source_geometry
1000
CD561
1071
1454
  0
LINE
  5
642
330
17
100
AcDbEntity
  8
!T1 (站體)_角撐
100
AcDbLine
 10
411513.4022287573
 20
-703595.5703397811
 30
0.0
 11
411141.8555625304
 21
-703904.1338619713
 31
0.0
1001
SUPPORT_DISTRIBUTION_UV
1000
clean_dxf_export_v1
1000
background
1000
corner_brace
1000
!T1 (站體)_角撐
1000
source_geometry
1000
CD561
1071
1455
  0
LINE
  5
643
330
17
100
AcDbEntity
  8
!T1 (站體)_角撐
100
AcDbLine
 10
410929.72352817445
 20
-703692.0018276153
 30
0.0
 11
410921.2382468002
 21
-703700.4871089896
 31
0.0
1001
SUPPORT_DISTRIBUTION_UV
1000
clean_dxf_export_v1
1000
background
1000
corner_brace
1000
!T1 (站體)_角撐
1000
source_geometry
1000
CD561
1071
1456
  0
LINE
  5
644
330
17
100
AcDbEntity
  8
!T1 (站體)_角撐
100
AcDbLine
 10
411133.37028115615
 20
-703912.6191433455
 30
0.0
 11
411141.8555625304
 21
-703904.1338619713
 31
0.0
1001
SUPPORT_DISTRIBUTION_UV
1000
clean_dxf_export_v1
1000
background
1000
corner_brace
1000
!T1 (站體)_角撐
1000
source_geometry
1000
CD561
1071
1457
  0
LINE
  5
645
330
17
100
AcDbEntity
  8
!T1 (站體)_角撐
100
AcDbLine
 10
411038.4022287573
 20
-703557.5703397811
 30
0.0
 11
410929.72352817445
 21
-703692.0018276153
 31
0.0
1001
SUPPORT_DISTRIBUTION_UV
1000
clean_dxf_export_v1
1000
background
1000
corner_brace
1000
!T1 (站體)_角撐
1000
source_geometry
1000
CD561
1071
1458
  0
LINE
  5
646
330
17
100
AcDbEntity
  8
!T1 (站體)_角撐
100
AcDbLine
 10
410171.70505874243
 20
-704874.2843657592
 30
0.0
 11
410180.1903401167
 21
-704865.799084385
 31
0.0
1001
SUPPORT_DISTRIBUTION_UV
1000
clean_dxf_export_v1
1000
background
1000
corner_brace
1000
!T1 (站體)_角撐
1000
source_geometry
1000
CD561
1071
1459
  0
LINE
  5
647
330
17
100
AcDbEntity
  8
!T1 (站體)_角撐
100
AcDbLine
 10
409988.2870503646
 20
-705095.1411574339
 30
0.0
 11
410171.70505874243
 21
-704874.2843657592
 31
0.0
1001
SUPPORT_DISTRIBUTION_UV
1000
clean_dxf_export_v1
1000
background
1000
corner_brace
1000
!T1 (站體)_角撐
1000
source_geometry
1000
CD561
1071
1460
  0
LINE
  5
648
330
17
100
AcDbEntity
  8
!T1 (站體)_角撐
100
AcDbLine
 10
410921.2382468002
 20
-703700.4871089896
 30
0.0
 11
409988.2870503646
 21
-704633.4383054251
 31
0.0
1001
SUPPORT_DISTRIBUTION_UV
1000
clean_dxf_export_v1
1000
background
1000
corner_brace
1000
!T1 (站體)_角撐
1000
source_geometry
1000
CD561
1071
1461
  0
LINE
  5
649
330
17
100
AcDbEntity
  8
!T1 (站體)_角撐
100
AcDbLine
 10
410180.1903401167
 20
-704865.799084385
 30
0.0
 11
411133.37028115615
 21
-703912.6191433455
 31
0.0
1001
SUPPORT_DISTRIBUTION_UV
1000
clean_dxf_export_v1
1000
background
1000
corner_brace
1000
!T1 (站體)_角撐
1000
source_geometry
1000
CD561
1071
1462
  0
LINE
  5
64A
330
17
100
AcDbEntity
  8
!T1 (站體)_角撐
100
AcDbLine
 10
410180.1903401167
 20
-704865.799084385
 30
0.0
 11
409988.2870503646
 21
-704673.895794633
 31
0.0
1001
SUPPORT_DISTRIBUTION_UV
1000
clean_dxf_export_v1
1000
background
1000
corner_brace
1000
!T1 (站體)_角撐
1000
source_geometry
1000
CD561
1071
1463
  0
LINE
  5
64B
330
17
100
AcDbEntity
  8
!T1 (站體)_角撐
100
AcDbLine
 10
414538.1718719719
 20
-703557.5703397811
 30
0.0
 11
414646.8505725548
 21
-703692.0018276153
 31
0.0
1001
SUPPORT_DISTRIBUTION_UV
1000
clean_dxf_export_v1
1000
background
1000
corner_brace
1000
!T1 (站體)_角撐
1000
source_geometry
1000
CD562
1071
1464
  0
LINE
  5
64C
330
17
100
AcDbEntity
  8
!T1 (站體)_角撐
100
AcDbLine
 10
414443.20381957304
 20
-703912.6191433455
 30
0.0
 11
414434.7185381988
 21
-703904.1338619713
 31
0.0
1001
SUPPORT_DISTRIBUTION_UV
1000
clean_dxf_export_v1
1000
background
1000
corner_brace
1000
!T1 (站體)_角撐
1000
source_geometry
1000
CD562
1071
1465
  0
LINE
  5
64D
330
17
100
AcDbEntity
  8
!T1 (站體)_角撐
100
AcDbLine
 10
414646.8505725548
 20
-703692.0018276153
 30
0.0
 11
414655.335853929
 21
-703700.4871089896
 31
0.0
1001
SUPPORT_DISTRIBUTION_UV
1000
clean_dxf_export_v1
1000
background
1000
corner_brace
1000
!T1 (站體)_角撐
1000
source_geometry
1000
CD562
1071
1466
  0
LINE
  5
64E
330
17
100
AcDbEntity
  8
!T1 (站體)_角撐
100
AcDbLine
 10
414063.1718719719
 20
-703595.5703397811
 30
0.0
 11
414434.7185381988
 21
-703904.1338619713
 31
0.0
1001
SUPPORT_DISTRIBUTION_UV
1000
clean_dxf_export_v1
1000
background
1000
corner_brace
1000
!T1 (站體)_角撐
1000
source_geometry
1000
CD562
1071
1467
  0
LINE
  5
64F
330
17
100
AcDbEntity
  8
!T1 (站體)_角撐
100
AcDbLine
 10
414063.1718719719
 20
-703557.5703397811
 30
0.0
 11
414063.1718719719
 21
-703595.5703397811
 31
0.0
1001
SUPPORT_DISTRIBUTION_UV
1000
clean_dxf_export_v1
1000
background
1000
corner_brace
1000
!T1 (站體)_角撐
1000
source_geometry
1000
CD562
1071
1468
  0
LINE
  5
650
330
17
100
AcDbEntity
  8
!T1 (站體)_角撐
100
AcDbLine
 10
414063.1718719719
 20
-703557.5703397811
 30
0.0
 11
414063.1718719719
 21
-703545.5703397811
 31
0.0
1001
SUPPORT_DISTRIBUTION_UV
1000
clean_dxf_export_v1
1000
background
1000
corner_brace
1000
!T1 (站體)_角撐
1000
source_geometry
1000
CD562
1071
1469
  0
LINE
  5
651
330
17
100
AcDbEntity
  8
!T1 (站體)_角撐
100
AcDbLine
 10
414538.1718719719
 20
-703545.5703397811
 30
0.0
 11
414538.1718719719
 21
-703557.5703397811
 31
0.0
1001
SUPPORT_DISTRIBUTION_UV
1000
clean_dxf_export_v1
1000
background
1000
corner_brace
1000
!T1 (站體)_角撐
1000
source_geometry
1000
CD562
1071
1470
  0
LINE
  5
652
330
17
100
AcDbEntity
  8
!T1 (站體)_角撐
100
AcDbLine
 10
414443.20381957304
 20
-703912.6191433455
 30
0.0
 11
414655.335853929
 21
-703700.4871089896
 31
0.0
1001
SUPPORT_DISTRIBUTION_UV
1000
clean_dxf_export_v1
1000
background
1000
corner_brace
1000
!T1 (站體)_角撐
1000
source_geometry
1000
CD562
1071
1471
  0
LINE
  5
653
330
17
100
AcDbEntity
  8
!T1 (站體)_角撐
100
AcDbLine
 10
415396.3837606125
 20
-704865.799084385
 30
0.0
 11
415588.2870503646
 21
-704673.895794633
 31
0.0
1001
SUPPORT_DISTRIBUTION_UV
1000
clean_dxf_export_v1
1000
background
1000
corner_brace
1000
!T1 (站體)_角撐
1000
source_geometry
1000
CD562
1071
1472
  0
LINE
  5
654
330
17
100
AcDbEntity
  8
!T1 (站體)_角撐
100
AcDbLine
 10
415396.3837606125
 20
-704865.799084385
 30
0.0
 11
414443.20381957304
 21
-703912.6191433455
 31
0.0
1001
SUPPORT_DISTRIBUTION_UV
1000
clean_dxf_export_v1
1000
background
1000
corner_brace
1000
!T1 (站體)_角撐
1000
source_geometry
1000
CD562
1071
1473
  0
LINE
  5
655
330
17
100
AcDbEntity
  8
!T1 (站體)_角撐
100
AcDbLine
 10
414655.335853929
 20
-703700.4871089896
 30
0.0
 11
415588.2870503646
 21
-704633.4383054251
 31
0.0
1001
SUPPORT_DISTRIBUTION_UV
1000
clean_dxf_export_v1
1000
background
1000
corner_brace
1000
!T1 (站體)_角撐
1000
source_geometry
1000
CD562
1071
1474
  0
LINE
  5
656
330
17
100
AcDbEntity
  8
!T1 (站體)_角撐
100
AcDbLine
 10
415588.2870503646
 20
-705095.1411574339
 30
0.0
 11
415404.86904198676
 21
-704874.2843657592
 31
0.0
1001
SUPPORT_DISTRIBUTION_UV
1000
clean_dxf_export_v1
1000
background
1000
corner_brace
1000
!T1 (站體)_角撐
1000
source_geometry
1000
CD562
1071
1475
  0
LINE
  5
657
330
17
100
AcDbEntity
  8
!T1 (站體)_角撐
100
AcDbLine
 10
415404.86904198676
 20
-704874.2843657592
 30
0.0
 11
415396.3837606125
 21
-704865.799084385
 31
0.0
1001
SUPPORT_DISTRIBUTION_UV
1000
clean_dxf_export_v1
1000
background
1000
corner_brace
1000
!T1 (站體)_角撐
1000
source_geometry
1000
CD562
1071
1476
  0
LINE
  5
658
330
17
100
AcDbEntity
  8
!T1 (站體)_角撐
100
AcDbLine
 10
416921.2382468002
 20
-703700.4871089896
 30
0.0
 11
417133.37028115615
 21
-703912.6191433455
 31
0.0
1001
SUPPORT_DISTRIBUTION_UV
1000
clean_dxf_export_v1
1000
background
1000
corner_brace
1000
!T1 (站體)_角撐
1000
source_geometry
1000
CD562
1071
1477
  0
LINE
  5
659
330
17
100
AcDbEntity
  8
!T1 (站體)_角撐
100
AcDbLine
 10
417038.4022287573
 20
-703545.5703397811
 30
0.0
 11
417038.4022287573
 21
-703557.5703397811
 31
0.0
1001
SUPPORT_DISTRIBUTION_UV
1000
clean_dxf_export_v1
1000
background
1000
corner_brace
1000
!T1 (站體)_角撐
1000
source_geometry
1000
CD562
1071
1478
  0
LINE
  5
65A
330
17
100
AcDbEntity
  8
!T1 (站體)_角撐
100
AcDbLine
 10
417513.4022287573
 20
-703557.5703397811
 30
0.0
 11
417513.4022287573
 21
-703545.5703397811
 31
0.0
1001
SUPPORT_DISTRIBUTION_UV
1000
clean_dxf_export_v1
1000
background
1000
corner_brace
1000
!T1 (站體)_角撐
1000
source_geometry
1000
CD562
1071
1479
  0
LINE
  5
65B
330
17
100
AcDbEntity
  8
!T1 (站體)_角撐
100
AcDbLine
 10
417513.4022287573
 20
-703557.5703397811
 30
0.0
 11
417513.4022287573
 21
-703595.5703397811
 31
0.0
1001
SUPPORT_DISTRIBUTION_UV
1000
clean_dxf_export_v1
1000
background
1000
corner_brace
1000
!T1 (站體)_角撐
1000
source_geometry
1000
CD562
1071
1480
  0
LINE
  5
65C
330
17
100
AcDbEntity
  8
!T1 (站體)_角撐
100
AcDbLine
 10
417513.4022287573
 20
-703595.5703397811
 30
0.0
 11
417141.8555625304
 21
-703904.1338619713
 31
0.0
1001
SUPPORT_DISTRIBUTION_UV
1000
clean_dxf_export_v1
1000
background
1000
corner_brace
1000
!T1 (站體)_角撐
1000
source_geometry
1000
CD562
1071
1481
  0
LINE
  5
65D
330
17
100
AcDbEntity
  8
!T1 (站體)_角撐
100
AcDbLine
 10
416929.72352817445
 20
-703692.0018276153
 30
0.0
 11
416921.2382468002
 21
-703700.4871089896
 31
0.0
1001
SUPPORT_DISTRIBUTION_UV
1000
clean_dxf_export_v1
1000
background
1000
corner_brace
1000
!T1 (站體)_角撐
1000
source_geometry
1000
CD562
1071
1482
  0
LINE
  5
65E
330
17
100
AcDbEntity
  8
!T1 (站體)_角撐
100
AcDbLine
 10
417133.37028115615
 20
-703912.6191433455
 30
0.0
 11
417141.8555625304
 21
-703904.1338619713
 31
0.0
1001
SUPPORT_DISTRIBUTION_UV
1000
clean_dxf_export_v1
1000
background
1000
corner_brace
1000
!T1 (站體)_角撐
1000
source_geometry
1000
CD562
1071
1483
  0
LINE
  5
65F
330
17
100
AcDbEntity
  8
!T1 (站體)_角撐
100
AcDbLine
 10
417038.4022287573
 20
-703557.5703397811
 30
0.0
 11
416929.72352817445
 21
-703692.0018276153
 31
0.0
1001
SUPPORT_DISTRIBUTION_UV
1000
clean_dxf_export_v1
1000
background
1000
corner_brace
1000
!T1 (站體)_角撐
1000
source_geometry
1000
CD562
1071
1484
  0
LINE
  5
660
330
17
100
AcDbEntity
  8
!T1 (站體)_角撐
100
AcDbLine
 10
416171.70505874243
 20
-704874.2843657592
 30
0.0
 11
416180.1903401167
 21
-704865.799084385
 31
0.0
1001
SUPPORT_DISTRIBUTION_UV
1000
clean_dxf_export_v1
1000
background
1000
corner_brace
1000
!T1 (站體)_角撐
1000
source_geometry
1000
CD562
1071
1485
  0
LINE
  5
661
330
17
100
AcDbEntity
  8
!T1 (站體)_角撐
100
AcDbLine
 10
415988.2870503646
 20
-705095.1411574339
 30
0.0
 11
416171.70505874243
 21
-704874.2843657592
 31
0.0
1001
SUPPORT_DISTRIBUTION_UV
1000
clean_dxf_export_v1
1000
background
1000
corner_brace
1000
!T1 (站體)_角撐
1000
source_geometry
1000
CD562
1071
1486
  0
LINE
  5
662
330
17
100
AcDbEntity
  8
!T1 (站體)_角撐
100
AcDbLine
 10
416921.2382468002
 20
-703700.4871089896
 30
0.0
 11
415988.2870503646
 21
-704633.4383054251
 31
0.0
1001
SUPPORT_DISTRIBUTION_UV
1000
clean_dxf_export_v1
1000
background
1000
corner_brace
1000
!T1 (站體)_角撐
1000
source_geometry
1000
CD562
1071
1487
  0
LINE
  5
663
330
17
100
AcDbEntity
  8
!T1 (站體)_角撐
100
AcDbLine
 10
416180.1903401167
 20
-704865.799084385
 30
0.0
 11
417133.37028115615
 21
-703912.6191433455
 31
0.0
1001
SUPPORT_DISTRIBUTION_UV
1000
clean_dxf_export_v1
1000
background
1000
corner_brace
1000
!T1 (站體)_角撐
1000
source_geometry
1000
CD562
1071
1488
  0
LINE
  5
664
330
17
100
AcDbEntity
  8
!T1 (站體)_角撐
100
AcDbLine
 10
416180.1903401167
 20
-704865.799084385
 30
0.0
 11
415988.2870503646
 21
-704673.895794633
 31
0.0
1001
SUPPORT_DISTRIBUTION_UV
1000
clean_dxf_export_v1
1000
background
1000
corner_brace
1000
!T1 (站體)_角撐
1000
source_geometry
1000
CD562
1071
1489
  0
LINE
  5
665
330
17
100
AcDbEntity
  8
!T1 (站體)_角撐
100
AcDbLine
 10
420538.1718719719
 20
-703557.5703397811
 30
0.0
 11
420646.8505725548
 21
-703692.0018276153
 31
0.0
1001
SUPPORT_DISTRIBUTION_UV
1000
clean_dxf_export_v1
1000
background
1000
corner_brace
1000
!T1 (站體)_角撐
1000
source_geometry
1000
CD563
1071
1490
  0
LINE
  5
666
330
17
100
AcDbEntity
  8
!T1 (站體)_角撐
100
AcDbLine
 10
420443.20381957304
 20
-703912.6191433455
 30
0.0
 11
420434.7185381988
 21
-703904.1338619713
 31
0.0
1001
SUPPORT_DISTRIBUTION_UV
1000
clean_dxf_export_v1
1000
background
1000
corner_brace
1000
!T1 (站體)_角撐
1000
source_geometry
1000
CD563
1071
1491
  0
LINE
  5
667
330
17
100
AcDbEntity
  8
!T1 (站體)_角撐
100
AcDbLine
 10
420646.8505725548
 20
-703692.0018276153
 30
0.0
 11
420655.335853929
 21
-703700.4871089896
 31
0.0
1001
SUPPORT_DISTRIBUTION_UV
1000
clean_dxf_export_v1
1000
background
1000
corner_brace
1000
!T1 (站體)_角撐
1000
source_geometry
1000
CD563
1071
1492
  0
LINE
  5
668
330
17
100
AcDbEntity
  8
!T1 (站體)_角撐
100
AcDbLine
 10
420063.1718719719
 20
-703595.5703397811
 30
0.0
 11
420434.7185381988
 21
-703904.1338619713
 31
0.0
1001
SUPPORT_DISTRIBUTION_UV
1000
clean_dxf_export_v1
1000
background
1000
corner_brace
1000
!T1 (站體)_角撐
1000
source_geometry
1000
CD563
1071
1493
  0
LINE
  5
669
330
17
100
AcDbEntity
  8
!T1 (站體)_角撐
100
AcDbLine
 10
420063.1718719719
 20
-703557.5703397811
 30
0.0
 11
420063.1718719719
 21
-703595.5703397811
 31
0.0
1001
SUPPORT_DISTRIBUTION_UV
1000
clean_dxf_export_v1
1000
background
1000
corner_brace
1000
!T1 (站體)_角撐
1000
source_geometry
1000
CD563
1071
1494
  0
LINE
  5
66A
330
17
100
AcDbEntity
  8
!T1 (站體)_角撐
100
AcDbLine
 10
420063.1718719719
 20
-703557.5703397811
 30
0.0
 11
420063.1718719719
 21
-703545.5703397811
 31
0.0
1001
SUPPORT_DISTRIBUTION_UV
1000
clean_dxf_export_v1
1000
background
1000
corner_brace
1000
!T1 (站體)_角撐
1000
source_geometry
1000
CD563
1071
1495
  0
LINE
  5
66B
330
17
100
AcDbEntity
  8
!T1 (站體)_角撐
100
AcDbLine
 10
420538.1718719719
 20
-703545.5703397811
 30
0.0
 11
420538.1718719719
 21
-703557.5703397811
 31
0.0
1001
SUPPORT_DISTRIBUTION_UV
1000
clean_dxf_export_v1
1000
background
1000
corner_brace
1000
!T1 (站體)_角撐
1000
source_geometry
1000
CD563
1071
1496
  0
LINE
  5
66C
330
17
100
AcDbEntity
  8
!T1 (站體)_角撐
100
AcDbLine
 10
420443.20381957304
 20
-703912.6191433455
 30
0.0
 11
420655.335853929
 21
-703700.4871089896
 31
0.0
1001
SUPPORT_DISTRIBUTION_UV
1000
clean_dxf_export_v1
1000
background
1000
corner_brace
1000
!T1 (站體)_角撐
1000
source_geometry
1000
CD563
1071
1497
  0
LINE
  5
66D
330
17
100
AcDbEntity
  8
!T1 (站體)_角撐
100
AcDbLine
 10
421396.3837606125
 20
-704865.799084385
 30
0.0
 11
421588.2870503646
 21
-704673.895794633
 31
0.0
1001
SUPPORT_DISTRIBUTION_UV
1000
clean_dxf_export_v1
1000
background
1000
corner_brace
1000
!T1 (站體)_角撐
1000
source_geometry
1000
CD563
1071
1498
  0
LINE
  5
66E
330
17
100
AcDbEntity
  8
!T1 (站體)_角撐
100
AcDbLine
 10
421396.3837606125
 20
-704865.799084385
 30
0.0
 11
420443.20381957304
 21
-703912.6191433455
 31
0.0
1001
SUPPORT_DISTRIBUTION_UV
1000
clean_dxf_export_v1
1000
background
1000
corner_brace
1000
!T1 (站體)_角撐
1000
source_geometry
1000
CD563
1071
1499
  0
LINE
  5
66F
330
17
100
AcDbEntity
  8
!T1 (站體)_角撐
100
AcDbLine
 10
420655.335853929
 20
-703700.4871089896
 30
0.0
 11
421588.2870503646
 21
-704633.4383054251
 31
0.0
1001
SUPPORT_DISTRIBUTION_UV
1000
clean_dxf_export_v1
1000
background
1000
corner_brace
1000
!T1 (站體)_角撐
1000
source_geometry
1000
CD563
1071
1500
  0
LINE
  5
670
330
17
100
AcDbEntity
  8
!T1 (站體)_角撐
100
AcDbLine
 10
421588.2870503646
 20
-705095.1411574339
 30
0.0
 11
421404.86904198676
 21
-704874.2843657592
 31
0.0
1001
SUPPORT_DISTRIBUTION_UV
1000
clean_dxf_export_v1
1000
background
1000
corner_brace
1000
!T1 (站體)_角撐
1000
source_geometry
1000
CD563
1071
1501
  0
LINE
  5
671
330
17
100
AcDbEntity
  8
!T1 (站體)_角撐
100
AcDbLine
 10
421404.86904198676
 20
-704874.2843657592
 30
0.0
 11
421396.3837606125
 21
-704865.799084385
 31
0.0
1001
SUPPORT_DISTRIBUTION_UV
1000
clean_dxf_export_v1
1000
background
1000
corner_brace
1000
!T1 (站體)_角撐
1000
source_geometry
1000
CD563
1071
1502
  0
LINE
  5
672
330
17
100
AcDbEntity
  8
!T1 (站體)_角撐
100
AcDbLine
 10
422921.2382468002
 20
-703700.4871089896
 30
0.0
 11
423133.37028115615
 21
-703912.6191433455
 31
0.0
1001
SUPPORT_DISTRIBUTION_UV
1000
clean_dxf_export_v1
1000
background
1000
corner_brace
1000
!T1 (站體)_角撐
1000
source_geometry
1000
CD563
1071
1503
  0
LINE
  5
673
330
17
100
AcDbEntity
  8
!T1 (站體)_角撐
100
AcDbLine
 10
423038.4022287573
 20
-703545.5703397811
 30
0.0
 11
423038.4022287573
 21
-703557.5703397811
 31
0.0
1001
SUPPORT_DISTRIBUTION_UV
1000
clean_dxf_export_v1
1000
background
1000
corner_brace
1000
!T1 (站體)_角撐
1000
source_geometry
1000
CD563
1071
1504
  0
LINE
  5
674
330
17
100
AcDbEntity
  8
!T1 (站體)_角撐
100
AcDbLine
 10
423513.4022287573
 20
-703557.5703397811
 30
0.0
 11
423513.4022287573
 21
-703545.5703397811
 31
0.0
1001
SUPPORT_DISTRIBUTION_UV
1000
clean_dxf_export_v1
1000
background
1000
corner_brace
1000
!T1 (站體)_角撐
1000
source_geometry
1000
CD563
1071
1505
  0
LINE
  5
675
330
17
100
AcDbEntity
  8
!T1 (站體)_角撐
100
AcDbLine
 10
423513.4022287573
 20
-703557.5703397811
 30
0.0
 11
423513.4022287573
 21
-703595.5703397811
 31
0.0
1001
SUPPORT_DISTRIBUTION_UV
1000
clean_dxf_export_v1
1000
background
1000
corner_brace
1000
!T1 (站體)_角撐
1000
source_geometry
1000
CD563
1071
1506
  0
LINE
  5
676
330
17
100
AcDbEntity
  8
!T1 (站體)_角撐
100
AcDbLine
 10
423513.4022287573
 20
-703595.5703397811
 30
0.0
 11
423141.8555625304
 21
-703904.1338619713
 31
0.0
1001
SUPPORT_DISTRIBUTION_UV
1000
clean_dxf_export_v1
1000
background
1000
corner_brace
1000
!T1 (站體)_角撐
1000
source_geometry
1000
CD563
1071
1507
  0
LINE
  5
677
330
17
100
AcDbEntity
  8
!T1 (站體)_角撐
100
AcDbLine
 10
422929.72352817445
 20
-703692.0018276153
 30
0.0
 11
422921.2382468002
 21
-703700.4871089896
 31
0.0
1001
SUPPORT_DISTRIBUTION_UV
1000
clean_dxf_export_v1
1000
background
1000
corner_brace
1000
!T1 (站體)_角撐
1000
source_geometry
1000
CD563
1071
1508
  0
LINE
  5
678
330
17
100
AcDbEntity
  8
!T1 (站體)_角撐
100
AcDbLine
 10
423133.37028115615
 20
-703912.6191433455
 30
0.0
 11
423141.8555625304
 21
-703904.1338619713
 31
0.0
1001
SUPPORT_DISTRIBUTION_UV
1000
clean_dxf_export_v1
1000
background
1000
corner_brace
1000
!T1 (站體)_角撐
1000
source_geometry
1000
CD563
1071
1509
  0
LINE
  5
679
330
17
100
AcDbEntity
  8
!T1 (站體)_角撐
100
AcDbLine
 10
423038.4022287573
 20
-703557.5703397811
 30
0.0
 11
422929.72352817445
 21
-703692.0018276153
 31
0.0
1001
SUPPORT_DISTRIBUTION_UV
1000
clean_dxf_export_v1
1000
background
1000
corner_brace
1000
!T1 (站體)_角撐
1000
source_geometry
1000
CD563
1071
1510
  0
LINE
  5
67A
330
17
100
AcDbEntity
  8
!T1 (站體)_角撐
100
AcDbLine
 10
422171.70505874243
 20
-704874.2843657592
 30
0.0
 11
422180.1903401167
 21
-704865.799084385
 31
0.0
1001
SUPPORT_DISTRIBUTION_UV
1000
clean_dxf_export_v1
1000
background
1000
corner_brace
1000
!T1 (站體)_角撐
1000
source_geometry
1000
CD563
1071
1511
  0
LINE
  5
67B
330
17
100
AcDbEntity
  8
!T1 (站體)_角撐
100
AcDbLine
 10
421988.2870503646
 20
-705095.1411574339
 30
0.0
 11
422171.70505874243
 21
-704874.2843657592
 31
0.0
1001
SUPPORT_DISTRIBUTION_UV
1000
clean_dxf_export_v1
1000
background
1000
corner_brace
1000
!T1 (站體)_角撐
1000
source_geometry
1000
CD563
1071
1512
  0
LINE
  5
67C
330
17
100
AcDbEntity
  8
!T1 (站體)_角撐
100
AcDbLine
 10
422921.2382468002
 20
-703700.4871089896
 30
0.0
 11
421988.2870503646
 21
-704633.4383054251
 31
0.0
1001
SUPPORT_DISTRIBUTION_UV
1000
clean_dxf_export_v1
1000
background
1000
corner_brace
1000
!T1 (站體)_角撐
1000
source_geometry
1000
CD563
1071
1513
  0
LINE
  5
67D
330
17
100
AcDbEntity
  8
!T1 (站體)_角撐
100
AcDbLine
 10
422180.1903401167
 20
-704865.799084385
 30
0.0
 11
423133.37028115615
 21
-703912.6191433455
 31
0.0
1001
SUPPORT_DISTRIBUTION_UV
1000
clean_dxf_export_v1
1000
background
1000
corner_brace
1000
!T1 (站體)_角撐
1000
source_geometry
1000
CD563
1071
1514
  0
LINE
  5
67E
330
17
100
AcDbEntity
  8
!T1 (站體)_角撐
100
AcDbLine
 10
422180.1903401167
 20
-704865.799084385
 30
0.0
 11
421988.2870503646
 21
-704673.895794633
 31
0.0
1001
SUPPORT_DISTRIBUTION_UV
1000
clean_dxf_export_v1
1000
background
1000
corner_brace
1000
!T1 (站體)_角撐
1000
source_geometry
1000
CD563
1071
1515
  0
LINE
  5
67F
330
17
100
AcDbEntity
  8
ES-圍令L1H350x350
100
AcDbLine
 10
338238.2870494365
 20
-725295.5694823606
 30
0.0
 11
338238.2870494365
 21
-703095.5703399841
 31
0.0
1001
SUPPORT_DISTRIBUTION_UV
1000
clean_dxf_export_v1
1000
background
1000
waler
1000
ES-圍令L1H350x350
1000
confirmed_engineering_model
1000
W1
1071
1516
  0
LINE
  5
680
330
17
100
AcDbEntity
  8
ES-圍令L1H350x350
100
AcDbLine
 10
338238.2870494365
 20
-724845.5055624783
 30
0.0
 11
433838.3901963694
 21
-724845.5055624784
 31
0.0
1001
SUPPORT_DISTRIBUTION_UV
1000
clean_dxf_export_v1
1000
background
1000
waler
1000
ES-圍令L1H350x350
1000
confirmed_engineering_model
1000
W3
1071
1517
  0
LINE
  5
681
330
17
100
AcDbEntity
  8
ES-圍令L1H350x350
100
AcDbLine
 10
433838.33862282755
 20
-703095.5055625981
 30
0.0
 11
433838.3901963693
 21
-725295.5055624783
 31
0.0
1001
SUPPORT_DISTRIBUTION_UV
1000
clean_dxf_export_v1
1000
background
1000
waler
1000
ES-圍令L1H350x350
1000
confirmed_engineering_model
1000
W4
1071
1518
  0
LINE
  5
682
330
17
100
AcDbEntity
  8
ES-LH350x350
100
AcDbLine
 10
341788.2870494365
 20
-724845.5055624783
 30
0.0
 11
341788.28704949556
 21
-703545.508980495
 31
0.0
1001
SUPPORT_DISTRIBUTION_UV
1000
clean_dxf_export_v1
1000
background
1000
strut
1000
ES-LH350x350
1000
confirmed_engineering_model
1000
S1
1071
1519
  0
LINE
  5
683
330
17
100
AcDbEntity
  8
ES-LH350x350
100
AcDbLine
 10
351288.2870494365
 20
-724845.5055624783
 30
0.0
 11
351288.28704948677
 21
-703545.5181273004
 31
0.0
1001
SUPPORT_DISTRIBUTION_UV
1000
clean_dxf_export_v1
1000
background
1000
strut
1000
ES-LH350x350
1000
confirmed_engineering_model
1000
S2
1071
1520
  0
LINE
  5
684
330
17
100
AcDbEntity
  8
ES-LH350x350
100
AcDbLine
 10
357288.2870494365
 20
-724845.5055624783
 30
0.0
 11
357288.2870494812
 21
-703545.5239042301
 31
0.0
1001
SUPPORT_DISTRIBUTION_UV
1000
clean_dxf_export_v1
1000
background
1000
strut
1000
ES-LH350x350
1000
confirmed_engineering_model
1000
S3
1071
1521
  0
LINE
  5
685
330
17
100
AcDbEntity
  8
ES-LH350x350
100
AcDbLine
 10
363288.2870494365
 20
-724845.5055624783
 30
0.0
 11
363288.28704947565
 21
-703545.5296811598
 31
0.0
1001
SUPPORT_DISTRIBUTION_UV
1000
clean_dxf_export_v1
1000
background
1000
strut
1000
ES-LH350x350
1000
confirmed_engineering_model
1000
S4
1071
1522
  0
LINE
  5
686
330
17
100
AcDbEntity
  8
ES-LH350x350
100
AcDbLine
 10
369288.2870494365
 20
-724845.5055624783
 30
0.0
 11
369288.28704947006
 21
-703545.5354580894
 31
0.0
1001
SUPPORT_DISTRIBUTION_UV
1000
clean_dxf_export_v1
1000
background
1000
strut
1000
ES-LH350x350
1000
confirmed_engineering_model
1000
S5
1071
1523
  0
LINE
  5
687
330
17
100
AcDbEntity
  8
ES-LH350x350
100
AcDbLine
 10
374288.2870494365
 20
-724845.5055624783
 30
0.0
 11
374288.2870494654
 21
-703545.5402721975
 31
0.0
1001
SUPPORT_DISTRIBUTION_UV
1000
clean_dxf_export_v1
1000
background
1000
strut
1000
ES-LH350x350
1000
confirmed_engineering_model
1000
S6
1071
1524
  0
LINE
  5
688
330
17
100
AcDbEntity
  8
ES-LH350x350
100
AcDbLine
 10
380288.2870494365
 20
-724845.5055624783
 30
0.0
 11
380288.2870494599
 21
-703545.5460491271
 31
0.0
1001
SUPPORT_DISTRIBUTION_UV
1000
clean_dxf_export_v1
1000
background
1000
strut
1000
ES-LH350x350
1000
confirmed_engineering_model
1000
S7
1071
1525
  0
LINE
  5
689
330
17
100
AcDbEntity
  8
ES-LH350x350
100
AcDbLine
 10
386288.2870494365
 20
-724845.5055624784
 30
0.0
 11
386288.2870494543
 21
-703545.5518260568
 31
0.0
1001
SUPPORT_DISTRIBUTION_UV
1000
clean_dxf_export_v1
1000
background
1000
strut
1000
ES-LH350x350
1000
confirmed_engineering_model
1000
S8
1071
1526
  0
LINE
  5
68A
330
17
100
AcDbEntity
  8
ES-LH350x350
100
AcDbLine
 10
391788.2870494365
 20
-724845.5055624784
 30
0.0
 11
391788.2870494492
 21
-703545.5571215757
 31
0.0
1001
SUPPORT_DISTRIBUTION_UV
1000
clean_dxf_export_v1
1000
background
1000
strut
1000
ES-LH350x350
1000
confirmed_engineering_model
1000
S9
1071
1527
  0
LINE
  5
68B
330
17
100
AcDbEntity
  8
ES-LH350x350
100
AcDbLine
 10
397788.2870494365
 20
-724845.5055624784
 30
0.0
 11
397788.28704944364
 21
-703545.5628985054
 31
0.0
1001
SUPPORT_DISTRIBUTION_UV
1000
clean_dxf_export_v1
1000
background
1000
strut
1000
ES-LH350x350
1000
confirmed_engineering_model
1000
S10
1071
1528
  0
LINE
  5
68C
330
17
100
AcDbEntity
  8
ES-LH350x350
100
AcDbLine
 10
403788.2870494365
 20
-724845.5055624784
 30
0.0
 11
403788.2870494381
 21
-703545.568675435
 31
0.0
1001
SUPPORT_DISTRIBUTION_UV
1000
clean_dxf_export_v1
1000
background
1000
strut
1000
ES-LH350x350
1000
confirmed_engineering_model
1000
S11
1071
1529
  0
LINE
  5
68D
330
17
100
AcDbEntity
  8
ES-LH350x350
100
AcDbLine
 10
409788.2870494365
 20
-724845.5055624784
 30
0.0
 11
409788.2870494325
 21
-703545.5744523647
 31
0.0
1001
SUPPORT_DISTRIBUTION_UV
1000
clean_dxf_export_v1
1000
background
1000
strut
1000
ES-LH350x350
1000
confirmed_engineering_model
1000
S12
1071
1530
  0
LINE
  5
68E
330
17
100
AcDbEntity
  8
ES-LH350x350
100
AcDbLine
 10
415788.2870494365
 20
-724845.5055624784
 30
0.0
 11
415788.28704942693
 21
-703545.5802292944
 31
0.0
1001
SUPPORT_DISTRIBUTION_UV
1000
clean_dxf_export_v1
1000
background
1000
strut
1000
ES-LH350x350
1000
confirmed_engineering_model
1000
S13
1071
1531
  0
LINE
  5
68F
330
17
100
AcDbEntity
  8
ES-LH350x350
100
AcDbLine
 10
421788.2870494365
 20
-724845.5055624784
 30
0.0
 11
421788.2870494214
 21
-703545.586006224
 31
0.0
1001
SUPPORT_DISTRIBUTION_UV
1000
clean_dxf_export_v1
1000
background
1000
strut
1000
ES-LH350x350
1000
confirmed_engineering_model
1000
S14
1071
1532
  0
LINE
  5
690
330
17
100
AcDbEntity
  8
ES-LH350x350
100
AcDbLine
 10
430288.2870494365
 20
-724845.5055624784
 30
0.0
 11
430288.28704941354
 21
-703545.5941902078
 31
0.0
1001
SUPPORT_DISTRIBUTION_UV
1000
clean_dxf_export_v1
1000
background
1000
strut
1000
ES-LH350x350
1000
confirmed_engineering_model
1000
S15
1071
1533
  0
LINE
  5
691
330
17
100
AcDbEntity
  8
ES-大斜撐_支撐350x350
100
AcDbLine
 10
338238.2870494365
 20
-722795.5694823605
 30
0.0
 11
340288.3575455124
 21
-724845.5055624783
 31
0.0
1001
SUPPORT_DISTRIBUTION_UV
1000
clean_dxf_export_v1
1000
background
1000
brace
1000
ES-大斜撐_支撐350x350
1000
confirmed_engineering_model
1000
B1
1071
1534
  0
LINE
  5
692
330
17
100
AcDbEntity
  8
ES-大斜撐_支撐350x350
100
AcDbLine
 10
338238.2870494365
 20
-705595.5703399852
 30
0.0
 11
340288.3575456909
 21
-703545.5075363305
 31
0.0
1001
SUPPORT_DISTRIBUTION_UV
1000
clean_dxf_export_v1
1000
background
1000
brace
1000
ES-大斜撐_支撐350x350
1000
confirmed_engineering_model
1000
B5
1071
1535
  0
LINE
  5
693
330
17
100
AcDbEntity
  8
ES-大斜撐_支撐350x350
100
AcDbLine
 10
338238.2870494365
 20
-708095.5703399852
 30
0.0
 11
342788.26099441096
 21
-703545.5099432915
 31
0.0
1001
SUPPORT_DISTRIBUTION_UV
1000
clean_dxf_export_v1
1000
background
1000
brace
1000
ES-大斜撐_支撐350x350
1000
confirmed_engineering_model
1000
B6
1071
1536
  0
LINE
  5
694
330
17
100
AcDbEntity
  8
ES-大斜撐_支撐350x350
100
AcDbLine
 10
338238.2870494365
 20
-710595.5703399852
 30
0.0
 11
345288.2609944086
 21
-703545.5123503456
 31
0.0
1001
SUPPORT_DISTRIBUTION_UV
1000
clean_dxf_export_v1
1000
background
1000
brace
1000
ES-大斜撐_支撐350x350
1000
confirmed_engineering_model
1000
B7
1071
1537
  0
LINE
  5
695
330
17
100
AcDbEntity
  8
ES-大斜撐_支撐350x350
100
AcDbLine
 10
338238.2870494365
 20
-713095.5703399852
 30
0.0
 11
347788.2349393227
 21
-703545.5147573745
 31
0.0
1001
SUPPORT_DISTRIBUTION_UV
1000
clean_dxf_export_v1
1000
background
1000
brace
1000
ES-大斜撐_支撐350x350
1000
confirmed_engineering_model
1000
B8
1071
1538
  0
LINE
  5
696
330
17
100
AcDbEntity
  8
ES-大斜撐_支撐350x350
100
AcDbLine
 10
431788.2165533606
 20
-724845.5055624784
 30
0.0
 11
433838.3843886865
 21
-722795.5694821344
 31
0.0
1001
SUPPORT_DISTRIBUTION_UV
1000
clean_dxf_export_v1
1000
background
1000
brace
1000
ES-大斜撐_支撐350x350
1000
confirmed_engineering_model
1000
B9
1071
1539
  0
LINE
  5
697
330
17
100
AcDbEntity
  8
ES-大斜撐_支撐350x350
100
AcDbLine
 10
429288.3131045453
 20
-724845.5055624784
 30
0.0
 11
433838.37858085526
 21
-720295.5694821478
 31
0.0
1001
SUPPORT_DISTRIBUTION_UV
1000
clean_dxf_export_v1
1000
background
1000
brace
1000
ES-大斜撐_支撐350x350
1000
confirmed_engineering_model
1000
B10
1071
1540
  0
LINE
  5
698
330
17
100
AcDbEntity
  8
ES-大斜撐_支撐350x350
100
AcDbLine
 10
426788.3131045453
 20
-724845.5055624784
 30
0.0
 11
433838.37277302396
 21
-717795.5694821613
 31
0.0
1001
SUPPORT_DISTRIBUTION_UV
1000
clean_dxf_export_v1
1000
background
1000
brace
1000
ES-大斜撐_支撐350x350
1000
confirmed_engineering_model
1000
B11
1071
1541
  0
LINE
  5
699
330
17
100
AcDbEntity
  8
ES-大斜撐_支撐350x350
100
AcDbLine
 10
424288.339159654
 20
-724845.5055624784
 30
0.0
 11
433838.3669651927
 21
-715295.5694821748
 31
0.0
1001
SUPPORT_DISTRIBUTION_UV
1000
clean_dxf_export_v1
1000
background
1000
brace
1000
ES-大斜撐_支撐350x350
1000
confirmed_engineering_model
1000
B12
1071
1542
  0
LINE
  5
69A
330
17
100
AcDbEntity
  8
ES-大斜撐_支撐350x350
100
AcDbLine
 10
431788.2165534543
 20
-703545.5956343723
 30
0.0
 11
433838.3444308093
 21
-705595.5703398519
 31
0.0
1001
SUPPORT_DISTRIBUTION_UV
1000
clean_dxf_export_v1
1000
background
1000
brace
1000
ES-大斜撐_支撐350x350
1000
confirmed_engineering_model
1000
B13
1071
1543
  0
LINE
  5
69B
330
17
100
AcDbEntity
  8
ES-大斜撐_支撐350x350
100
AcDbLine
 10
429288.3131045483
 20
-703545.5932274113
 30
0.0
 11
433838.3502386406
 21
-708095.5703398384
 31
0.0
1001
SUPPORT_DISTRIBUTION_UV
1000
clean_dxf_export_v1
1000
background
1000
brace
1000
ES-大斜撐_支撐350x350
1000
confirmed_engineering_model
1000
B14
1071
1544
  0
LINE
  5
69C
330
17
100
AcDbEntity
  8
ES-大斜撐_支撐350x350
100
AcDbLine
 10
426788.31310455065
 20
-703545.5908203572
 30
0.0
 11
433838.35604647186
 21
-710595.5703398249
 31
0.0
1001
SUPPORT_DISTRIBUTION_UV
1000
clean_dxf_export_v1
1000
background
1000
brace
1000
ES-大斜撐_支撐350x350
1000
confirmed_engineering_model
1000
B15
1071
1545
  0
LINE
  5
69D
330
17
100
AcDbEntity
  8
ES-大斜撐_支撐350x350
100
AcDbLine
 10
424288.33915968676
 20
-703545.5884133283
 30
0.0
 11
433838.36185430316
 21
-713095.5703398114
 31
0.0
1001
SUPPORT_DISTRIBUTION_UV
1000
clean_dxf_export_v1
1000
background
1000
brace
1000
ES-大斜撐_支撐350x350
1000
confirmed_engineering_model
1000
B16
1071
1546
  0
LINE
  5
69E
330
17
100
AcDbEntity
  8
!T1 (站體)_角撐
100
AcDbLine
 10
349788.35097045044
 20
-724845.5055624783
 30
0.0
 11
351288.2870494365
 21
-723345.5694834922
 31
0.0
1001
SUPPORT_DISTRIBUTION_UV
1000
clean_dxf_export_v1
1000
background
1000
corner_brace
1000
!T1 (站體)_角撐
1000
confirmed_engineering_model
1000
CB1
1071
1547
  0
LINE
  5
69F
330
17
100
AcDbEntity
  8
!T1 (站體)_角撐
100
AcDbLine
 10
351288.2870494365
 20
-723345.5694816359
 30
0.0
 11
352788.22313027875
 21
-724845.5055624783
 31
0.0
1001
SUPPORT_DISTRIBUTION_UV
1000
clean_dxf_export_v1
1000
background
1000
corner_brace
1000
!T1 (站體)_角撐
1000
confirmed_engineering_model
1000
CB2
1071
1548
  0
LINE
  5
6A0
330
17
100
AcDbEntity
  8
!T1 (站體)_角撐
100
AcDbLine
 10
355788.35097045044
 20
-724845.5055624783
 30
0.0
 11
357288.2870494365
 21
-723345.5694834922
 31
0.0
1001
SUPPORT_DISTRIBUTION_UV
1000
clean_dxf_export_v1
1000
background
1000
corner_brace
1000
!T1 (站體)_角撐
1000
confirmed_engineering_model
1000
CB3
1071
1549
  0
LINE
  5
6A1
330
17
100
AcDbEntity
  8
!T1 (站體)_角撐
100
AcDbLine
 10
357288.2870494365
 20
-723345.5694816359
 30
0.0
 11
358788.22313027875
 21
-724845.5055624783
 31
0.0
1001
SUPPORT_DISTRIBUTION_UV
1000
clean_dxf_export_v1
1000
background
1000
corner_brace
1000
!T1 (站體)_角撐
1000
confirmed_engineering_model
1000
CB4
1071
1550
  0
LINE
  5
6A2
330
17
100
AcDbEntity
  8
!T1 (站體)_角撐
100
AcDbLine
 10
361788.35097045044
 20
-724845.5055624783
 30
0.0
 11
363288.2870494365
 21
-723345.5694834922
 31
0.0
1001
SUPPORT_DISTRIBUTION_UV
1000
clean_dxf_export_v1
1000
background
1000
corner_brace
1000
!T1 (站體)_角撐
1000
confirmed_engineering_model
1000
CB5
1071
1551
  0
LINE
  5
6A3
330
17
100
AcDbEntity
  8
!T1 (站體)_角撐
100
AcDbLine
 10
363288.2870494365
 20
-723345.5694816359
 30
0.0
 11
364788.22313027875
 21
-724845.5055624783
 31
0.0
1001
SUPPORT_DISTRIBUTION_UV
1000
clean_dxf_export_v1
1000
background
1000
corner_brace
1000
!T1 (站體)_角撐
1000
confirmed_engineering_model
1000
CB6
1071
1552
  0
LINE
  5
6A4
330
17
100
AcDbEntity
  8
!T1 (站體)_角撐
100
AcDbLine
 10
367788.35097045044
 20
-724845.5055624783
 30
0.0
 11
369288.2870494365
 21
-723345.5694834922
 31
0.0
1001
SUPPORT_DISTRIBUTION_UV
1000
clean_dxf_export_v1
1000
background
1000
corner_brace
1000
!T1 (站體)_角撐
1000
confirmed_engineering_model
1000
CB7
1071
1553
  0
LINE
  5
6A5
330
17
100
AcDbEntity
  8
!T1 (站體)_角撐
100
AcDbLine
 10
369288.2870494365
 20
-723345.5694816359
 30
0.0
 11
370788.22313027875
 21
-724845.5055624783
 31
0.0
1001
SUPPORT_DISTRIBUTION_UV
1000
clean_dxf_export_v1
1000
background
1000
corner_brace
1000
!T1 (站體)_角撐
1000
confirmed_engineering_model
1000
CB8
1071
1554
  0
LINE
  5
6A6
330
17
100
AcDbEntity
  8
!T1 (站體)_角撐
100
AcDbLine
 10
372788.35097045044
 20
-724845.5055624783
 30
0.0
 11
374288.2870494365
 21
-723345.5694834922
 31
0.0
1001
SUPPORT_DISTRIBUTION_UV
1000
clean_dxf_export_v1
1000
background
1000
corner_brace
1000
!T1 (站體)_角撐
1000
confirmed_engineering_model
1000
CB9
1071
1555
  0
LINE
  5
6A7
330
17
100
AcDbEntity
  8
!T1 (站體)_角撐
100
AcDbLine
 10
374288.2870494365
 20
-723345.5694816359
 30
0.0
 11
375788.2231302788
 21
-724845.5055624783
 31
0.0
1001
SUPPORT_DISTRIBUTION_UV
1000
clean_dxf_export_v1
1000
background
1000
corner_brace
1000
!T1 (站體)_角撐
1000
confirmed_engineering_model
1000
CB10
1071
1556
  0
LINE
  5
6A8
330
17
100
AcDbEntity
  8
!T1 (站體)_角撐
100
AcDbLine
 10
378788.3509704504
 20
-724845.5055624783
 30
0.0
 11
380288.2870494365
 21
-723345.5694834922
 31
0.0
1001
SUPPORT_DISTRIBUTION_UV
1000
clean_dxf_export_v1
1000
background
1000
corner_brace
1000
!T1 (站體)_角撐
1000
confirmed_engineering_model
1000
CB11
1071
1557
  0
LINE
  5
6A9
330
17
100
AcDbEntity
  8
!T1 (站體)_角撐
100
AcDbLine
 10
380288.2870494365
 20
-723345.5694816359
 30
0.0
 11
381788.2231302788
 21
-724845.5055624783
 31
0.0
1001
SUPPORT_DISTRIBUTION_UV
1000
clean_dxf_export_v1
1000
background
1000
corner_brace
1000
!T1 (站體)_角撐
1000
confirmed_engineering_model
1000
CB12
1071
1558
  0
LINE
  5
6AA
330
17
100
AcDbEntity
  8
!T1 (站體)_角撐
100
AcDbLine
 10
384788.3509704504
 20
-724845.5055624783
 30
0.0
 11
386288.2870494365
 21
-723345.5694834922
 31
0.0
1001
SUPPORT_DISTRIBUTION_UV
1000
clean_dxf_export_v1
1000
background
1000
corner_brace
1000
!T1 (站體)_角撐
1000
confirmed_engineering_model
1000
CB13
1071
1559
  0
LINE
  5
6AB
330
17
100
AcDbEntity
  8
!T1 (站體)_角撐
100
AcDbLine
 10
386288.2870494365
 20
-723345.5694816359
 30
0.0
 11
387788.2231302788
 21
-724845.5055624784
 31
0.0
1001
SUPPORT_DISTRIBUTION_UV
1000
clean_dxf_export_v1
1000
background
1000
corner_brace
1000
!T1 (站體)_角撐
1000
confirmed_engineering_model
1000
CB14
1071
1560
  0
LINE
  5
6AC
330
17
100
AcDbEntity
  8
!T1 (站體)_角撐
100
AcDbLine
 10
390288.3509704504
 20
-724845.5055624784
 30
0.0
 11
391788.2870494365
 21
-723345.5694834922
 31
0.0
1001
SUPPORT_DISTRIBUTION_UV
1000
clean_dxf_export_v1
1000
background
1000
corner_brace
1000
!T1 (站體)_角撐
1000
confirmed_engineering_model
1000
CB15
1071
1561
  0
LINE
  5
6AD
330
17
100
AcDbEntity
  8
!T1 (站體)_角撐
100
AcDbLine
 10
391788.2870494365
 20
-723345.5694816359
 30
0.0
 11
393288.2231302788
 21
-724845.5055624784
 31
0.0
1001
SUPPORT_DISTRIBUTION_UV
1000
clean_dxf_export_v1
1000
background
1000
corner_brace
1000
!T1 (站體)_角撐
1000
confirmed_engineering_model
1000
CB16
1071
1562
  0
LINE
  5
6AE
330
17
100
AcDbEntity
  8
!T1 (站體)_角撐
100
AcDbLine
 10
396288.3509704504
 20
-724845.5055624784
 30
0.0
 11
397788.2870494365
 21
-723345.5694834922
 31
0.0
1001
SUPPORT_DISTRIBUTION_UV
1000
clean_dxf_export_v1
1000
background
1000
corner_brace
1000
!T1 (站體)_角撐
1000
confirmed_engineering_model
1000
CB17
1071
1563
  0
LINE
  5
6AF
330
17
100
AcDbEntity
  8
!T1 (站體)_角撐
100
AcDbLine
 10
397788.2870494365
 20
-723345.5694816359
 30
0.0
 11
399288.2231302788
 21
-724845.5055624784
 31
0.0
1001
SUPPORT_DISTRIBUTION_UV
1000
clean_dxf_export_v1
1000
background
1000
corner_brace
1000
!T1 (站體)_角撐
1000
confirmed_engineering_model
1000
CB18
1071
1564
  0
LINE
  5
6B0
330
17
100
AcDbEntity
  8
!T1 (站體)_角撐
100
AcDbLine
 10
402288.3509704504
 20
-724845.5055624784
 30
0.0
 11
403788.2870494365
 21
-723345.5694834922
 31
0.0
1001
SUPPORT_DISTRIBUTION_UV
1000
clean_dxf_export_v1
1000
background
1000
corner_brace
1000
!T1 (站體)_角撐
1000
confirmed_engineering_model
1000
CB19
1071
1565
  0
LINE
  5
6B1
330
17
100
AcDbEntity
  8
!T1 (站體)_角撐
100
AcDbLine
 10
403788.2870494365
 20
-723345.5694816359
 30
0.0
 11
405288.2231302788
 21
-724845.5055624784
 31
0.0
1001
SUPPORT_DISTRIBUTION_UV
1000
clean_dxf_export_v1
1000
background
1000
corner_brace
1000
!T1 (站體)_角撐
1000
confirmed_engineering_model
1000
CB20
1071
1566
  0
LINE
  5
6B2
330
17
100
AcDbEntity
  8
!T1 (站體)_角撐
100
AcDbLine
 10
408288.3509704504
 20
-724845.5055624784
 30
0.0
 11
409788.2870494365
 21
-723345.5694834922
 31
0.0
1001
SUPPORT_DISTRIBUTION_UV
1000
clean_dxf_export_v1
1000
background
1000
corner_brace
1000
!T1 (站體)_角撐
1000
confirmed_engineering_model
1000
CB21
1071
1567
  0
LINE
  5
6B3
330
17
100
AcDbEntity
  8
!T1 (站體)_角撐
100
AcDbLine
 10
409788.2870494365
 20
-723345.5694816359
 30
0.0
 11
411288.2231302788
 21
-724845.5055624784
 31
0.0
1001
SUPPORT_DISTRIBUTION_UV
1000
clean_dxf_export_v1
1000
background
1000
corner_brace
1000
!T1 (站體)_角撐
1000
confirmed_engineering_model
1000
CB22
1071
1568
  0
LINE
  5
6B4
330
17
100
AcDbEntity
  8
!T1 (站體)_角撐
100
AcDbLine
 10
414288.3509704504
 20
-724845.5055624784
 30
0.0
 11
415788.2870494365
 21
-723345.5694834922
 31
0.0
1001
SUPPORT_DISTRIBUTION_UV
1000
clean_dxf_export_v1
1000
background
1000
corner_brace
1000
!T1 (站體)_角撐
1000
confirmed_engineering_model
1000
CB23
1071
1569
  0
LINE
  5
6B5
330
17
100
AcDbEntity
  8
!T1 (站體)_角撐
100
AcDbLine
 10
415788.2870494365
 20
-723345.5694816359
 30
0.0
 11
417288.2231302788
 21
-724845.5055624784
 31
0.0
1001
SUPPORT_DISTRIBUTION_UV
1000
clean_dxf_export_v1
1000
background
1000
corner_brace
1000
!T1 (站體)_角撐
1000
confirmed_engineering_model
1000
CB24
1071
1570
  0
LINE
  5
6B6
330
17
100
AcDbEntity
  8
!T1 (站體)_角撐
100
AcDbLine
 10
420288.3509704504
 20
-724845.5055624784
 30
0.0
 11
421788.2870494365
 21
-723345.5694834922
 31
0.0
1001
SUPPORT_DISTRIBUTION_UV
1000
clean_dxf_export_v1
1000
background
1000
corner_brace
1000
!T1 (站體)_角撐
1000
confirmed_engineering_model
1000
CB25
1071
1571
  0
LINE
  5
6B7
330
17
100
AcDbEntity
  8
!T1 (站體)_角撐
100
AcDbLine
 10
421788.2870494365
 20
-723345.5694816359
 30
0.0
 11
423288.2231302789
 21
-724845.5055624784
 31
0.0
1001
SUPPORT_DISTRIBUTION_UV
1000
clean_dxf_export_v1
1000
background
1000
corner_brace
1000
!T1 (站體)_角撐
1000
confirmed_engineering_model
1000
CB26
1071
1572
  0
LINE
  5
6B8
330
17
100
AcDbEntity
  8
!T1 (站體)_角撐
100
AcDbLine
 10
349788.23339359986
 20
-703545.5166830163
 30
0.0
 11
351288.2870494365
 21
-705045.570338853
 31
0.0
1001
SUPPORT_DISTRIBUTION_UV
1000
clean_dxf_export_v1
1000
background
1000
corner_brace
1000
!T1 (站體)_角撐
1000
confirmed_engineering_model
1000
CB27
1071
1573
  0
LINE
  5
6B9
330
17
100
AcDbEntity
  8
!T1 (站體)_角撐
100
AcDbLine
 10
351288.2870494365
 20
-705045.5703407093
 30
0.0
 11
352788.337818564
 21
-703545.5195715816
 31
0.0
1001
SUPPORT_DISTRIBUTION_UV
1000
clean_dxf_export_v1
1000
background
1000
corner_brace
1000
!T1 (站體)_角撐
1000
confirmed_engineering_model
1000
CB28
1071
1574
  0
LINE
  5
6BA
330
17
100
AcDbEntity
  8
!T1 (站體)_角撐
100
AcDbLine
 10
355788.23917053506
 20
-703545.5224599516
 30
0.0
 11
357288.2870494365
 21
-705045.570338853
 31
0.0
1001
SUPPORT_DISTRIBUTION_UV
1000
clean_dxf_export_v1
1000
background
1000
corner_brace
1000
!T1 (站體)_角撐
1000
confirmed_engineering_model
1000
CB29
1071
1575
  0
LINE
  5
6BB
330
17
100
AcDbEntity
  8
!T1 (站體)_角撐
100
AcDbLine
 10
357288.2870494365
 20
-705045.5703407093
 30
0.0
 11
358788.33204163983
 21
-703545.5253485058
 31
0.0
1001
SUPPORT_DISTRIBUTION_UV
1000
clean_dxf_export_v1
1000
background
1000
corner_brace
1000
!T1 (站體)_角撐
1000
confirmed_engineering_model
1000
CB30
1071
1576
  0
LINE
  5
6BC
330
17
100
AcDbEntity
  8
!T1 (站體)_角撐
100
AcDbLine
 10
361788.2449474703
 20
-703545.5282368867
 30
0.0
 11
363288.2870494365
 21
-705045.570338853
 31
0.0
1001
SUPPORT_DISTRIBUTION_UV
1000
clean_dxf_export_v1
1000
background
1000
corner_brace
1000
!T1 (站體)_角撐
1000
confirmed_engineering_model
1000
CB31
1071
1577
  0
LINE
  5
6BD
330
17
100
AcDbEntity
  8
!T1 (站體)_角撐
100
AcDbLine
 10
363288.2870494365
 20
-705045.5703407093
 30
0.0
 11
364788.32626471575
 21
-703545.5311254299
 31
0.0
1001
SUPPORT_DISTRIBUTION_UV
1000
clean_dxf_export_v1
1000
background
1000
corner_brace
1000
!T1 (站體)_角撐
1000
confirmed_engineering_model
1000
CB32
1071
1578
  0
LINE
  5
6BE
330
17
100
AcDbEntity
  8
!T1 (站體)_角撐
100
AcDbLine
 10
367788.2507244056
 20
-703545.534013822
 30
0.0
 11
369288.2870494365
 21
-705045.570338853
 31
0.0
1001
SUPPORT_DISTRIBUTION_UV
1000
clean_dxf_export_v1
1000
background
1000
corner_brace
1000
!T1 (站體)_角撐
1000
confirmed_engineering_model
1000
CB33
1071
1579
  0
LINE
  5
6BF
330
17
100
AcDbEntity
  8
!T1 (站體)_角撐
100
AcDbLine
 10
369288.2870494365
 20
-705045.5703407093
 30
0.0
 11
370788.3204877916
 21
-703545.536902354
 31
0.0
1001
SUPPORT_DISTRIBUTION_UV
1000
clean_dxf_export_v1
1000
background
1000
corner_brace
1000
!T1 (站體)_角撐
1000
confirmed_engineering_model
1000
CB34
1071
1580
  0
LINE
  5
6C0
330
17
100
AcDbEntity
  8
!T1 (站體)_角撐
100
AcDbLine
 10
372788.25553851825
 20
-703545.5388279347
 30
0.0
 11
374288.2870494365
 21
-705045.570338853
 31
0.0
1001
SUPPORT_DISTRIBUTION_UV
1000
clean_dxf_export_v1
1000
background
1000
corner_brace
1000
!T1 (站體)_角撐
1000
confirmed_engineering_model
1000
CB35
1071
1581
  0
LINE
  5
6C1
330
17
100
AcDbEntity
  8
!T1 (站體)_角撐
100
AcDbLine
 10
374288.2870494365
 20
-705045.5703407093
 30
0.0
 11
375788.3156736882
 21
-703545.5417164575
 31
0.0
1001
SUPPORT_DISTRIBUTION_UV
1000
clean_dxf_export_v1
1000
background
1000
corner_brace
1000
!T1 (站體)_角撐
1000
confirmed_engineering_model
1000
CB36
1071
1582
  0
LINE
  5
6C2
330
17
100
AcDbEntity
  8
!T1 (站體)_角撐
100
AcDbLine
 10
378788.2613154535
 20
-703545.5446048699
 30
0.0
 11
380288.2870494365
 21
-705045.570338853
 31
0.0
1001
SUPPORT_DISTRIBUTION_UV
1000
clean_dxf_export_v1
1000
background
1000
corner_brace
1000
!T1 (站體)_角撐
1000
confirmed_engineering_model
1000
CB37
1071
1583
  0
LINE
  5
6C3
330
17
100
AcDbEntity
  8
!T1 (站體)_角撐
100
AcDbLine
 10
380288.2870494365
 20
-705045.5703407093
 30
0.0
 11
381788.3098967641
 21
-703545.5474933815
 31
0.0
1001
SUPPORT_DISTRIBUTION_UV
1000
clean_dxf_export_v1
1000
background
1000
corner_brace
1000
!T1 (站體)_角撐
1000
confirmed_engineering_model
1000
CB38
1071
1584
  0
LINE
  5
6C4
330
17
100
AcDbEntity
  8
!T1 (站體)_角撐
100
AcDbLine
 10
384788.2670923887
 20
-703545.5503818052
 30
0.0
 11
386288.2870494365
 21
-705045.570338853
 31
0.0
1001
SUPPORT_DISTRIBUTION_UV
1000
clean_dxf_export_v1
1000
background
1000
corner_brace
1000
!T1 (站體)_角撐
1000
confirmed_engineering_model
1000
CB39
1071
1585
  0
LINE
  5
6C5
330
17
100
AcDbEntity
  8
!T1 (站體)_角撐
100
AcDbLine
 10
386288.2870494365
 20
-705045.5703407093
 30
0.0
 11
387788.30411984
 21
-703545.5532703056
 31
0.0
1001
SUPPORT_DISTRIBUTION_UV
1000
clean_dxf_export_v1
1000
background
1000
corner_brace
1000
!T1 (站體)_角撐
1000
confirmed_engineering_model
1000
CB40
1071
1586
  0
LINE
  5
6C6
330
17
100
AcDbEntity
  8
!T1 (站體)_角撐
100
AcDbLine
 10
390288.2723879127
 20
-703545.5556773292
 30
0.0
 11
391788.2870494365
 21
-705045.570338853
 31
0.0
1001
SUPPORT_DISTRIBUTION_UV
1000
clean_dxf_export_v1
1000
background
1000
corner_brace
1000
!T1 (站體)_角撐
1000
confirmed_engineering_model
1000
CB41
1071
1587
  0
LINE
  5
6C7
330
17
100
AcDbEntity
  8
!T1 (站體)_角撐
100
AcDbLine
 10
391788.2870494365
 20
-705045.5703407093
 30
0.0
 11
393288.2988243262
 21
-703545.5585658194
 31
0.0
1001
SUPPORT_DISTRIBUTION_UV
1000
clean_dxf_export_v1
1000
background
1000
corner_brace
1000
!T1 (站體)_角撐
1000
confirmed_engineering_model
1000
CB42
1071
1588
  0
LINE
  5
6C8
330
17
100
AcDbEntity
  8
!T1 (站體)_角撐
100
AcDbLine
 10
396288.2781648479
 20
-703545.5614542643
 30
0.0
 11
397788.2870494365
 21
-705045.570338853
 31
0.0
1001
SUPPORT_DISTRIBUTION_UV
1000
clean_dxf_export_v1
1000
background
1000
corner_brace
1000
!T1 (站體)_角撐
1000
confirmed_engineering_model
1000
CB43
1071
1589
  0
LINE
  5
6C9
330
17
100
AcDbEntity
  8
!T1 (站體)_角撐
100
AcDbLine
 10
397788.2870494365
 20
-705045.5703407093
 30
0.0
 11
399288.2930474021
 21
-703545.5643427436
 31
0.0
1001
SUPPORT_DISTRIBUTION_UV
1000
clean_dxf_export_v1
1000
background
1000
corner_brace
1000
!T1 (站體)_角撐
1000
confirmed_engineering_model
1000
CB44
1071
1590
  0
LINE
  5
6CA
330
17
100
AcDbEntity
  8
!T1 (站體)_角撐
100
AcDbLine
 10
402288.2839417832
 20
-703545.5672311996
 30
0.0
 11
403788.2870494365
 21
-705045.570338853
 31
0.0
1001
SUPPORT_DISTRIBUTION_UV
1000
clean_dxf_export_v1
1000
background
1000
corner_brace
1000
!T1 (站體)_角撐
1000
confirmed_engineering_model
1000
CB45
1071
1591
  0
LINE
  5
6CB
330
17
100
AcDbEntity
  8
!T1 (站體)_角撐
100
AcDbLine
 10
403788.2870494365
 20
-705045.5703407093
 30
0.0
 11
405288.287270478
 21
-703545.5701196677
 31
0.0
1001
SUPPORT_DISTRIBUTION_UV
1000
clean_dxf_export_v1
1000
background
1000
corner_brace
1000
!T1 (站體)_角撐
1000
confirmed_engineering_model
1000
CB46
1071
1592
  0
LINE
  5
6CC
330
17
100
AcDbEntity
  8
!T1 (站體)_角撐
100
AcDbLine
 10
408288.2897187184
 20
-703545.5730081348
 30
0.0
 11
409788.2870494365
 21
-705045.570338853
 31
0.0
1001
SUPPORT_DISTRIBUTION_UV
1000
clean_dxf_export_v1
1000
background
1000
corner_brace
1000
!T1 (站體)_角撐
1000
confirmed_engineering_model
1000
CB47
1071
1593
  0
LINE
  5
6CD
330
17
100
AcDbEntity
  8
!T1 (站體)_角撐
100
AcDbLine
 10
409788.2870494365
 20
-705045.5703407093
 30
0.0
 11
411288.2814935539
 21
-703545.5758965918
 31
0.0
1001
SUPPORT_DISTRIBUTION_UV
1000
clean_dxf_export_v1
1000
background
1000
corner_brace
1000
!T1 (站體)_角撐
1000
confirmed_engineering_model
1000
CB48
1071
1594
  0
LINE
  5
6CE
330
17
100
AcDbEntity
  8
!T1 (站體)_角撐
100
AcDbLine
 10
414288.29549565364
 20
-703545.5787850701
 30
0.0
 11
415788.2870494365
 21
-705045.570338853
 31
0.0
1001
SUPPORT_DISTRIBUTION_UV
1000
clean_dxf_export_v1
1000
background
1000
corner_brace
1000
!T1 (站體)_角撐
1000
confirmed_engineering_model
1000
CB49
1071
1595
  0
LINE
  5
6CF
330
17
100
AcDbEntity
  8
!T1 (站體)_角撐
100
AcDbLine
 10
415788.2870494365
 20
-705045.5703407093
 30
0.0
 11
417288.27571662975
 21
-703545.5816735158
 31
0.0
1001
SUPPORT_DISTRIBUTION_UV
1000
clean_dxf_export_v1
1000
background
1000
corner_brace
1000
!T1 (站體)_角撐
1000
confirmed_engineering_model
1000
CB50
1071
1596
  0
LINE
  5
6D0
330
17
100
AcDbEntity
  8
!T1 (站體)_角撐
100
AcDbLine
 10
420288.3012725889
 20
-703545.5845620054
 30
0.0
 11
421788.2870494365
 21
-705045.570338853
 31
0.0
1001
SUPPORT_DISTRIBUTION_UV
1000
clean_dxf_export_v1
1000
background
1000
corner_brace
1000
!T1 (站體)_角撐
1000
confirmed_engineering_model
1000
CB51
1071
1597
  0
LINE
  5
6D1
330
17
100
AcDbEntity
  8
!T1 (站體)_角撐
100
AcDbLine
 10
421788.2870494365
 20
-705045.5703407093
 30
0.0
 11
423288.2699397057
 21
-703545.58745044
 31
0.0
1001
SUPPORT_DISTRIBUTION_UV
1000
clean_dxf_export_v1
1000
background
1000
corner_brace
1000
!T1 (站體)_角撐
1000
confirmed_engineering_model
1000
CB52
1071
1598
  0
LINE
  5
6D2
330
17
100
AcDbEntity
  8
ES-中間樁NO
100
AcDbLine
 10
397273.38397359516
 20
-716925.8461352736
 30
0.0
 11
397303.1884826972
 21
-717365.2929408518
 31
0.0
1001
SUPPORT_DISTRIBUTION_UV
1000
clean_dxf_export_v1
1000
background
1000
column
1000
ES-中間樁NO
1000
confirmed_engineering_model
1000
C1
1071
1599
  0
LINE
  5
6D3
330
17
100
AcDbEntity
  8
ES-中間樁NO
100
AcDbLine
 10
391275.6526297015
 20
-716927.5663959719
 30
0.0
 11
391300.92005563324
 21
-717363.5726506663
 31
0.0
1001
SUPPORT_DISTRIBUTION_UV
1000
clean_dxf_export_v1
1000
background
1000
column
1000
ES-中間樁NO
1000
confirmed_engineering_model
1000
C2
1071
1600
  0
LINE
  5
6D4
330
17
100
AcDbEntity
  8
ES-中間樁NO
100
AcDbLine
 10
409277.15438920865
 20
-716778.744475953
 30
0.0
 11
409299.41845366784
 21
-717212.3945532521
 31
0.0
1001
SUPPORT_DISTRIBUTION_UV
1000
clean_dxf_export_v1
1000
background
1000
column
1000
ES-中間樁NO
1000
confirmed_engineering_model
1000
C3
1071
1601
  0
LINE
  5
6D5
330
17
100
AcDbEntity
  8
ES-中間樁NO
100
AcDbLine
 10
429774.27406535734
 20
-716076.512705012
 30
0.0
 11
429802.29848259717
 21
-716514.6263589152
 31
0.0
1001
SUPPORT_DISTRIBUTION_UV
1000
clean_dxf_export_v1
1000
background
1000
column
1000
ES-中間樁NO
1000
confirmed_engineering_model
1000
C4
1071
1602
  0
LINE
  5
6D6
330
17
100
AcDbEntity
  8
ES-中間樁NO
100
AcDbLine
 10
415276.9767805692
 20
-716778.6034736295
 30
0.0
 11
415299.59604422393
 21
-717212.5355575045
 31
0.0
1001
SUPPORT_DISTRIBUTION_UV
1000
clean_dxf_export_v1
1000
background
1000
column
1000
ES-中間樁NO
1000
confirmed_engineering_model
1000
C5
1071
1603
  0
LINE
  5
6D7
330
17
100
AcDbEntity
  8
ES-中間樁NO
100
AcDbLine
 10
391279.82353815285
 20
-711030.9200604497
 30
0.0
 11
391296.74957922305
 21
-711460.2206582158
 31
0.0
1001
SUPPORT_DISTRIBUTION_UV
1000
clean_dxf_export_v1
1000
background
1000
column
1000
ES-中間樁NO
1000
confirmed_engineering_model
1000
C6
1071
1604
  0
LINE
  5
6D8
330
17
100
AcDbEntity
  8
ES-中間樁NO
100
AcDbLine
 10
409279.40166258777
 20
-711180.5692583256
 30
0.0
 11
409297.17140995
 21
-711610.5714640556
 31
0.0
1001
SUPPORT_DISTRIBUTION_UV
1000
clean_dxf_export_v1
1000
background
1000
column
1000
ES-中間樁NO
1000
confirmed_engineering_model
1000
C7
1071
1605
  0
LINE
  5
6D9
330
17
100
AcDbEntity
  8
ES-中間樁NO
100
AcDbLine
 10
415279.2699393028
 20
-711180.4602785797
 30
0.0
 11
415297.303120268
 21
-711610.6804449519
 31
0.0
1001
SUPPORT_DISTRIBUTION_UV
1000
clean_dxf_export_v1
1000
background
1000
column
1000
ES-中間樁NO
1000
confirmed_engineering_model
1000
C8
1071
1606
  0
LINE
  5
6DA
330
17
100
AcDbEntity
  8
ES-中間樁NO
100
AcDbLine
 10
403281.6584946835
 20
-716932.4769686998
 30
0.0
 11
403294.914833522
 21
-717358.6620199925
 31
0.0
1001
SUPPORT_DISTRIBUTION_UV
1000
clean_dxf_export_v1
1000
background
1000
column
1000
ES-中間樁NO
1000
confirmed_engineering_model
1000
C9
1071
1607
  0
LINE
  5
6DB
330
17
100
AcDbEntity
  8
ES-中間樁NO
100
AcDbLine
 10
397283.94290678314
 20
-711034.4923867895
 30
0.0
 11
397292.630674551
 21
-711456.6483038292
 31
0.0
1001
SUPPORT_DISTRIBUTION_UV
1000
clean_dxf_export_v1
1000
background
1000
column
1000
ES-中間樁NO
1000
confirmed_engineering_model
1000
C10
1071
1608
  0
LINE
  5
6DC
330
17
100
AcDbEntity
  8
ES-中間樁NO
100
AcDbLine
 10
342286.41206871474
 20
-711886.7688907676
 30
0.0
 11
342290.1618025243
 21
-712304.3717912444
 31
0.0
1001
SUPPORT_DISTRIBUTION_UV
1000
clean_dxf_export_v1
1000
background
1000
column
1000
ES-中間樁NO
1000
confirmed_engineering_model
1000
C11
1071
1609
  0
LINE
  5
6DD
330
17
100
AcDbEntity
  8
ES-中間樁NO
100
AcDbLine
 10
421272.3714483581
 20
-712316.040557334
 30
0.0
 11
421304.2045580558
 21
-711875.1002603465
 31
0.0
1001
SUPPORT_DISTRIBUTION_UV
1000
clean_dxf_export_v1
1000
background
1000
column
1000
ES-中間樁NO
1000
confirmed_engineering_model
1000
C12
1071
1610
  0
LINE
  5
6DE
330
17
100
AcDbEntity
  8
ES-中間樁NO
100
AcDbLine
 10
350786.3683166673
 20
-711886.7276206498
 30
0.0
 11
350790.20554956543
 21
-712304.4130614554
 31
0.0
1001
SUPPORT_DISTRIBUTION_UV
1000
clean_dxf_export_v1
1000
background
1000
column
1000
ES-中間樁NO
1000
confirmed_engineering_model
1000
C13
1071
1611
  0
LINE
  5
6DF
330
17
100
AcDbEntity
  8
ES-中間樁NO
100
AcDbLine
 10
362786.3010114856
 20
-711186.6642009367
 30
0.0
 11
362790.27284613467
 21
-711604.4764813248
 31
0.0
1001
SUPPORT_DISTRIBUTION_UV
1000
clean_dxf_export_v1
1000
background
1000
column
1000
ES-中間樁NO
1000
confirmed_engineering_model
1000
C14
1071
1612
  0
LINE
  5
6E0
330
17
100
AcDbEntity
  8
ES-中間樁NO
100
AcDbLine
 10
368788.2852123657
 20
-716938.5676850053
 30
0.0
 11
368788.28888702387
 21
-717352.5712797157
 31
0.0
1001
SUPPORT_DISTRIBUTION_UV
1000
clean_dxf_export_v1
1000
background
1000
column
1000
ES-中間樁NO
1000
confirmed_engineering_model
1000
C15
1071
1613
  0
LINE
  5
6E1
330
17
100
AcDbEntity
  8
ES-中間樁NO
100
AcDbLine
 10
421288.2796636637
 20
-716502.5767077014
 30
0.0
 11
421288.2944365263
 21
-716088.5622570196
 31
0.0
1001
SUPPORT_DISTRIBUTION_UV
1000
clean_dxf_export_v1
1000
background
1000
column
1000
ES-中間樁NO
1000
confirmed_engineering_model
1000
C16
1071
1614
  0
LINE
  5
6E2
330
17
100
AcDbEntity
  8
ES-中間樁NO
100
AcDbLine
 10
379788.2840799253
 20
-711038.5674351703
 30
0.0
 11
379788.290018826
 21
-711452.5732447978
 31
0.0
1001
SUPPORT_DISTRIBUTION_UV
1000
clean_dxf_export_v1
1000
background
1000
column
1000
ES-中間樁NO
1000
confirmed_engineering_model
1000
C17
1071
1615
  0
LINE
  5
6E3
330
17
100
AcDbEntity
  8
ES-中間樁NO
100
AcDbLine
 10
356788.28682904935
 20
-711188.5701242997
 30
0.0
 11
356788.28727000474
 21
-711602.5705556683
 31
0.0
1001
SUPPORT_DISTRIBUTION_UV
1000
clean_dxf_export_v1
1000
background
1000
column
1000
ES-中間樁NO
1000
confirmed_engineering_model
1000
C18
1071
1616
  0
LINE
  5
6E4
330
17
100
AcDbEntity
  8
ES-中間樁NO
100
AcDbLine
 10
373788.2855471789
 20
-716938.5680128415
 30
0.0
 11
373788.2885515724
 21
-717352.5709518795
 31
0.0
1001
SUPPORT_DISTRIBUTION_UV
1000
clean_dxf_export_v1
1000
background
1000
column
1000
ES-中間樁NO
1000
confirmed_engineering_model
1000
C19
1071
1617
  0
LINE
  5
6E5
330
17
100
AcDbEntity
  8
ES-中間樁NO
100
AcDbLine
 10
429788.2842700149
 20
-711888.5676213553
 30
0.0
 11
429788.28982824954
 21
-712302.5730586128
 31
0.0
1001
SUPPORT_DISTRIBUTION_UV
1000
clean_dxf_export_v1
1000
background
1000
column
1000
ES-中間樁NO
1000
confirmed_engineering_model
1000
C20
1071
1618
  0
LINE
  5
6E6
330
17
100
AcDbEntity
  8
ES-中間樁NO
100
AcDbLine
 10
379787.2251746112
 20
-717353.5977804855
 30
0.0
 11
379789.3490536772
 21
-716937.5411848961
 31
0.0
1001
SUPPORT_DISTRIBUTION_UV
1000
clean_dxf_export_v1
1000
background
1000
column
1000
ES-中間樁NO
1000
confirmed_engineering_model
1000
C21
1071
1619
  0
LINE
  5
6E7
330
17
100
AcDbEntity
  8
ES-中間樁NO
100
AcDbLine
 10
373787.2486833002
 20
-711453.576099689
 30
0.0
 11
373789.3255433671
 21
-711037.5645809171
 31
0.0
1001
SUPPORT_DISTRIBUTION_UV
1000
clean_dxf_export_v1
1000
background
1000
column
1000
ES-中間樁NO
1000
confirmed_engineering_model
1000
C22
1071
1620
  0
LINE
  5
6E8
330
17
100
AcDbEntity
  8
ES-中間樁NO
100
AcDbLine
 10
403273.0486937901
 20
-711465.5434333876
 30
0.0
 11
403303.5272327941
 21
-711025.5973732003
 31
0.0
1001
SUPPORT_DISTRIBUTION_UV
1000
clean_dxf_export_v1
1000
background
1000
column
1000
ES-中間樁NO
1000
confirmed_engineering_model
1000
C23
1071
1621
  0
LINE
  5
6E9
330
17
100
AcDbEntity
  8
ES-中間樁NO
100
AcDbLine
 10
362787.27102506097
 20
-717203.5538116794
 30
0.0
 11
362789.3031973197
 21
-716787.585153645
 31
0.0
1001
SUPPORT_DISTRIBUTION_UV
1000
clean_dxf_export_v1
1000
background
1000
column
1000
ES-中間樁NO
1000
confirmed_engineering_model
1000
C24
1071
1622
  0
LINE
  5
6EA
330
17
100
AcDbEntity
  8
ES-中間樁NO
100
AcDbLine
 10
350787.30761595914
 20
-716503.5186947603
 30
0.0
 11
350789.26660182426
 21
-716087.6202705208
 31
0.0
1001
SUPPORT_DISTRIBUTION_UV
1000
clean_dxf_export_v1
1000
background
1000
column
1000
ES-中間樁NO
1000
confirmed_engineering_model
1000
C25
1071
1623
  0
LINE
  5
6EB
330
17
100
AcDbEntity
  8
ES-中間樁NO
100
AcDbLine
 10
385786.1126623219
 20
-711454.6537765685
 30
0.0
 11
385790.4617025851
 21
-711036.4869061664
 31
0.0
1001
SUPPORT_DISTRIBUTION_UV
1000
clean_dxf_export_v1
1000
background
1000
column
1000
ES-中間樁NO
1000
confirmed_engineering_model
1000
C26
1071
1624
  0
LINE
  5
6EC
330
17
100
AcDbEntity
  8
ES-中間樁NO
100
AcDbLine
 10
368786.2127801295
 20
-711454.5597347523
 30
0.0
 11
368790.3615728481
 21
-711036.580947738
 31
0.0
1001
SUPPORT_DISTRIBUTION_UV
1000
clean_dxf_export_v1
1000
background
1000
column
1000
ES-中間樁NO
1000
confirmed_engineering_model
1000
C27
1071
1625
  0
LINE
  5
6ED
330
17
100
AcDbEntity
  8
ES-中間樁NO
100
AcDbLine
 10
356785.2124992951
 20
-717205.4904890106
 30
0.0
 11
356791.3619716808
 21
-716785.6484811606
 31
0.0
1001
SUPPORT_DISTRIBUTION_UV
1000
clean_dxf_export_v1
1000
background
1000
column
1000
ES-中間樁NO
1000
confirmed_engineering_model
1000
C28
1071
1626
  0
LINE
  5
6EE
330
17
100
AcDbEntity
  8
ES-中間樁NO
100
AcDbLine
 10
342285.34172856144
 20
-716505.371120246
 30
0.0
 11
342291.2327275868
 21
-716085.767849491
 31
0.0
1001
SUPPORT_DISTRIBUTION_UV
1000
clean_dxf_export_v1
1000
background
1000
column
1000
ES-中間樁NO
1000
confirmed_engineering_model
1000
C29
1071
1627
  0
LINE
  5
6EF
330
17
100
AcDbEntity
  8
ES-中間樁NO
100
AcDbLine
 10
385776.2668942239
 20
-717363.0957263137
 30
0.0
 11
385800.30863885547
 21
-716928.0433176641
 31
0.0
1001
SUPPORT_DISTRIBUTION_UV
1000
clean_dxf_export_v1
1000
background
1000
column
1000
ES-中間樁NO
1000
confirmed_engineering_model
1000
C30
1071
1628
  0
LINE
  5
6F0
330
17
100
AcDbEntity
  8
ES-C250x90
100
AcDbLine
 10
349788.2870494365
 20
-711843.6998834199
 30
0.0
 11
350993.5942346492
 21
-711843.6998834199
 31
0.0
1001
SUPPORT_DISTRIBUTION_UV
1000
clean_dxf_export_v1
1000
background
1000
beam
1000
ES-C250x90
1000
confirmed_engineering_model
1000
BM1
1071
1629
  0
LINE
  5
6F1
330
17
100
AcDbEntity
  8
ES-C250x90
100
AcDbLine
 10
350993.5942346492
 20
-711843.6998834199
 30
0.0
 11
356582.36293914483
 21
-711143.6998834199
 31
0.0
1001
SUPPORT_DISTRIBUTION_UV
1000
clean_dxf_export_v1
1000
background
1000
beam
1000
ES-C250x90
1000
confirmed_engineering_model
1000
BM1
1071
1630
  0
LINE
  5
6F2
330
17
100
AcDbEntity
  8
ES-C250x90
100
AcDbLine
 10
356582.36293914483
 20
-711143.6998834199
 30
0.0
 11
362991.3903026949
 21
-711143.6998834199
 31
0.0
1001
SUPPORT_DISTRIBUTION_UV
1000
clean_dxf_export_v1
1000
background
1000
beam
1000
ES-C250x90
1000
confirmed_engineering_model
1000
BM1
1071
1631
  0
LINE
  5
6F3
330
17
100
AcDbEntity
  8
ES-C250x90
100
AcDbLine
 10
362991.3903026949
 20
-711143.6998834199
 30
0.0
 11
368585.05006090517
 21
-710993.6998834199
 31
0.0
1001
SUPPORT_DISTRIBUTION_UV
1000
clean_dxf_export_v1
1000
background
1000
beam
1000
ES-C250x90
1000
confirmed_engineering_model
1000
BM1
1071
1632
  0
LINE
  5
6F4
330
17
100
AcDbEntity
  8
ES-C250x90
100
AcDbLine
 10
368585.05006090517
 20
-710993.6998834199
 30
0.0
 11
369788.2870494365
 21
-710993.6998834199
 31
0.0
1001
SUPPORT_DISTRIBUTION_UV
1000
clean_dxf_export_v1
1000
background
1000
beam
1000
ES-C250x90
1000
confirmed_engineering_model
1000
BM1
1071
1633
  0
LINE
  5
6F5
330
17
100
AcDbEntity
  8
ES-C250x90
100
AcDbLine
 10
349788.2870494365
 20
-712347.570339984
 30
0.0
 11
350993.5942346492
 21
-712347.570339984
 31
0.0
1001
SUPPORT_DISTRIBUTION_UV
1000
clean_dxf_export_v1
1000
background
1000
beam
1000
ES-C250x90
1000
confirmed_engineering_model
1000
BM2
1071
1634
  0
LINE
  5
6F6
330
17
100
AcDbEntity
  8
ES-C250x90
100
AcDbLine
 10
350993.5942346492
 20
-712347.570339984
 30
0.0
 11
356582.36293914483
 21
-711647.570339984
 31
0.0
1001
SUPPORT_DISTRIBUTION_UV
1000
clean_dxf_export_v1
1000
background
1000
beam
1000
ES-C250x90
1000
confirmed_engineering_model
1000
BM2
1071
1635
  0
LINE
  5
6F7
330
17
100
AcDbEntity
  8
ES-C250x90
100
AcDbLine
 10
356582.36293914483
 20
-711647.570339984
 30
0.0
 11
362991.3903026949
 21
-711647.570339984
 31
0.0
1001
SUPPORT_DISTRIBUTION_UV
1000
clean_dxf_export_v1
1000
background
1000
beam
1000
ES-C250x90
1000
confirmed_engineering_model
1000
BM2
1071
1636
  0
LINE
  5
6F8
330
17
100
AcDbEntity
  8
ES-C250x90
100
AcDbLine
 10
362991.3903026949
 20
-711647.570339984
 30
0.0
 11
368585.05006090517
 21
-711497.570339984
 31
0.0
1001
SUPPORT_DISTRIBUTION_UV
1000
clean_dxf_export_v1
1000
background
1000
beam
1000
ES-C250x90
1000
confirmed_engineering_model
1000
BM2
1071
1637
  0
LINE
  5
6F9
330
17
100
AcDbEntity
  8
ES-C250x90
100
AcDbLine
 10
368585.05006090517
 20
-711497.570339984
 30
0.0
 11
369788.2870494365
 21
-711497.570339984
 31
0.0
1001
SUPPORT_DISTRIBUTION_UV
1000
clean_dxf_export_v1
1000
background
1000
beam
1000
ES-C250x90
1000
confirmed_engineering_model
1000
BM2
1071
1638
  0
LINE
  5
6FA
330
17
100
AcDbEntity
  8
ES-C250x90
100
AcDbLine
 10
372788.2870494365
 20
-710993.570339984
 30
0.0
 11
398288.2870494365
 21
-710993.570339984
 31
0.0
1001
SUPPORT_DISTRIBUTION_UV
1000
clean_dxf_export_v1
1000
background
1000
beam
1000
ES-C250x90
1000
confirmed_engineering_model
1000
BM3
1071
1639
  0
LINE
  5
6FB
330
17
100
AcDbEntity
  8
ES-C250x90
100
AcDbLine
 10
372788.2870494365
 20
-711497.570339984
 30
0.0
 11
398288.2870494365
 21
-711497.570339984
 31
0.0
1001
SUPPORT_DISTRIBUTION_UV
1000
clean_dxf_export_v1
1000
background
1000
beam
1000
ES-C250x90
1000
confirmed_engineering_model
1000
BM4
1071
1640
  0
LINE
  5
6FC
330
17
100
AcDbEntity
  8
ES-C250x90
100
AcDbLine
 10
402288.2870494365
 20
-710993.570339984
 30
0.0
 11
403491.52403796784
 21
-710993.570339984
 31
0.0
1001
SUPPORT_DISTRIBUTION_UV
1000
clean_dxf_export_v1
1000
background
1000
beam
1000
ES-C250x90
1000
confirmed_engineering_model
1000
BM5
1071
1641
  0
LINE
  5
6FD
330
17
100
AcDbEntity
  8
ES-C250x90
100
AcDbLine
 10
403491.52403796784
 20
-710993.570339984
 30
0.0
 11
409085.183796178
 21
-711143.570339984
 31
0.0
1001
SUPPORT_DISTRIBUTION_UV
1000
clean_dxf_export_v1
1000
background
1000
beam
1000
ES-C250x90
1000
confirmed_engineering_model
1000
BM5
1071
1642
  0
LINE
  5
6FE
330
17
100
AcDbEntity
  8
ES-C250x90
100
AcDbLine
 10
409085.183796178
 20
-711143.570339984
 30
0.0
 11
415494.2111597282
 21
-711143.570339984
 31
0.0
1001
SUPPORT_DISTRIBUTION_UV
1000
clean_dxf_export_v1
1000
background
1000
beam
1000
ES-C250x90
1000
confirmed_engineering_model
1000
BM5
1071
1643
  0
LINE
  5
6FF
330
17
100
AcDbEntity
  8
ES-C250x90
100
AcDbLine
 10
415494.2111597282
 20
-711143.570339984
 30
0.0
 11
421082.9798642237
 21
-711843.570339984
 31
0.0
1001
SUPPORT_DISTRIBUTION_UV
1000
clean_dxf_export_v1
1000
background
1000
beam
1000
ES-C250x90
1000
confirmed_engineering_model
1000
BM5
1071
1644
  0
LINE
  5
700
330
17
100
AcDbEntity
  8
ES-C250x90
100
AcDbLine
 10
421082.9798642237
 20
-711843.570339984
 30
0.0
 11
422288.2870494364
 21
-711843.570339984
 31
0.0
1001
SUPPORT_DISTRIBUTION_UV
1000
clean_dxf_export_v1
1000
background
1000
beam
1000
ES-C250x90
1000
confirmed_engineering_model
1000
BM5
1071
1645
  0
LINE
  5
701
330
17
100
AcDbEntity
  8
ES-C250x90
100
AcDbLine
 10
402288.2870494365
 20
-711497.570339984
 30
0.0
 11
403491.52403796784
 21
-711497.570339984
 31
0.0
1001
SUPPORT_DISTRIBUTION_UV
1000
clean_dxf_export_v1
1000
background
1000
beam
1000
ES-C250x90
1000
confirmed_engineering_model
1000
BM6
1071
1646
  0
LINE
  5
702
330
17
100
AcDbEntity
  8
ES-C250x90
100
AcDbLine
 10
403491.52403796784
 20
-711497.570339984
 30
0.0
 11
409085.183796178
 21
-711647.570339984
 31
0.0
1001
SUPPORT_DISTRIBUTION_UV
1000
clean_dxf_export_v1
1000
background
1000
beam
1000
ES-C250x90
1000
confirmed_engineering_model
1000
BM6
1071
1647
  0
LINE
  5
703
330
17
100
AcDbEntity
  8
ES-C250x90
100
AcDbLine
 10
409085.183796178
 20
-711647.570339984
 30
0.0
 11
415494.2111597282
 21
-711647.570339984
 31
0.0
1001
SUPPORT_DISTRIBUTION_UV
1000
clean_dxf_export_v1
1000
background
1000
beam
1000
ES-C250x90
1000
confirmed_engineering_model
1000
BM6
1071
1648
  0
LINE
  5
704
330
17
100
AcDbEntity
  8
ES-C250x90
100
AcDbLine
 10
415494.2111597282
 20
-711647.570339984
 30
0.0
 11
421082.9798642237
 21
-712347.570339984
 31
0.0
1001
SUPPORT_DISTRIBUTION_UV
1000
clean_dxf_export_v1
1000
background
1000
beam
1000
ES-C250x90
1000
confirmed_engineering_model
1000
BM6
1071
1649
  0
LINE
  5
705
330
17
100
AcDbEntity
  8
ES-C250x90
100
AcDbLine
 10
421082.9798642237
 20
-712347.570339984
 30
0.0
 11
422288.2870494364
 21
-712347.570339984
 31
0.0
1001
SUPPORT_DISTRIBUTION_UV
1000
clean_dxf_export_v1
1000
background
1000
beam
1000
ES-C250x90
1000
confirmed_engineering_model
1000
BM6
1071
1650
  0
LINE
  5
706
330
17
100
AcDbEntity
  8
ES-C250x90
100
AcDbLine
 10
337788.2870494365
 20
-716043.5694823605
 30
0.0
 11
342490.7870494365
 21
-716043.5694823605
 31
0.0
1001
SUPPORT_DISTRIBUTION_UV
1000
clean_dxf_export_v1
1000
background
1000
beam
1000
ES-C250x90
1000
confirmed_engineering_model
1000
BM7
1071
1651
  0
LINE
  5
707
330
17
100
AcDbEntity
  8
ES-C250x90
100
AcDbLine
 10
429585.7870496143
 20
-712347.5703428714
 30
0.0
 11
434288.2870494676
 21
-712347.5703396103
 31
0.0
1001
SUPPORT_DISTRIBUTION_UV
1000
clean_dxf_export_v1
1000
background
1000
beam
1000
ES-C250x90
1000
confirmed_engineering_model
1000
BM8
1071
1652
  0
LINE
  5
708
330
17
100
AcDbEntity
  8
ES-C250x90
100
AcDbLine
 10
337788.2870494365
 20
-716547.5694823605
 30
0.0
 11
342490.7870494365
 21
-716547.5694823605
 31
0.0
1001
SUPPORT_DISTRIBUTION_UV
1000
clean_dxf_export_v1
1000
background
1000
beam
1000
ES-C250x90
1000
confirmed_engineering_model
1000
BM9
1071
1653
  0
LINE
  5
709
330
17
100
AcDbEntity
  8
ES-C250x90
100
AcDbLine
 10
337788.2870494365
 20
-711843.570339984
 30
0.0
 11
342490.7870494365
 21
-711843.570339984
 31
0.0
1001
SUPPORT_DISTRIBUTION_UV
1000
clean_dxf_export_v1
1000
background
1000
beam
1000
ES-C250x90
1000
confirmed_engineering_model
1000
BM10
1071
1654
  0
LINE
  5
70A
330
17
100
AcDbEntity
  8
ES-C250x90
100
AcDbLine
 10
337788.2870494365
 20
-712347.570339984
 30
0.0
 11
342490.7870494365
 21
-712347.570339984
 31
0.0
1001
SUPPORT_DISTRIBUTION_UV
1000
clean_dxf_export_v1
1000
background
1000
beam
1000
ES-C250x90
1000
confirmed_engineering_model
1000
BM11
1071
1655
  0
LINE
  5
70B
330
17
100
AcDbEntity
  8
ES-C250x90
100
AcDbLine
 10
349788.2870494337
 20
-716547.4399389229
 30
0.0
 11
350993.5942346464
 21
-716547.4399389243
 31
0.0
1001
SUPPORT_DISTRIBUTION_UV
1000
clean_dxf_export_v1
1000
background
1000
beam
1000
ES-C250x90
1000
confirmed_engineering_model
1000
BM12
1071
1656
  0
LINE
  5
70C
330
17
100
AcDbEntity
  8
ES-C250x90
100
AcDbLine
 10
350993.5942346464
 20
-716547.4399389243
 30
0.0
 11
356582.36293914117
 21
-717247.439938931
 31
0.0
1001
SUPPORT_DISTRIBUTION_UV
1000
clean_dxf_export_v1
1000
background
1000
beam
1000
ES-C250x90
1000
confirmed_engineering_model
1000
BM12
1071
1657
  0
LINE
  5
70D
330
17
100
AcDbEntity
  8
ES-C250x90
100
AcDbLine
 10
356582.36293914117
 20
-717247.439938931
 30
0.0
 11
362991.3903026913
 21
-717247.4399389387
 31
0.0
1001
SUPPORT_DISTRIBUTION_UV
1000
clean_dxf_export_v1
1000
background
1000
beam
1000
ES-C250x90
1000
confirmed_engineering_model
1000
BM12
1071
1658
  0
LINE
  5
70E
330
17
100
AcDbEntity
  8
ES-C250x90
100
AcDbLine
 10
362991.3903026913
 20
-717247.4399389387
 30
0.0
 11
368585.0500609013
 21
-717397.4399389453
 31
0.0
1001
SUPPORT_DISTRIBUTION_UV
1000
clean_dxf_export_v1
1000
background
1000
beam
1000
ES-C250x90
1000
confirmed_engineering_model
1000
BM12
1071
1659
  0
LINE
  5
70F
330
17
100
AcDbEntity
  8
ES-C250x90
100
AcDbLine
 10
368585.0500609013
 20
-717397.4399389453
 30
0.0
 11
369788.28704943263
 21
-717397.4399389469
 31
0.0
1001
SUPPORT_DISTRIBUTION_UV
1000
clean_dxf_export_v1
1000
background
1000
beam
1000
ES-C250x90
1000
confirmed_engineering_model
1000
BM12
1071
1660
  0
LINE
  5
710
330
17
100
AcDbEntity
  8
ES-C250x90
100
AcDbLine
 10
349788.28704943426
 20
-716043.5694823588
 30
0.0
 11
350993.594234647
 21
-716043.5694823602
 31
0.0
1001
SUPPORT_DISTRIBUTION_UV
1000
clean_dxf_export_v1
1000
background
1000
beam
1000
ES-C250x90
1000
confirmed_engineering_model
1000
BM13
1071
1661
  0
LINE
  5
711
330
17
100
AcDbEntity
  8
ES-C250x90
100
AcDbLine
 10
350993.594234647
 20
-716043.5694823602
 30
0.0
 11
356582.3629391418
 21
-716743.5694823669
 31
0.0
1001
SUPPORT_DISTRIBUTION_UV
1000
clean_dxf_export_v1
1000
background
1000
beam
1000
ES-C250x90
1000
confirmed_engineering_model
1000
BM13
1071
1662
  0
LINE
  5
712
330
17
100
AcDbEntity
  8
ES-C250x90
100
AcDbLine
 10
356582.3629391418
 20
-716743.5694823669
 30
0.0
 11
362991.3903026919
 21
-716743.5694823746
 31
0.0
1001
SUPPORT_DISTRIBUTION_UV
1000
clean_dxf_export_v1
1000
background
1000
beam
1000
ES-C250x90
1000
confirmed_engineering_model
1000
BM13
1071
1663
  0
LINE
  5
713
330
17
100
AcDbEntity
  8
ES-C250x90
100
AcDbLine
 10
362991.3903026919
 20
-716743.5694823746
 30
0.0
 11
368585.0500609019
 21
-716893.5694823812
 31
0.0
1001
SUPPORT_DISTRIBUTION_UV
1000
clean_dxf_export_v1
1000
background
1000
beam
1000
ES-C250x90
1000
confirmed_engineering_model
1000
BM13
1071
1664
  0
LINE
  5
714
330
17
100
AcDbEntity
  8
ES-C250x90
100
AcDbLine
 10
368585.0500609019
 20
-716893.5694823812
 30
0.0
 11
369788.2870494333
 21
-716893.5694823827
 31
0.0
1001
SUPPORT_DISTRIBUTION_UV
1000
clean_dxf_export_v1
1000
background
1000
beam
1000
ES-C250x90
1000
confirmed_engineering_model
1000
BM13
1071
1665
  0
LINE
  5
715
330
17
100
AcDbEntity
  8
ES-C250x90
100
AcDbLine
 10
372788.2870494365
 20
-717397.5694823619
 30
0.0
 11
398288.2870494365
 21
-717397.5694823619
 31
0.0
1001
SUPPORT_DISTRIBUTION_UV
1000
clean_dxf_export_v1
1000
background
1000
beam
1000
ES-C250x90
1000
confirmed_engineering_model
1000
BM14
1071
1666
  0
LINE
  5
716
330
17
100
AcDbEntity
  8
ES-C250x90
100
AcDbLine
 10
372788.2870494365
 20
-716893.5694823619
 30
0.0
 11
398288.2870494365
 21
-716893.5694823619
 31
0.0
1001
SUPPORT_DISTRIBUTION_UV
1000
clean_dxf_export_v1
1000
background
1000
beam
1000
ES-C250x90
1000
confirmed_engineering_model
1000
BM15
1071
1667
  0
LINE
  5
717
330
17
100
AcDbEntity
  8
ES-C250x90
100
AcDbLine
 10
402288.2870494365
 20
-717397.5694823621
 30
0.0
 11
403491.52403796784
 21
-717397.5694823621
 31
0.0
1001
SUPPORT_DISTRIBUTION_UV
1000
clean_dxf_export_v1
1000
background
1000
beam
1000
ES-C250x90
1000
confirmed_engineering_model
1000
BM16
1071
1668
  0
LINE
  5
718
330
17
100
AcDbEntity
  8
ES-C250x90
100
AcDbLine
 10
403491.52403796784
 20
-717397.5694823621
 30
0.0
 11
409085.183796178
 21
-717247.5694823621
 31
0.0
1001
SUPPORT_DISTRIBUTION_UV
1000
clean_dxf_export_v1
1000
background
1000
beam
1000
ES-C250x90
1000
confirmed_engineering_model
1000
BM16
1071
1669
  0
LINE
  5
719
330
17
100
AcDbEntity
  8
ES-C250x90
100
AcDbLine
 10
409085.183796178
 20
-717247.5694823621
 30
0.0
 11
415494.2111597282
 21
-717247.5694823621
 31
0.0
1001
SUPPORT_DISTRIBUTION_UV
1000
clean_dxf_export_v1
1000
background
1000
beam
1000
ES-C250x90
1000
confirmed_engineering_model
1000
BM16
1071
1670
  0
LINE
  5
71A
330
17
100
AcDbEntity
  8
ES-C250x90
100
AcDbLine
 10
415494.2111597282
 20
-717247.5694823621
 30
0.0
 11
421082.9798642237
 21
-716547.5694823621
 31
0.0
1001
SUPPORT_DISTRIBUTION_UV
1000
clean_dxf_export_v1
1000
background
1000
beam
1000
ES-C250x90
1000
confirmed_engineering_model
1000
BM16
1071
1671
  0
LINE
  5
71B
330
17
100
AcDbEntity
  8
ES-C250x90
100
AcDbLine
 10
421082.9798642237
 20
-716547.5694823621
 30
0.0
 11
422288.2870494364
 21
-716547.5694823621
 31
0.0
1001
SUPPORT_DISTRIBUTION_UV
1000
clean_dxf_export_v1
1000
background
1000
beam
1000
ES-C250x90
1000
confirmed_engineering_model
1000
BM16
1071
1672
  0
LINE
  5
71C
330
17
100
AcDbEntity
  8
ES-C250x90
100
AcDbLine
 10
402288.2870494365
 20
-716893.5694823621
 30
0.0
 11
403491.52403796784
 21
-716893.5694823621
 31
0.0
1001
SUPPORT_DISTRIBUTION_UV
1000
clean_dxf_export_v1
1000
background
1000
beam
1000
ES-C250x90
1000
confirmed_engineering_model
1000
BM17
1071
1673
  0
LINE
  5
71D
330
17
100
AcDbEntity
  8
ES-C250x90
100
AcDbLine
 10
403491.52403796784
 20
-716893.5694823621
 30
0.0
 11
409085.183796178
 21
-716743.5694823621
 31
0.0
1001
SUPPORT_DISTRIBUTION_UV
1000
clean_dxf_export_v1
1000
background
1000
beam
1000
ES-C250x90
1000
confirmed_engineering_model
1000
BM17
1071
1674
  0
LINE
  5
71E
330
17
100
AcDbEntity
  8
ES-C250x90
100
AcDbLine
 10
409085.183796178
 20
-716743.5694823621
 30
0.0
 11
415494.2111597282
 21
-716743.5694823621
 31
0.0
1001
SUPPORT_DISTRIBUTION_UV
1000
clean_dxf_export_v1
1000
background
1000
beam
1000
ES-C250x90
1000
confirmed_engineering_model
1000
BM17
1071
1675
  0
LINE
  5
71F
330
17
100
AcDbEntity
  8
ES-C250x90
100
AcDbLine
 10
415494.2111597282
 20
-716743.5694823621
 30
0.0
 11
421082.9798642237
 21
-716043.5694823621
 31
0.0
1001
SUPPORT_DISTRIBUTION_UV
1000
clean_dxf_export_v1
1000
background
1000
beam
1000
ES-C250x90
1000
confirmed_engineering_model
1000
BM17
1071
1676
  0
LINE
  5
720
330
17
100
AcDbEntity
  8
ES-C250x90
100
AcDbLine
 10
421082.9798642237
 20
-716043.5694823621
 30
0.0
 11
422288.2870494364
 21
-716043.5694823621
 31
0.0
1001
SUPPORT_DISTRIBUTION_UV
1000
clean_dxf_export_v1
1000
background
1000
beam
1000
ES-C250x90
1000
confirmed_engineering_model
1000
BM17
1071
1677
  0
LINE
  5
721
330
17
100
AcDbEntity
  8
ES-C250x90
100
AcDbLine
 10
429585.7870496143
 20
-711843.5703370967
 30
0.0
 11
434288.2870494676
 21
-711843.5703403577
 31
0.0
1001
SUPPORT_DISTRIBUTION_UV
1000
clean_dxf_export_v1
1000
background
1000
beam
1000
ES-C250x90
1000
confirmed_engineering_model
1000
BM18
1071
1678
  0
LINE
  5
722
330
17
100
AcDbEntity
  8
ES-C250x90
100
AcDbLine
 10
429585.78704960865
 20
-716043.5694794704
 30
0.0
 11
434288.287049462
 21
-716043.569482746
 31
0.0
1001
SUPPORT_DISTRIBUTION_UV
1000
clean_dxf_export_v1
1000
background
1000
beam
1000
ES-C250x90
1000
confirmed_engineering_model
1000
BM19
1071
1679
  0
LINE
  5
723
330
17
100
AcDbEntity
  8
ES-C250x90
100
AcDbLine
 10
429585.7870496071
 20
-716547.569485245
 30
0.0
 11
434288.2870494604
 21
-716547.5694819986
 31
0.0
1001
SUPPORT_DISTRIBUTION_UV
1000
clean_dxf_export_v1
1000
background
1000
beam
1000
ES-C250x90
1000
confirmed_engineering_model
1000
BM20
1071
1680
  0
DIMENSION
  5
76F
330
17
100
AcDbEntity
  8
SD_RESULT_WALER
100
AcDbDimension
280
0
  2
*D1
  3
SUPPORT_SEGMENT
 10
337588.2870494365
 20
-725295.5694823606
 30
0.0
 11
337588.2870494365
 21
-722545.5694823606
 31
0.0
 70
32
 71
5
  1
<>
100
AcDbAlignedDimension
 13
338238.2870494365
 23
-725295.5694823606
 33
0.0
 14
338238.2870494365
 24
-719795.5694823606
 34
0.0
 50
90.0
100
AcDbRotatedDimension
1001
SUPPORT_DISTRIBUTION_UV
1000
dxf_result_export_v1
1000
waler
1000
W1
1000
W1-方案1
1000
dimension
1071
1
  0
DIMENSION
  5
77F
330
17
100
AcDbEntity
  8
SD_RESULT_WALER
100
AcDbDimension
280
0
  2
*D2
  3
SUPPORT_SEGMENT
 10
337588.2870494365
 20
-719795.5694823606
 30
0.0
 11
337588.2870494365
 21
-715795.5694823606
 31
0.0
 70
32
 71
5
  1
<>
100
AcDbAlignedDimension
 13
338238.2870494365
 23
-719795.5694823606
 33
0.0
 14
338238.2870494365
 24
-711795.5694823606
 34
0.0
 50
90.0
100
AcDbRotatedDimension
1001
SUPPORT_DISTRIBUTION_UV
1000
dxf_result_export_v1
1000
waler
1000
W1
1000
W1-方案1
1000
dimension
1071
2
  0
DIMENSION
  5
78F
330
17
100
AcDbEntity
  8
SD_RESULT_WALER
100
AcDbDimension
280
0
  2
*D3
  3
SUPPORT_SEGMENT
 10
337588.2870494365
 20
-711795.5694823606
 30
0.0
 11
337588.2870494365
 21
-707545.5694823606
 31
0.0
 70
32
 71
5
  1
<>
100
AcDbAlignedDimension
 13
338238.2870494365
 23
-711795.5694823606
 33
0.0
 14
338238.2870494365
 24
-703295.5694823606
 34
0.0
 50
90.0
100
AcDbRotatedDimension
1001
SUPPORT_DISTRIBUTION_UV
1000
dxf_result_export_v1
1000
waler
1000
W1
1000
W1-方案1
1000
dimension
1071
3
  0
DIMENSION
  5
79F
330
17
100
AcDbEntity
  8
SD_RESULT_WALER
100
AcDbDimension
280
0
  2
*D4
  3
SUPPORT_SEGMENT
 10
337588.2870494365
 20
-703295.5694823606
 30
0.0
 11
337238.2870494365
 21
-703195.5694823606
 31
0.0
 70
32
 71
5
  1
調整塊 <>
100
AcDbAlignedDimension
 13
338238.2870494365
 23
-703295.5694823606
 33
0.0
 14
338238.2870494365
 24
-703095.5694823606
 34
0.0
 50
90.0
100
AcDbRotatedDimension
1001
SUPPORT_DISTRIBUTION_UV
1000
dxf_result_export_v1
1000
waler
1000
W1
1000
W1-方案1
1000
dimension
1071
4
  0
DIMENSION
  5
7B0
330
17
100
AcDbEntity
  8
SD_RESULT_SUPPORT
100
AcDbDimension
280
0
  2
*D5
  3
SUPPORT_SEGMENT
 10
341138.2870494365
 20
-724845.5055624783
 30
0.0
 11
341138.28704944963
 21
-720095.5055624783
 31
0.0
 70
32
 71
5
  1
<>
100
AcDbAlignedDimension
 13
341788.2870494365
 23
-724845.5055624783
 33
0.0
 14
341788.28704946284
 24
-715345.5055624783
 34
0.0
 50
89.99999999984108
100
AcDbRotatedDimension
1001
SUPPORT_DISTRIBUTION_UV
1000
dxf_result_export_v1
1000
strut
1000
S1
1000
DXF
1000
dimension
1071
1
  0
INSERT
  5
7C0
330
17
100
AcDbEntity
  8
SD_RESULT_SUPPORT
100
AcDbBlockReference
  2
SUPPORT_JACK
 10
341788.28704946284
 20
-715345.5055624783
 30
0.0
 50
89.99999999984108
1001
SUPPORT_DISTRIBUTION_UV
1000
dxf_result_export_v1
1000
strut
1000
S1
1000
DXF
1000
jack
1071
2
  0
DIMENSION
  5
7C2
330
17
100
AcDbEntity
  8
SD_RESULT_SUPPORT
100
AcDbDimension
280
0
  2
*D6
  3
SUPPORT_SEGMENT
 10
341138.2870494645
 20
-714745.5055624783
 30
0.0
 11
340788.28704946465
 21
-714695.4899374774
 31
0.0
 70
32
 71
5
  1
調整塊 <>
100
AcDbAlignedDimension
 13
341788.2870494645
 23
-714745.5055624783
 33
0.0
 14
341788.28704946477
 24
-714645.5055624783
 34
0.0
 50
89.99999999984108
100
AcDbRotatedDimension
1001
SUPPORT_DISTRIBUTION_UV
1000
dxf_result_export_v1
1000
strut
1000
S1
1000
DXF
1000
dimension
1071
3
  0
DIMENSION
  5
7D3
330
17
100
AcDbEntity
  8
SD_RESULT_SUPPORT
100
AcDbDimension
280
0
  2
*D7
  3
SUPPORT_SEGMENT
 10
341138.28704946477
 20
-714645.5055624783
 30
0.0
 11
341138.2870494703
 21
-712645.5211874783
 31
0.0
 70
32
 71
5
  1
<>
100
AcDbAlignedDimension
 13
341788.28704946477
 23
-714645.5055624783
 33
0.0
 14
341788.2870494759
 24
-710645.5055624783
 34
0.0
 50
89.99999999984108
100
AcDbRotatedDimension
1001
SUPPORT_DISTRIBUTION_UV
1000
dxf_result_export_v1
1000
strut
1000
S1
1000
DXF
1000
dimension
1071
4
  0
DIMENSION
  5
7E3
330
17
100
AcDbEntity
  8
SD_RESULT_SUPPORT
100
AcDbDimension
280
0
  2
*D8
  3
SUPPORT_SEGMENT
 10
341138.2870494759
 20
-710645.5055624783
 30
0.0
 11
341138.28704948555
 21
-707145.5211874783
 31
0.0
 70
32
 71
5
  1
<>
100
AcDbAlignedDimension
 13
341788.2870494759
 23
-710645.5055624783
 33
0.0
 14
341788.28704949527
 24
-703645.5055624783
 34
0.0
 50
89.99999999984108
100
AcDbRotatedDimension
1001
SUPPORT_DISTRIBUTION_UV
1000
dxf_result_export_v1
1000
strut
1000
S1
1000
DXF
1000
dimension
1071
5
  0
DIMENSION
  5
7F3
330
17
100
AcDbEntity
  8
SD_RESULT_SUPPORT
100
AcDbDimension
280
0
  2
*D9
  3
SUPPORT_SEGMENT
 10
341138.28704949527
 20
-703645.5055624783
 30
0.0
 11
340788.28704949544
 21
-703595.5055624774
 31
0.0
 70
32
 71
5
  1
餘量 <>
100
AcDbAlignedDimension
 13
341788.28704949527
 23
-703645.5055624783
 33
0.0
 14
341788.28704949556
 24
-703545.5055624783
 34
0.0
 50
89.99999999984108
100
AcDbRotatedDimension
1001
SUPPORT_DISTRIBUTION_UV
1000
dxf_result_export_v1
1000
strut
1000
S1
1000
DXF
1000
dimension
1071
6
  0
DIMENSION
  5
804
330
17
100
AcDbEntity
  8
SD_RESULT_SUPPORT
100
AcDbDimension
280
0
  2
*D10
  3
SUPPORT_SEGMENT
 10
350638.2870494365
 20
-724845.5055624783
 30
0.0
 11
350638.2870494412
 21
-722845.5211874783
 31
0.0
 70
32
 71
5
  1
<>
100
AcDbAlignedDimension
 13
351288.2870494365
 23
-724845.5055624783
 33
0.0
 14
351288.2870494459
 24
-720845.5055624783
 34
0.0
 50
89.99999999986473
100
AcDbRotatedDimension
1001
SUPPORT_DISTRIBUTION_UV
1000
dxf_result_export_v1
1000
strut
1000
S2
1000
DXF
1000
dimension
1071
1
  0
DIMENSION
  5
814
330
17
100
AcDbEntity
  8
SD_RESULT_SUPPORT
100
AcDbDimension
280
0
  2
*D11
  3
SUPPORT_SEGMENT
 10
350638.2870494459
 20
-720845.5055624783
 30
0.0
 11
350638.2870494536
 21
-717595.4899374783
 31
0.0
 70
32
 71
5
  1
<>
100
AcDbAlignedDimension
 13
351288.2870494459
 23
-720845.5055624783
 33
0.0
 14
351288.2870494613
 24
-714345.5055624783
 34
0.0
 50
89.99999999986473
100
AcDbRotatedDimension
1001
SUPPORT_DISTRIBUTION_UV
1000
dxf_result_export_v1
1000
strut
1000
S2
1000
DXF
1000
dimension
1071
2
  0
INSERT
  5
824
330
17
100
AcDbEntity
  8
SD_RESULT_SUPPORT
100
AcDbBlockReference
  2
SUPPORT_JACK
 10
351288.2870494613
 20
-714345.5055624783
 30
0.0
 50
89.99999999986473
1001
SUPPORT_DISTRIBUTION_UV
1000
dxf_result_export_v1
1000
strut
1000
S2
1000
DXF
1000
jack
1071
3
  0
DIMENSION
  5
826
330
17
100
AcDbEntity
  8
SD_RESULT_SUPPORT
100
AcDbDimension
280
0
  2
*D12
  3
SUPPORT_SEGMENT
 10
350638.28704946267
 20
-713745.5055624783
 30
0.0
 11
350288.2870494628
 21
-713695.5055624775
 31
0.0
 70
32
 71
5
  1
調整塊 <>
100
AcDbAlignedDimension
 13
351288.28704946267
 23
-713745.5055624783
 33
0.0
 14
351288.2870494629
 24
-713645.5055624783
 34
0.0
 50
89.99999999986473
100
AcDbRotatedDimension
1001
SUPPORT_DISTRIBUTION_UV
1000
dxf_result_export_v1
1000
strut
1000
S2
1000
DXF
1000
dimension
1071
4
  0
DIMENSION
  5
837
330
17
100
AcDbEntity
  8
SD_RESULT_SUPPORT
100
AcDbDimension
280
0
  2
*D13
  3
SUPPORT_SEGMENT
 10
350638.2870494629
 20
-713645.5055624783
 30
0.0
 11
350638.2870494747
 21
-708645.5055624783
 31
0.0
 70
32
 71
5
  1
<>
100
AcDbAlignedDimension
 13
351288.2870494629
 23
-713645.5055624783
 33
0.0
 14
351288.28704948653
 24
-703645.5055624783
 34
0.0
 50
89.99999999986473
100
AcDbRotatedDimension
1001
SUPPORT_DISTRIBUTION_UV
1000
dxf_result_export_v1
1000
strut
1000
S2
1000
DXF
1000
dimension
1071
5
  0
DIMENSION
  5
847
330
17
100
AcDbEntity
  8
SD_RESULT_SUPPORT
100
AcDbDimension
280
0
  2
*D14
  3
SUPPORT_SEGMENT
 10
350638.28704948653
 20
-703645.5055624783
 30
0.0
 11
350288.28704948665
 21
-703595.5055624775
 31
0.0
 70
32
 71
5
  1
餘量 <>
100
AcDbAlignedDimension
 13
351288.28704948653
 23
-703645.5055624783
 33
0.0
 14
351288.28704948677
 24
-703545.5055624783
 34
0.0
 50
89.99999999986473
100
AcDbRotatedDimension
1001
SUPPORT_DISTRIBUTION_UV
1000
dxf_result_export_v1
1000
strut
1000
S2
1000
DXF
1000
dimension
1071
6
  0
DIMENSION
  5
858
330
17
100
AcDbEntity
  8
SD_RESULT_SUPPORT
100
AcDbDimension
280
0
  2
*D15
  3
SUPPORT_SEGMENT
 10
356638.2870494365
 20
-724845.5055624783
 30
0.0
 11
356638.28704944067
 21
-722845.5055624783
 31
0.0
 70
32
 71
5
  1
<>
100
AcDbAlignedDimension
 13
357288.2870494365
 23
-724845.5055624783
 33
0.0
 14
357288.28704944486
 24
-720845.5055624783
 34
0.0
 50
89.99999999987975
100
AcDbRotatedDimension
1001
SUPPORT_DISTRIBUTION_UV
1000
dxf_result_export_v1
1000
strut
1000
S3
1000
DXF
1000
dimension
1071
1
  0
DIMENSION
  5
868
330
17
100
AcDbEntity
  8
SD_RESULT_SUPPORT
100
AcDbDimension
280
0
  2
*D16
  3
SUPPORT_SEGMENT
 10
356638.28704944486
 20
-720845.5055624783
 30
0.0
 11
356638.28704945114
 21
-717845.5055624783
 31
0.0
 70
32
 71
5
  1
<>
100
AcDbAlignedDimension
 13
357288.28704944486
 23
-720845.5055624783
 33
0.0
 14
357288.2870494575
 24
-714845.5055624783
 34
0.0
 50
89.99999999987975
100
AcDbRotatedDimension
1001
SUPPORT_DISTRIBUTION_UV
1000
dxf_result_export_v1
1000
strut
1000
S3
1000
DXF
1000
dimension
1071
2
  0
INSERT
  5
878
330
17
100
AcDbEntity
  8
SD_RESULT_SUPPORT
100
AcDbBlockReference
  2
SUPPORT_JACK
 10
357288.2870494575
 20
-714845.5055624783
 30
0.0
 50
89.99999999987975
1001
SUPPORT_DISTRIBUTION_UV
1000
dxf_result_export_v1
1000
strut
1000
S3
1000
DXF
1000
jack
1071
3
  0
DIMENSION
  5
87A
330
17
100
AcDbEntity
  8
SD_RESULT_SUPPORT
100
AcDbDimension
280
0
  2
*D17
  3
SUPPORT_SEGMENT
 10
356638.2870494587
 20
-714245.5055624783
 30
0.0
 11
356288.2870494588
 21
-714195.5055624776
 31
0.0
 70
32
 71
5
  1
調整塊 <>
100
AcDbAlignedDimension
 13
357288.2870494587
 23
-714245.5055624783
 33
0.0
 14
357288.28704945894
 24
-714145.5055624783
 34
0.0
 50
89.99999999987975
100
AcDbRotatedDimension
1001
SUPPORT_DISTRIBUTION_UV
1000
dxf_result_export_v1
1000
strut
1000
S3
1000
DXF
1000
dimension
1071
4
  0
DIMENSION
  5
88B
330
17
100
AcDbEntity
  8
SD_RESULT_SUPPORT
100
AcDbDimension
280
0
  2
*D18
  3
SUPPORT_SEGMENT
 10
356638.28704945894
 20
-714145.5055624783
 30
0.0
 11
356638.28704946314
 21
-712145.5055624783
 31
0.0
 70
32
 71
5
  1
<>
100
AcDbAlignedDimension
 13
357288.28704945894
 23
-714145.5055624783
 33
0.0
 14
357288.2870494673
 24
-710145.5055624783
 34
0.0
 50
89.99999999987975
100
AcDbRotatedDimension
1001
SUPPORT_DISTRIBUTION_UV
1000
dxf_result_export_v1
1000
strut
1000
S3
1000
DXF
1000
dimension
1071
5
  0
DIMENSION
  5
89B
330
17
100
AcDbEntity
  8
SD_RESULT_SUPPORT
100
AcDbDimension
280
0
  2
*D19
  3
SUPPORT_SEGMENT
 10
356638.2870494673
 20
-710145.5055624783
 30
0.0
 11
356638.28704947414
 21
-706895.5055624783
 31
0.0
 70
32
 71
5
  1
<>
100
AcDbAlignedDimension
 13
357288.2870494673
 23
-710145.5055624783
 33
0.0
 14
357288.28704948095
 24
-703645.5055624783
 34
0.0
 50
89.99999999987975
100
AcDbRotatedDimension
1001
SUPPORT_DISTRIBUTION_UV
1000
dxf_result_export_v1
1000
strut
1000
S3
1000
DXF
1000
dimension
1071
6
  0
DIMENSION
  5
8AB
330
17
100
AcDbEntity
  8
SD_RESULT_SUPPORT
100
AcDbDimension
280
0
  2
*D20
  3
SUPPORT_SEGMENT
 10
356638.28704948095
 20
-703645.5055624783
 30
0.0
 11
356288.28704948106
 21
-703595.5055624776
 31
0.0
 70
32
 71
5
  1
餘量 <>
100
AcDbAlignedDimension
 13
357288.28704948095
 23
-703645.5055624783
 33
0.0
 14
357288.2870494812
 24
-703545.5055624783
 34
0.0
 50
89.99999999987975
100
AcDbRotatedDimension
1001
SUPPORT_DISTRIBUTION_UV
1000
dxf_result_export_v1
1000
strut
1000
S3
1000
DXF
1000
dimension
1071
7
  0
DIMENSION
  5
8BC
330
17
100
AcDbEntity
  8
SD_RESULT_SUPPORT
100
AcDbDimension
280
0
  2
*D21
  3
SUPPORT_SEGMENT
 10
362638.2870494365
 20
-724845.5055624783
 30
0.0
 11
362638.28704944474
 21
-720345.5055624783
 31
0.0
 70
32
 71
5
  1
<>
100
AcDbAlignedDimension
 13
363288.2870494365
 23
-724845.5055624783
 33
0.0
 14
363288.287049453
 24
-715845.5055624783
 34
0.0
 50
89.99999999989464
100
AcDbRotatedDimension
1001
SUPPORT_DISTRIBUTION_UV
1000
dxf_result_export_v1
1000
strut
1000
S4
1000
DXF
1000
dimension
1071
1
  0
INSERT
  5
8CC
330
17
100
AcDbEntity
  8
SD_RESULT_SUPPORT
100
AcDbBlockReference
  2
SUPPORT_JACK
 10
363288.287049453
 20
-715845.5055624783
 30
0.0
 50
89.99999999989464
1001
SUPPORT_DISTRIBUTION_UV
1000
dxf_result_export_v1
1000
strut
1000
S4
1000
DXF
1000
jack
1071
2
  0
DIMENSION
  5
8CE
330
17
100
AcDbEntity
  8
SD_RESULT_SUPPORT
100
AcDbDimension
280
0
  2
*D22
  3
SUPPORT_SEGMENT
 10
362638.2870494541
 20
-715245.5055624783
 30
0.0
 11
362288.28704945423
 21
-715195.5055624776
 31
0.0
 70
32
 71
5
  1
調整塊 <>
100
AcDbAlignedDimension
 13
363288.2870494541
 23
-715245.5055624783
 33
0.0
 14
363288.2870494543
 24
-715145.5055624783
 34
0.0
 50
89.99999999989464
100
AcDbRotatedDimension
1001
SUPPORT_DISTRIBUTION_UV
1000
dxf_result_export_v1
1000
strut
1000
S4
1000
DXF
1000
dimension
1071
3
  0
DIMENSION
  5
8DF
330
17
100
AcDbEntity
  8
SD_RESULT_SUPPORT
100
AcDbDimension
280
0
  2
*D23
  3
SUPPORT_SEGMENT
 10
362638.2870494543
 20
-715145.5055624783
 30
0.0
 11
362638.2870494612
 21
-711395.5055624783
 31
0.0
 70
32
 71
5
  1
<>
100
AcDbAlignedDimension
 13
363288.2870494543
 23
-715145.5055624783
 33
0.0
 14
363288.2870494681
 24
-707645.5055624783
 34
0.0
 50
89.99999999989464
100
AcDbRotatedDimension
1001
SUPPORT_DISTRIBUTION_UV
1000
dxf_result_export_v1
1000
strut
1000
S4
1000
DXF
1000
dimension
1071
4
  0
DIMENSION
  5
8EF
330
17
100
AcDbEntity
  8
SD_RESULT_SUPPORT
100
AcDbDimension
280
0
  2
*D24
  3
SUPPORT_SEGMENT
 10
362638.2870494681
 20
-707645.5055624783
 30
0.0
 11
362638.2870494718
 21
-705645.5055624783
 31
0.0
 70
32
 71
5
  1
<>
100
AcDbAlignedDimension
 13
363288.2870494681
 23
-707645.5055624783
 33
0.0
 14
363288.2870494755
 24
-703645.5055624783
 34
0.0
 50
89.99999999989464
100
AcDbRotatedDimension
1001
SUPPORT_DISTRIBUTION_UV
1000
dxf_result_export_v1
1000
strut
1000
S4
1000
DXF
1000
dimension
1071
5
  0
DIMENSION
  5
8FF
330
17
100
AcDbEntity
  8
SD_RESULT_SUPPORT
100
AcDbDimension
280
0
  2
*D25
  3
SUPPORT_SEGMENT
 10
362638.2870494755
 20
-703645.5055624783
 30
0.0
 11
362288.28704947553
 21
-703595.5055624776
 31
0.0
 70
32
 71
5
  1
餘量 <>
100
AcDbAlignedDimension
 13
363288.2870494755
 23
-703645.5055624783
 33
0.0
 14
363288.28704947565
 24
-703545.5055624783
 34
0.0
 50
89.99999999989464
100
AcDbRotatedDimension
1001
SUPPORT_DISTRIBUTION_UV
1000
dxf_result_export_v1
1000
strut
1000
S4
1000
DXF
1000
dimension
1071
6
  0
DIMENSION
  5
910
330
17
100
AcDbEntity
  8
SD_RESULT_SUPPORT
100
AcDbDimension
280
0
  2
*D26
  3
SUPPORT_SEGMENT
 10
368638.2870494365
 20
-724845.5055624783
 30
0.0
 11
368638.287049444
 21
-720095.5055624783
 31
0.0
 70
32
 71
5
  1
<>
100
AcDbAlignedDimension
 13
369288.2870494365
 23
-724845.5055624783
 33
0.0
 14
369288.28704945144
 24
-715345.5055624783
 34
0.0
 50
89.99999999990966
100
AcDbRotatedDimension
1001
SUPPORT_DISTRIBUTION_UV
1000
dxf_result_export_v1
1000
strut
1000
S5
1000
DXF
1000
dimension
1071
1
  0
INSERT
  5
920
330
17
100
AcDbEntity
  8
SD_RESULT_SUPPORT
100
AcDbBlockReference
  2
SUPPORT_JACK
 10
369288.28704945144
 20
-715345.5055624783
 30
0.0
 50
89.99999999990966
1001
SUPPORT_DISTRIBUTION_UV
1000
dxf_result_export_v1
1000
strut
1000
S5
1000
DXF
1000
jack
1071
2
  0
DIMENSION
  5
922
330
17
100
AcDbEntity
  8
SD_RESULT_SUPPORT
100
AcDbDimension
280
0
  2
*D27
  3
SUPPORT_SEGMENT
 10
368638.2870494524
 20
-714745.5055624783
 30
0.0
 11
368288.2870494525
 21
-714695.5055624777
 31
0.0
 70
32
 71
5
  1
調整塊 <>
100
AcDbAlignedDimension
 13
369288.2870494524
 23
-714745.5055624783
 33
0.0
 14
369288.28704945254
 24
-714645.5055624783
 34
0.0
 50
89.99999999990966
100
AcDbRotatedDimension
1001
SUPPORT_DISTRIBUTION_UV
1000
dxf_result_export_v1
1000
strut
1000
S5
1000
DXF
1000
dimension
1071
3
  0
DIMENSION
  5
933
330
17
100
AcDbEntity
  8
SD_RESULT_SUPPORT
100
AcDbDimension
280
0
  2
*D28
  3
SUPPORT_SEGMENT
 10
368638.28704945254
 20
-714645.5055624783
 30
0.0
 11
368638.2870494561
 21
-712395.5055624783
 31
0.0
 70
32
 71
5
  1
<>
100
AcDbAlignedDimension
 13
369288.28704945254
 23
-714645.5055624783
 33
0.0
 14
369288.28704945964
 24
-710145.5055624783
 34
0.0
 50
89.99999999990966
100
AcDbRotatedDimension
1001
SUPPORT_DISTRIBUTION_UV
1000
dxf_result_export_v1
1000
strut
1000
S5
1000
DXF
1000
dimension
1071
4
  0
DIMENSION
  5
943
330
17
100
AcDbEntity
  8
SD_RESULT_SUPPORT
100
AcDbDimension
280
0
  2
*D29
  3
SUPPORT_SEGMENT
 10
368638.28704945964
 20
-710145.5055624783
 30
0.0
 11
368638.28704946477
 21
-706895.5055624783
 31
0.0
 70
32
 71
5
  1
<>
100
AcDbAlignedDimension
 13
369288.28704945964
 23
-710145.5055624783
 33
0.0
 14
369288.2870494699
 24
-703645.5055624783
 34
0.0
 50
89.99999999990966
100
AcDbRotatedDimension
1001
SUPPORT_DISTRIBUTION_UV
1000
dxf_result_export_v1
1000
strut
1000
S5
1000
DXF
1000
dimension
1071
5
  0
DIMENSION
  5
953
330
17
100
AcDbEntity
  8
SD_RESULT_SUPPORT
100
AcDbDimension
280
0
  2
*D30
  3
SUPPORT_SEGMENT
 10
368638.2870494699
 20
-703645.5055624783
 30
0.0
 11
368288.28704947
 21
-703595.5055624777
 31
0.0
 70
32
 71
5
  1
餘量 <>
100
AcDbAlignedDimension
 13
369288.2870494699
 23
-703645.5055624783
 33
0.0
 14
369288.28704947006
 24
-703545.5055624783
 34
0.0
 50
89.99999999990966
100
AcDbRotatedDimension
1001
SUPPORT_DISTRIBUTION_UV
1000
dxf_result_export_v1
1000
strut
1000
S5
1000
DXF
1000
dimension
1071
6
  0
DIMENSION
  5
964
330
17
100
AcDbEntity
  8
SD_RESULT_SUPPORT
100
AcDbDimension
280
0
  2
*D31
  3
SUPPORT_SEGMENT
 10
373638.2870494365
 20
-724845.5055624783
 30
0.0
 11
373638.2870494426
 21
-720345.5055624783
 31
0.0
 70
32
 71
5
  1
<>
100
AcDbAlignedDimension
 13
374288.2870494365
 23
-724845.5055624783
 33
0.0
 14
374288.2870494487
 24
-715845.5055624783
 34
0.0
 50
89.99999999992221
100
AcDbRotatedDimension
1001
SUPPORT_DISTRIBUTION_UV
1000
dxf_result_export_v1
1000
strut
1000
S6
1000
DXF
1000
dimension
1071
1
  0
INSERT
  5
974
330
17
100
AcDbEntity
  8
SD_RESULT_SUPPORT
100
AcDbBlockReference
  2
SUPPORT_JACK
 10
374288.2870494487
 20
-715845.5055624783
 30
0.0
 50
89.9999999999222
1001
SUPPORT_DISTRIBUTION_UV
1000
dxf_result_export_v1
1000
strut
1000
S6
1000
DXF
1000
jack
1071
2
  0
DIMENSION
  5
976
330
17
100
AcDbEntity
  8
SD_RESULT_SUPPORT
100
AcDbDimension
280
0
  2
*D32
  3
SUPPORT_SEGMENT
 10
373638.2870494495
 20
-715245.5055624783
 30
0.0
 11
373288.2870494496
 21
-715195.4743124779
 31
0.0
 70
32
 71
5
  1
調整塊 <>
100
AcDbAlignedDimension
 13
374288.2870494495
 23
-715245.5055624783
 33
0.0
 14
374288.28704944963
 24
-715145.5055624783
 34
0.0
 50
89.99999999992221
100
AcDbRotatedDimension
1001
SUPPORT_DISTRIBUTION_UV
1000
dxf_result_export_v1
1000
strut
1000
S6
1000
DXF
1000
dimension
1071
3
  0
DIMENSION
  5
987
330
17
100
AcDbEntity
  8
SD_RESULT_SUPPORT
100
AcDbDimension
280
0
  2
*D33
  3
SUPPORT_SEGMENT
 10
373638.28704944963
 20
-715145.5055624783
 30
0.0
 11
373638.2870494544
 21
-711645.4743124783
 31
0.0
 70
32
 71
5
  1
<>
100
AcDbAlignedDimension
 13
374288.28704944963
 23
-715145.5055624783
 33
0.0
 14
374288.2870494592
 24
-708145.5055624783
 34
0.0
 50
89.99999999992221
100
AcDbRotatedDimension
1001
SUPPORT_DISTRIBUTION_UV
1000
dxf_result_export_v1
1000
strut
1000
S6
1000
DXF
1000
dimension
1071
4
  0
DIMENSION
  5
997
330
17
100
AcDbEntity
  8
SD_RESULT_SUPPORT
100
AcDbDimension
280
0
  2
*D34
  3
SUPPORT_SEGMENT
 10
373638.2870494592
 20
-708145.5055624783
 30
0.0
 11
373638.2870494622
 21
-705895.5055624783
 31
0.0
 70
32
 71
5
  1
<>
100
AcDbAlignedDimension
 13
374288.2870494592
 23
-708145.5055624783
 33
0.0
 14
374288.2870494653
 24
-703645.5055624783
 34
0.0
 50
89.99999999992221
100
AcDbRotatedDimension
1001
SUPPORT_DISTRIBUTION_UV
1000
dxf_result_export_v1
1000
strut
1000
S6
1000
DXF
1000
dimension
1071
5
  0
DIMENSION
  5
9A7
330
17
100
AcDbEntity
  8
SD_RESULT_SUPPORT
100
AcDbDimension
280
0
  2
*D35
  3
SUPPORT_SEGMENT
 10
373638.2870494653
 20
-703645.5055624783
 30
0.0
 11
373288.28704946535
 21
-703595.5055624779
 31
0.0
 70
32
 71
5
  1
餘量 <>
100
AcDbAlignedDimension
 13
374288.2870494653
 23
-703645.5055624783
 33
0.0
 14
374288.2870494654
 24
-703545.5055624783
 34
0.0
 50
89.99999999992221
100
AcDbRotatedDimension
1001
SUPPORT_DISTRIBUTION_UV
1000
dxf_result_export_v1
1000
strut
1000
S6
1000
DXF
1000
dimension
1071
6
  0
DIMENSION
  5
9B8
330
17
100
AcDbEntity
  8
SD_RESULT_SUPPORT
100
AcDbDimension
280
0
  2
*D36
  3
SUPPORT_SEGMENT
 10
379638.2870494365
 20
-724845.5055624783
 30
0.0
 11
379638.2870494417
 21
-720095.5055624783
 31
0.0
 70
32
 71
5
  1
<>
100
AcDbAlignedDimension
 13
380288.2870494365
 23
-724845.5055624783
 33
0.0
 14
380288.2870494469
 24
-715345.5055624783
 34
0.0
 50
89.99999999993706
100
AcDbRotatedDimension
1001
SUPPORT_DISTRIBUTION_UV
1000
dxf_result_export_v1
1000
strut
1000
S7
1000
DXF
1000
dimension
1071
1
  0
INSERT
  5
9C8
330
17
100
AcDbEntity
  8
SD_RESULT_SUPPORT
100
AcDbBlockReference
  2
SUPPORT_JACK
 10
380288.2870494469
 20
-715345.5055624783
 30
0.0
 50
89.99999999993706
1001
SUPPORT_DISTRIBUTION_UV
1000
dxf_result_export_v1
1000
strut
1000
S7
1000
DXF
1000
jack
1071
2
  0
DIMENSION
  5
9CA
330
17
100
AcDbEntity
  8
SD_RESULT_SUPPORT
100
AcDbDimension
280
0
  2
*D37
  3
SUPPORT_SEGMENT
 10
379638.2870494476
 20
-714745.5055624783
 30
0.0
 11
379288.28704944765
 21
-714695.505562478
 31
0.0
 70
32
 71
5
  1
調整塊 <>
100
AcDbAlignedDimension
 13
380288.2870494476
 23
-714745.5055624783
 33
0.0
 14
380288.2870494477
 24
-714645.5055624783
 34
0.0
 50
89.99999999993706
100
AcDbRotatedDimension
1001
SUPPORT_DISTRIBUTION_UV
1000
dxf_result_export_v1
1000
strut
1000
S7
1000
DXF
1000
dimension
1071
3
  0
DIMENSION
  5
9DB
330
17
100
AcDbEntity
  8
SD_RESULT_SUPPORT
100
AcDbDimension
280
0
  2
*D38
  3
SUPPORT_SEGMENT
 10
379638.2870494477
 20
-714645.5055624783
 30
0.0
 11
379638.28704945045
 21
-712145.5055624783
 31
0.0
 70
32
 71
5
  1
<>
100
AcDbAlignedDimension
 13
380288.2870494477
 23
-714645.5055624783
 33
0.0
 14
380288.2870494532
 24
-709645.5055624783
 34
0.0
 50
89.99999999993706
100
AcDbRotatedDimension
1001
SUPPORT_DISTRIBUTION_UV
1000
dxf_result_export_v1
1000
strut
1000
S7
1000
DXF
1000
dimension
1071
4
  0
DIMENSION
  5
9EB
330
17
100
AcDbEntity
  8
SD_RESULT_SUPPORT
100
AcDbDimension
280
0
  2
*D39
  3
SUPPORT_SEGMENT
 10
379638.2870494532
 20
-709645.5055624783
 30
0.0
 11
379638.28704945644
 21
-706645.5055624783
 31
0.0
 70
32
 71
5
  1
<>
100
AcDbAlignedDimension
 13
380288.2870494532
 23
-709645.5055624783
 33
0.0
 14
380288.28704945976
 24
-703645.5055624783
 34
0.0
 50
89.99999999993706
100
AcDbRotatedDimension
1001
SUPPORT_DISTRIBUTION_UV
1000
dxf_result_export_v1
1000
strut
1000
S7
1000
DXF
1000
dimension
1071
5
  0
DIMENSION
  5
9FB
330
17
100
AcDbEntity
  8
SD_RESULT_SUPPORT
100
AcDbDimension
280
0
  2
*D40
  3
SUPPORT_SEGMENT
 10
379638.28704945976
 20
-703645.5055624783
 30
0.0
 11
379288.2870494598
 21
-703595.505562478
 31
0.0
 70
32
 71
5
  1
餘量 <>
100
AcDbAlignedDimension
 13
380288.28704945976
 23
-703645.5055624783
 33
0.0
 14
380288.2870494599
 24
-703545.5055624783
 34
0.0
 50
89.99999999993706
100
AcDbRotatedDimension
1001
SUPPORT_DISTRIBUTION_UV
1000
dxf_result_export_v1
1000
strut
1000
S7
1000
DXF
1000
dimension
1071
6
  0
DIMENSION
  5
A0C
330
17
100
AcDbEntity
  8
SD_RESULT_SUPPORT
100
AcDbDimension
280
0
  2
*D41
  3
SUPPORT_SEGMENT
 10
385638.2870494365
 20
-724845.5055624784
 30
0.0
 11
385638.2870494365
 21
-720345.5055624784
 31
0.0
 70
32
 71
5
  1
<>
100
AcDbAlignedDimension
 13
386288.2870494365
 23
-724845.5055624784
 33
0.0
 14
386288.287049444
 24
-715845.5055624784
 34
0.0
 50
89.99999999995208
100
AcDbRotatedDimension
1001
SUPPORT_DISTRIBUTION_UV
1000
dxf_result_export_v1
1000
strut
1000
S8
1000
DXF
1000
dimension
1071
1
  0
INSERT
  5
A1C
330
17
100
AcDbEntity
  8
SD_RESULT_SUPPORT
100
AcDbBlockReference
  2
SUPPORT_JACK
 10
386288.287049444
 20
-715845.5055624784
 30
0.0
 50
89.99999999995208
1001
SUPPORT_DISTRIBUTION_UV
1000
dxf_result_export_v1
1000
strut
1000
S8
1000
DXF
1000
jack
1071
2
  0
DIMENSION
  5
A1E
330
17
100
AcDbEntity
  8
SD_RESULT_SUPPORT
100
AcDbDimension
280
0
  2
*D42
  3
SUPPORT_SEGMENT
 10
385638.2870494445
 20
-715245.5055624784
 30
0.0
 11
385288.2870494445
 21
-715195.5055624784
 31
0.0
 70
32
 71
5
  1
調整塊 <>
100
AcDbAlignedDimension
 13
386288.2870494445
 23
-715245.5055624784
 33
0.0
 14
386288.28704944457
 24
-715145.5055624784
 34
0.0
 50
89.99999999995208
100
AcDbRotatedDimension
1001
SUPPORT_DISTRIBUTION_UV
1000
dxf_result_export_v1
1000
strut
1000
S8
1000
DXF
1000
dimension
1071
3
  0
DIMENSION
  5
A2F
330
17
100
AcDbEntity
  8
SD_RESULT_SUPPORT
100
AcDbDimension
280
0
  2
*D43
  3
SUPPORT_SEGMENT
 10
385638.28704944457
 20
-715145.5055624784
 30
0.0
 11
385638.28704944457
 21
-712645.5055624784
 31
0.0
 70
32
 71
5
  1
<>
100
AcDbAlignedDimension
 13
386288.28704944457
 23
-715145.5055624784
 33
0.0
 14
386288.28704944876
 24
-710145.5055624784
 34
0.0
 50
89.99999999995208
100
AcDbRotatedDimension
1001
SUPPORT_DISTRIBUTION_UV
1000
dxf_result_export_v1
1000
strut
1000
S8
1000
DXF
1000
dimension
1071
4
  0
DIMENSION
  5
A3F
330
17
100
AcDbEntity
  8
SD_RESULT_SUPPORT
100
AcDbDimension
280
0
  2
*D44
  3
SUPPORT_SEGMENT
 10
385638.28704944876
 20
-710145.5055624784
 30
0.0
 11
385638.28704944876
 21
-706895.5055624784
 31
0.0
 70
32
 71
5
  1
<>
100
AcDbAlignedDimension
 13
386288.28704944876
 23
-710145.5055624784
 33
0.0
 14
386288.28704945423
 24
-703645.5055624784
 34
0.0
 50
89.99999999995208
100
AcDbRotatedDimension
1001
SUPPORT_DISTRIBUTION_UV
1000
dxf_result_export_v1
1000
strut
1000
S8
1000
DXF
1000
dimension
1071
5
  0
DIMENSION
  5
A4F
330
17
100
AcDbEntity
  8
SD_RESULT_SUPPORT
100
AcDbDimension
280
0
  2
*D45
  3
SUPPORT_SEGMENT
 10
385638.28704945423
 20
-703645.5055624784
 30
0.0
 11
385288.28704945423
 21
-703595.5055624784
 31
0.0
 70
32
 71
5
  1
餘量 <>
100
AcDbAlignedDimension
 13
386288.28704945423
 23
-703645.5055624784
 33
0.0
 14
386288.2870494543
 24
-703545.5055624784
 34
0.0
 50
89.99999999995208
100
AcDbRotatedDimension
1001
SUPPORT_DISTRIBUTION_UV
1000
dxf_result_export_v1
1000
strut
1000
S8
1000
DXF
1000
dimension
1071
6
  0
DIMENSION
  5
A60
330
17
100
AcDbEntity
  8
SD_RESULT_SUPPORT
100
AcDbDimension
280
0
  2
*D46
  3
SUPPORT_SEGMENT
 10
391138.2870494365
 20
-724845.5055624784
 30
0.0
 11
391138.2870494365
 21
-719845.5055624784
 31
0.0
 70
32
 71
5
  1
<>
100
AcDbAlignedDimension
 13
391788.2870494365
 23
-724845.5055624784
 33
0.0
 14
391788.2870494425
 24
-714845.5055624784
 34
0.0
 50
89.99999999996571
100
AcDbRotatedDimension
1001
SUPPORT_DISTRIBUTION_UV
1000
dxf_result_export_v1
1000
strut
1000
S9
1000
DXF
1000
dimension
1071
1
  0
INSERT
  5
A70
330
17
100
AcDbEntity
  8
SD_RESULT_SUPPORT
100
AcDbBlockReference
  2
SUPPORT_JACK
 10
391788.2870494425
 20
-714845.5055624784
 30
0.0
 50
89.99999999996571
1001
SUPPORT_DISTRIBUTION_UV
1000
dxf_result_export_v1
1000
strut
1000
S9
1000
DXF
1000
jack
1071
2
  0
DIMENSION
  5
A72
330
17
100
AcDbEntity
  8
SD_RESULT_SUPPORT
100
AcDbDimension
280
0
  2
*D47
  3
SUPPORT_SEGMENT
 10
391138.2870494428
 20
-714245.5055624784
 30
0.0
 11
390788.2870494428
 21
-714195.5055624784
 31
0.0
 70
32
 71
5
  1
調整塊 <>
100
AcDbAlignedDimension
 13
391788.2870494428
 23
-714245.5055624784
 33
0.0
 14
391788.2870494429
 24
-714145.5055624784
 34
0.0
 50
89.99999999996571
100
AcDbRotatedDimension
1001
SUPPORT_DISTRIBUTION_UV
1000
dxf_result_export_v1
1000
strut
1000
S9
1000
DXF
1000
dimension
1071
3
  0
DIMENSION
  5
A83
330
17
100
AcDbEntity
  8
SD_RESULT_SUPPORT
100
AcDbDimension
280
0
  2
*D48
  3
SUPPORT_SEGMENT
 10
391138.2870494429
 20
-714145.5055624784
 30
0.0
 11
391138.2870494429
 21
-711895.5055624784
 31
0.0
 70
32
 71
5
  1
<>
100
AcDbAlignedDimension
 13
391788.2870494429
 23
-714145.5055624784
 33
0.0
 14
391788.28704944556
 24
-709645.5055624784
 34
0.0
 50
89.99999999996571
100
AcDbRotatedDimension
1001
SUPPORT_DISTRIBUTION_UV
1000
dxf_result_export_v1
1000
strut
1000
S9
1000
DXF
1000
dimension
1071
4
  0
DIMENSION
  5
A93
330
17
100
AcDbEntity
  8
SD_RESULT_SUPPORT
100
AcDbDimension
280
0
  2
*D49
  3
SUPPORT_SEGMENT
 10
391138.28704944556
 20
-709645.5055624784
 30
0.0
 11
391138.28704944556
 21
-706645.5055624784
 31
0.0
 70
32
 71
5
  1
<>
100
AcDbAlignedDimension
 13
391788.28704944556
 23
-709645.5055624784
 33
0.0
 14
391788.28704944917
 24
-703645.5055624784
 34
0.0
 50
89.99999999996571
100
AcDbRotatedDimension
1001
SUPPORT_DISTRIBUTION_UV
1000
dxf_result_export_v1
1000
strut
1000
S9
1000
DXF
1000
dimension
1071
5
  0
DIMENSION
  5
AA3
330
17
100
AcDbEntity
  8
SD_RESULT_SUPPORT
100
AcDbDimension
280
0
  2
*D50
  3
SUPPORT_SEGMENT
 10
391138.28704944917
 20
-703645.5055624784
 30
0.0
 11
390788.28704944917
 21
-703595.5055624784
 31
0.0
 70
32
 71
5
  1
餘量 <>
100
AcDbAlignedDimension
 13
391788.28704944917
 23
-703645.5055624784
 33
0.0
 14
391788.2870494492
 24
-703545.5055624784
 34
0.0
 50
89.99999999996571
100
AcDbRotatedDimension
1001
SUPPORT_DISTRIBUTION_UV
1000
dxf_result_export_v1
1000
strut
1000
S9
1000
DXF
1000
dimension
1071
6
  0
DIMENSION
  5
AB4
330
17
100
AcDbEntity
  8
SD_RESULT_SUPPORT
100
AcDbDimension
280
0
  2
*D51
  3
SUPPORT_SEGMENT
 10
397138.2870494365
 20
-724845.5055624784
 30
0.0
 11
397138.2870494365
 21
-720345.5055624784
 31
0.0
 70
32
 71
5
  1
<>
100
AcDbAlignedDimension
 13
397788.2870494365
 23
-724845.5055624784
 33
0.0
 14
397788.2870494395
 24
-715845.5055624784
 34
0.0
 50
89.99999999998074
100
AcDbRotatedDimension
1001
SUPPORT_DISTRIBUTION_UV
1000
dxf_result_export_v1
1000
strut
1000
S10
1000
DXF
1000
dimension
1071
1
  0
INSERT
  5
AC4
330
17
100
AcDbEntity
  8
SD_RESULT_SUPPORT
100
AcDbBlockReference
  2
SUPPORT_JACK
 10
397788.2870494395
 20
-715845.5055624784
 30
0.0
 50
89.99999999998074
1001
SUPPORT_DISTRIBUTION_UV
1000
dxf_result_export_v1
1000
strut
1000
S10
1000
DXF
1000
jack
1071
2
  0
DIMENSION
  5
AC6
330
17
100
AcDbEntity
  8
SD_RESULT_SUPPORT
100
AcDbDimension
280
0
  2
*D52
  3
SUPPORT_SEGMENT
 10
397138.2870494397
 20
-715245.5055624784
 30
0.0
 11
396788.2870494397
 21
-715195.5055624784
 31
0.0
 70
32
 71
5
  1
調整塊 <>
100
AcDbAlignedDimension
 13
397788.2870494397
 23
-715245.5055624784
 33
0.0
 14
397788.28704943974
 24
-715145.5055624784
 34
0.0
 50
89.99999999998074
100
AcDbRotatedDimension
1001
SUPPORT_DISTRIBUTION_UV
1000
dxf_result_export_v1
1000
strut
1000
S10
1000
DXF
1000
dimension
1071
3
  0
DIMENSION
  5
AD7
330
17
100
AcDbEntity
  8
SD_RESULT_SUPPORT
100
AcDbDimension
280
0
  2
*D53
  3
SUPPORT_SEGMENT
 10
397138.28704943974
 20
-715145.5055624784
 30
0.0
 11
397138.28704943974
 21
-712395.5055624784
 31
0.0
 70
32
 71
5
  1
<>
100
AcDbAlignedDimension
 13
397788.28704943974
 23
-715145.5055624784
 33
0.0
 14
397788.2870494416
 24
-709645.5055624784
 34
0.0
 50
89.99999999998074
100
AcDbRotatedDimension
1001
SUPPORT_DISTRIBUTION_UV
1000
dxf_result_export_v1
1000
strut
1000
S10
1000
DXF
1000
dimension
1071
4
  0
DIMENSION
  5
AE7
330
17
100
AcDbEntity
  8
SD_RESULT_SUPPORT
100
AcDbDimension
280
0
  2
*D54
  3
SUPPORT_SEGMENT
 10
397138.2870494416
 20
-709645.5055624784
 30
0.0
 11
397138.2870494416
 21
-706645.5055624784
 31
0.0
 70
32
 71
5
  1
<>
100
AcDbAlignedDimension
 13
397788.2870494416
 23
-709645.5055624784
 33
0.0
 14
397788.2870494436
 24
-703645.5055624784
 34
0.0
 50
89.99999999998074
100
AcDbRotatedDimension
1001
SUPPORT_DISTRIBUTION_UV
1000
dxf_result_export_v1
1000
strut
1000
S10
1000
DXF
1000
dimension
1071
5
  0
DIMENSION
  5
AF7
330
17
100
AcDbEntity
  8
SD_RESULT_SUPPORT
100
AcDbDimension
280
0
  2
*D55
  3
SUPPORT_SEGMENT
 10
397138.2870494436
 20
-703645.5055624784
 30
0.0
 11
396788.2870494436
 21
-703595.5055624784
 31
0.0
 70
32
 71
5
  1
餘量 <>
100
AcDbAlignedDimension
 13
397788.2870494436
 23
-703645.5055624784
 33
0.0
 14
397788.28704944364
 24
-703545.5055624784
 34
0.0
 50
89.99999999998074
100
AcDbRotatedDimension
1001
SUPPORT_DISTRIBUTION_UV
1000
dxf_result_export_v1
1000
strut
1000
S10
1000
DXF
1000
dimension
1071
6
  0
DIMENSION
  5
B08
330
17
100
AcDbEntity
  8
SD_RESULT_SUPPORT
100
AcDbDimension
280
0
  2
*D56
  3
SUPPORT_SEGMENT
 10
403138.2870494365
 20
-724845.5055624784
 30
0.0
 11
403138.2870494365
 21
-721845.5055624784
 31
0.0
 70
32
 71
5
  1
<>
100
AcDbAlignedDimension
 13
403788.2870494365
 23
-724845.5055624784
 33
0.0
 14
403788.28704943694
 24
-718845.5055624784
 34
0.0
 50
89.99999999999562
100
AcDbRotatedDimension
1001
SUPPORT_DISTRIBUTION_UV
1000
dxf_result_export_v1
1000
strut
1000
S11
1000
DXF
1000
dimension
1071
1
  0
DIMENSION
  5
B18
330
17
100
AcDbEntity
  8
SD_RESULT_SUPPORT
100
AcDbDimension
280
0
  2
*D57
  3
SUPPORT_SEGMENT
 10
403138.28704943694
 20
-718845.5055624784
 30
0.0
 11
403138.28704943694
 21
-715845.5055624784
 31
0.0
 70
32
 71
5
  1
<>
100
AcDbAlignedDimension
 13
403788.28704943694
 23
-718845.5055624784
 33
0.0
 14
403788.2870494374
 24
-712845.5055624784
 34
0.0
 50
89.99999999999562
100
AcDbRotatedDimension
1001
SUPPORT_DISTRIBUTION_UV
1000
dxf_result_export_v1
1000
strut
1000
S11
1000
DXF
1000
dimension
1071
2
  0
INSERT
  5
B28
330
17
100
AcDbEntity
  8
SD_RESULT_SUPPORT
100
AcDbBlockReference
  2
SUPPORT_JACK
 10
403788.2870494374
 20
-712845.5055624784
 30
0.0
 50
89.99999999999562
1001
SUPPORT_DISTRIBUTION_UV
1000
dxf_result_export_v1
1000
strut
1000
S11
1000
DXF
1000
jack
1071
3
  0
DIMENSION
  5
B2A
330
17
100
AcDbEntity
  8
SD_RESULT_SUPPORT
100
AcDbDimension
280
0
  2
*D58
  3
SUPPORT_SEGMENT
 10
403138.28704943747
 20
-712245.5055624784
 30
0.0
 11
402788.28704943747
 21
-712195.5055624784
 31
0.0
 70
32
 71
5
  1
調整塊 <>
100
AcDbAlignedDimension
 13
403788.28704943747
 23
-712245.5055624784
 33
0.0
 14
403788.28704943747
 24
-712145.5055624784
 34
0.0
 50
89.99999999999562
100
AcDbRotatedDimension
1001
SUPPORT_DISTRIBUTION_UV
1000
dxf_result_export_v1
1000
strut
1000
S11
1000
DXF
1000
dimension
1071
4
  0
DIMENSION
  5
B3B
330
17
100
AcDbEntity
  8
SD_RESULT_SUPPORT
100
AcDbDimension
280
0
  2
*D59
  3
SUPPORT_SEGMENT
 10
403138.28704943747
 20
-712145.5055624784
 30
0.0
 11
403138.28704943747
 21
-707895.5055624784
 31
0.0
 70
32
 71
5
  1
<>
100
AcDbAlignedDimension
 13
403788.28704943747
 23
-712145.5055624784
 33
0.0
 14
403788.2870494381
 24
-703645.5055624784
 34
0.0
 50
89.99999999999562
100
AcDbRotatedDimension
1001
SUPPORT_DISTRIBUTION_UV
1000
dxf_result_export_v1
1000
strut
1000
S11
1000
DXF
1000
dimension
1071
5
  0
DIMENSION
  5
B4B
330
17
100
AcDbEntity
  8
SD_RESULT_SUPPORT
100
AcDbDimension
280
0
  2
*D60
  3
SUPPORT_SEGMENT
 10
403138.2870494381
 20
-703645.5055624784
 30
0.0
 11
402788.2870494381
 21
-703595.5055624784
 31
0.0
 70
32
 71
5
  1
餘量 <>
100
AcDbAlignedDimension
 13
403788.2870494381
 23
-703645.5055624784
 33
0.0
 14
403788.2870494381
 24
-703545.5055624784
 34
0.0
 50
89.99999999999562
100
AcDbRotatedDimension
1001
SUPPORT_DISTRIBUTION_UV
1000
dxf_result_export_v1
1000
strut
1000
S11
1000
DXF
1000
dimension
1071
6
  0
DIMENSION
  5
B5C
330
17
100
AcDbEntity
  8
SD_RESULT_SUPPORT
100
AcDbDimension
280
0
  2
*D61
  3
SUPPORT_SEGMENT
 10
409138.2870494365
 20
-724845.5055624784
 30
0.0
 11
409138.2870494365
 21
-720095.5055624784
 31
0.0
 70
32
 71
5
  1
<>
100
AcDbAlignedDimension
 13
409788.2870494365
 23
-724845.5055624784
 33
0.0
 14
409788.28704943473
 24
-715345.5055624784
 34
0.0
 50
90.00000000001064
100
AcDbRotatedDimension
1001
SUPPORT_DISTRIBUTION_UV
1000
dxf_result_export_v1
1000
strut
1000
S12
1000
DXF
1000
dimension
1071
1
  0
INSERT
  5
B6C
330
17
100
AcDbEntity
  8
SD_RESULT_SUPPORT
100
AcDbBlockReference
  2
SUPPORT_JACK
 10
409788.28704943473
 20
-715345.5055624784
 30
0.0
 50
90.00000000001064
1001
SUPPORT_DISTRIBUTION_UV
1000
dxf_result_export_v1
1000
strut
1000
S12
1000
DXF
1000
jack
1071
2
  0
DIMENSION
  5
B6E
330
17
100
AcDbEntity
  8
SD_RESULT_SUPPORT
100
AcDbDimension
280
0
  2
*D62
  3
SUPPORT_SEGMENT
 10
409138.2870494346
 20
-714745.5055624784
 30
0.0
 11
408788.2870494346
 21
-714695.5055624784
 31
0.0
 70
32
 71
5
  1
調整塊 <>
100
AcDbAlignedDimension
 13
409788.2870494346
 23
-714745.5055624784
 33
0.0
 14
409788.28704943456
 24
-714645.5055624784
 34
0.0
 50
90.00000000001064
100
AcDbRotatedDimension
1001
SUPPORT_DISTRIBUTION_UV
1000
dxf_result_export_v1
1000
strut
1000
S12
1000
DXF
1000
dimension
1071
3
  0
DIMENSION
  5
B7F
330
17
100
AcDbEntity
  8
SD_RESULT_SUPPORT
100
AcDbDimension
280
0
  2
*D63
  3
SUPPORT_SEGMENT
 10
409138.28704943456
 20
-714645.5055624784
 30
0.0
 11
409138.28704943456
 21
-711895.5055624784
 31
0.0
 70
32
 71
5
  1
<>
100
AcDbAlignedDimension
 13
409788.28704943456
 23
-714645.5055624784
 33
0.0
 14
409788.28704943357
 24
-709145.5055624784
 34
0.0
 50
90.00000000001064
100
AcDbRotatedDimension
1001
SUPPORT_DISTRIBUTION_UV
1000
dxf_result_export_v1
1000
strut
1000
S12
1000
DXF
1000
dimension
1071
4
  0
DIMENSION
  5
B8F
330
17
100
AcDbEntity
  8
SD_RESULT_SUPPORT
100
AcDbDimension
280
0
  2
*D64
  3
SUPPORT_SEGMENT
 10
409138.28704943357
 20
-709145.5055624784
 30
0.0
 11
409138.28704943357
 21
-706395.5055624784
 31
0.0
 70
32
 71
5
  1
<>
100
AcDbAlignedDimension
 13
409788.28704943357
 23
-709145.5055624784
 33
0.0
 14
409788.2870494325
 24
-703645.5055624784
 34
0.0
 50
90.00000000001064
100
AcDbRotatedDimension
1001
SUPPORT_DISTRIBUTION_UV
1000
dxf_result_export_v1
1000
strut
1000
S12
1000
DXF
1000
dimension
1071
5
  0
DIMENSION
  5
B9F
330
17
100
AcDbEntity
  8
SD_RESULT_SUPPORT
100
AcDbDimension
280
0
  2
*D65
  3
SUPPORT_SEGMENT
 10
409138.2870494325
 20
-703645.5055624784
 30
0.0
 11
408788.2870494325
 21
-703595.5055624784
 31
0.0
 70
32
 71
5
  1
餘量 <>
100
AcDbAlignedDimension
 13
409788.2870494325
 23
-703645.5055624784
 33
0.0
 14
409788.2870494325
 24
-703545.5055624784
 34
0.0
 50
90.00000000001064
100
AcDbRotatedDimension
1001
SUPPORT_DISTRIBUTION_UV
1000
dxf_result_export_v1
1000
strut
1000
S12
1000
DXF
1000
dimension
1071
6
  0
DIMENSION
  5
BB0
330
17
100
AcDbEntity
  8
SD_RESULT_SUPPORT
100
AcDbDimension
280
0
  2
*D66
  3
SUPPORT_SEGMENT
 10
415138.2870494365
 20
-724845.5055624784
 30
0.0
 11
415138.2870494365
 21
-719845.5055624784
 31
0.0
 70
32
 71
5
  1
<>
100
AcDbAlignedDimension
 13
415788.2870494365
 23
-724845.5055624784
 33
0.0
 14
415788.287049432
 24
-714845.5055624784
 34
0.0
 50
90.00000000002568
100
AcDbRotatedDimension
1001
SUPPORT_DISTRIBUTION_UV
1000
dxf_result_export_v1
1000
strut
1000
S13
1000
DXF
1000
dimension
1071
1
  0
INSERT
  5
BC0
330
17
100
AcDbEntity
  8
SD_RESULT_SUPPORT
100
AcDbBlockReference
  2
SUPPORT_JACK
 10
415788.287049432
 20
-714845.5055624784
 30
0.0
 50
90.00000000002568
1001
SUPPORT_DISTRIBUTION_UV
1000
dxf_result_export_v1
1000
strut
1000
S13
1000
DXF
1000
jack
1071
2
  0
DIMENSION
  5
BC2
330
17
100
AcDbEntity
  8
SD_RESULT_SUPPORT
100
AcDbDimension
280
0
  2
*D67
  3
SUPPORT_SEGMENT
 10
415138.2870494317
 20
-714245.5055624784
 30
0.0
 11
414788.2870494317
 21
-714195.5055624784
 31
0.0
 70
32
 71
5
  1
調整塊 <>
100
AcDbAlignedDimension
 13
415788.2870494317
 23
-714245.5055624784
 33
0.0
 14
415788.2870494317
 24
-714145.5055624784
 34
0.0
 50
90.00000000002568
100
AcDbRotatedDimension
1001
SUPPORT_DISTRIBUTION_UV
1000
dxf_result_export_v1
1000
strut
1000
S13
1000
DXF
1000
dimension
1071
3
  0
DIMENSION
  5
BD3
330
17
100
AcDbEntity
  8
SD_RESULT_SUPPORT
100
AcDbDimension
280
0
  2
*D68
  3
SUPPORT_SEGMENT
 10
415138.2870494317
 20
-714145.5055624784
 30
0.0
 11
415138.2870494317
 21
-711645.5055624784
 31
0.0
 70
32
 71
5
  1
<>
100
AcDbAlignedDimension
 13
415788.2870494317
 23
-714145.5055624784
 33
0.0
 14
415788.28704942943
 24
-709145.5055624784
 34
0.0
 50
90.00000000002568
100
AcDbRotatedDimension
1001
SUPPORT_DISTRIBUTION_UV
1000
dxf_result_export_v1
1000
strut
1000
S13
1000
DXF
1000
dimension
1071
4
  0
DIMENSION
  5
BE3
330
17
100
AcDbEntity
  8
SD_RESULT_SUPPORT
100
AcDbDimension
280
0
  2
*D69
  3
SUPPORT_SEGMENT
 10
415138.28704942943
 20
-709145.5055624784
 30
0.0
 11
415138.28704942943
 21
-706395.5055624784
 31
0.0
 70
32
 71
5
  1
<>
100
AcDbAlignedDimension
 13
415788.28704942943
 23
-709145.5055624784
 33
0.0
 14
415788.287049427
 24
-703645.5055624784
 34
0.0
 50
90.00000000002568
100
AcDbRotatedDimension
1001
SUPPORT_DISTRIBUTION_UV
1000
dxf_result_export_v1
1000
strut
1000
S13
1000
DXF
1000
dimension
1071
5
  0
DIMENSION
  5
BF3
330
17
100
AcDbEntity
  8
SD_RESULT_SUPPORT
100
AcDbDimension
280
0
  2
*D70
  3
SUPPORT_SEGMENT
 10
415138.287049427
 20
-703645.5055624784
 30
0.0
 11
414788.287049427
 21
-703595.5055624784
 31
0.0
 70
32
 71
5
  1
餘量 <>
100
AcDbAlignedDimension
 13
415788.287049427
 23
-703645.5055624784
 33
0.0
 14
415788.28704942693
 24
-703545.5055624784
 34
0.0
 50
90.00000000002568
100
AcDbRotatedDimension
1001
SUPPORT_DISTRIBUTION_UV
1000
dxf_result_export_v1
1000
strut
1000
S13
1000
DXF
1000
dimension
1071
6
  0
DIMENSION
  5
C04
330
17
100
AcDbEntity
  8
SD_RESULT_SUPPORT
100
AcDbDimension
280
0
  2
*D71
  3
SUPPORT_SEGMENT
 10
421138.2870494365
 20
-724845.5055624784
 30
0.0
 11
421138.2870494365
 21
-720095.5055624784
 31
0.0
 70
32
 71
5
  1
<>
100
AcDbAlignedDimension
 13
421788.2870494365
 23
-724845.5055624784
 33
0.0
 14
421788.2870494297
 24
-715345.5055624784
 34
0.0
 50
90.00000000004056
100
AcDbRotatedDimension
1001
SUPPORT_DISTRIBUTION_UV
1000
dxf_result_export_v1
1000
strut
1000
S14
1000
DXF
1000
dimension
1071
1
  0
INSERT
  5
C14
330
17
100
AcDbEntity
  8
SD_RESULT_SUPPORT
100
AcDbBlockReference
  2
SUPPORT_JACK
 10
421788.2870494297
 20
-715345.5055624784
 30
0.0
 50
90.00000000004056
1001
SUPPORT_DISTRIBUTION_UV
1000
dxf_result_export_v1
1000
strut
1000
S14
1000
DXF
1000
jack
1071
2
  0
DIMENSION
  5
C16
330
17
100
AcDbEntity
  8
SD_RESULT_SUPPORT
100
AcDbDimension
280
0
  2
*D72
  3
SUPPORT_SEGMENT
 10
421138.2870494293
 20
-714745.5055624784
 30
0.0
 11
420788.2870494293
 21
-714695.5055624784
 31
0.0
 70
32
 71
5
  1
調整塊 <>
100
AcDbAlignedDimension
 13
421788.2870494293
 23
-714745.5055624784
 33
0.0
 14
421788.28704942926
 24
-714645.5055624784
 34
0.0
 50
90.00000000004056
100
AcDbRotatedDimension
1001
SUPPORT_DISTRIBUTION_UV
1000
dxf_result_export_v1
1000
strut
1000
S14
1000
DXF
1000
dimension
1071
3
  0
DIMENSION
  5
C27
330
17
100
AcDbEntity
  8
SD_RESULT_SUPPORT
100
AcDbDimension
280
0
  2
*D73
  3
SUPPORT_SEGMENT
 10
421138.28704942926
 20
-714645.5055624784
 30
0.0
 11
421138.28704942926
 21
-712645.5055624784
 31
0.0
 70
32
 71
5
  1
<>
100
AcDbAlignedDimension
 13
421788.28704942926
 23
-714645.5055624784
 33
0.0
 14
421788.2870494264
 24
-710645.5055624784
 34
0.0
 50
90.00000000004056
100
AcDbRotatedDimension
1001
SUPPORT_DISTRIBUTION_UV
1000
dxf_result_export_v1
1000
strut
1000
S14
1000
DXF
1000
dimension
1071
4
  0
DIMENSION
  5
C37
330
17
100
AcDbEntity
  8
SD_RESULT_SUPPORT
100
AcDbDimension
280
0
  2
*D74
  3
SUPPORT_SEGMENT
 10
421138.2870494264
 20
-710645.5055624784
 30
0.0
 11
421138.2870494264
 21
-707145.5055624784
 31
0.0
 70
32
 71
5
  1
<>
100
AcDbAlignedDimension
 13
421788.2870494264
 23
-710645.5055624784
 33
0.0
 14
421788.28704942146
 24
-703645.5055624784
 34
0.0
 50
90.00000000004056
100
AcDbRotatedDimension
1001
SUPPORT_DISTRIBUTION_UV
1000
dxf_result_export_v1
1000
strut
1000
S14
1000
DXF
1000
dimension
1071
5
  0
DIMENSION
  5
C47
330
17
100
AcDbEntity
  8
SD_RESULT_SUPPORT
100
AcDbDimension
280
0
  2
*D75
  3
SUPPORT_SEGMENT
 10
421138.28704942146
 20
-703645.5055624784
 30
0.0
 11
420788.28704942146
 21
-703595.5055624784
 31
0.0
 70
32
 71
5
  1
餘量 <>
100
AcDbAlignedDimension
 13
421788.28704942146
 23
-703645.5055624784
 33
0.0
 14
421788.2870494214
 24
-703545.5055624784
 34
0.0
 50
90.00000000004056
100
AcDbRotatedDimension
1001
SUPPORT_DISTRIBUTION_UV
1000
dxf_result_export_v1
1000
strut
1000
S14
1000
DXF
1000
dimension
1071
6
  0
DIMENSION
  5
C58
330
17
100
AcDbEntity
  8
SD_RESULT_SUPPORT
100
AcDbDimension
280
0
  2
*D76
  3
SUPPORT_SEGMENT
 10
429638.2870494365
 20
-724845.5055624784
 30
0.0
 11
429638.2870494311
 21
-719845.5055624784
 31
0.0
 70
32
 71
5
  1
<>
100
AcDbAlignedDimension
 13
430288.2870494365
 23
-724845.5055624784
 33
0.0
 14
430288.2870494257
 24
-714845.5055624784
 34
0.0
 50
90.00000000006169
100
AcDbRotatedDimension
1001
SUPPORT_DISTRIBUTION_UV
1000
dxf_result_export_v1
1000
strut
1000
S15
1000
DXF
1000
dimension
1071
1
  0
INSERT
  5
C68
330
17
100
AcDbEntity
  8
SD_RESULT_SUPPORT
100
AcDbBlockReference
  2
SUPPORT_JACK
 10
430288.2870494257
 20
-714845.5055624784
 30
0.0
 50
90.00000000006169
1001
SUPPORT_DISTRIBUTION_UV
1000
dxf_result_export_v1
1000
strut
1000
S15
1000
DXF
1000
jack
1071
2
  0
DIMENSION
  5
C6A
330
17
100
AcDbEntity
  8
SD_RESULT_SUPPORT
100
AcDbDimension
280
0
  2
*D77
  3
SUPPORT_SEGMENT
 10
429638.28704942507
 20
-714245.5055624784
 30
0.0
 11
429288.287049425
 21
-714195.5055624788
 31
0.0
 70
32
 71
5
  1
調整塊 <>
100
AcDbAlignedDimension
 13
430288.28704942507
 23
-714245.5055624784
 33
0.0
 14
430288.28704942495
 24
-714145.5055624784
 34
0.0
 50
90.00000000006169
100
AcDbRotatedDimension
1001
SUPPORT_DISTRIBUTION_UV
1000
dxf_result_export_v1
1000
strut
1000
S15
1000
DXF
1000
dimension
1071
3
  0
DIMENSION
  5
C7B
330
17
100
AcDbEntity
  8
SD_RESULT_SUPPORT
100
AcDbDimension
280
0
  2
*D78
  3
SUPPORT_SEGMENT
 10
429638.28704942495
 20
-714145.5055624784
 30
0.0
 11
429638.2870494228
 21
-712145.5055624784
 31
0.0
 70
32
 71
5
  1
<>
100
AcDbAlignedDimension
 13
430288.28704942495
 23
-714145.5055624784
 33
0.0
 14
430288.28704942064
 24
-710145.5055624784
 34
0.0
 50
90.00000000006169
100
AcDbRotatedDimension
1001
SUPPORT_DISTRIBUTION_UV
1000
dxf_result_export_v1
1000
strut
1000
S15
1000
DXF
1000
dimension
1071
4
  0
DIMENSION
  5
C8B
330
17
100
AcDbEntity
  8
SD_RESULT_SUPPORT
100
AcDbDimension
280
0
  2
*D79
  3
SUPPORT_SEGMENT
 10
429638.28704942064
 20
-710145.5055624784
 30
0.0
 11
429638.28704941715
 21
-706895.5055624784
 31
0.0
 70
32
 71
5
  1
<>
100
AcDbAlignedDimension
 13
430288.28704942064
 23
-710145.5055624784
 33
0.0
 14
430288.28704941366
 24
-703645.5055624784
 34
0.0
 50
90.00000000006169
100
AcDbRotatedDimension
1001
SUPPORT_DISTRIBUTION_UV
1000
dxf_result_export_v1
1000
strut
1000
S15
1000
DXF
1000
dimension
1071
5
  0
DIMENSION
  5
C9B
330
17
100
AcDbEntity
  8
SD_RESULT_SUPPORT
100
AcDbDimension
280
0
  2
*D80
  3
SUPPORT_SEGMENT
 10
429638.28704941366
 20
-703645.5055624784
 30
0.0
 11
429288.2870494136
 21
-703595.5055624788
 31
0.0
 70
32
 71
5
  1
餘量 <>
100
AcDbAlignedDimension
 13
430288.28704941366
 23
-703645.5055624784
 33
0.0
 14
430288.28704941354
 24
-703545.5055624784
 34
0.0
 50
90.00000000006169
100
AcDbRotatedDimension
1001
SUPPORT_DISTRIBUTION_UV
1000
dxf_result_export_v1
1000
strut
1000
S15
1000
DXF
1000
dimension
1071
6
  0
ENDSEC
  0
SECTION
  2
OBJECTS
  0
DICTIONARY
  5
A
330
0
100
AcDbDictionary
281
1
  3
ACAD_COLOR
350
B
  3
ACAD_GROUP
350
C
  3
ACAD_LAYOUT
350
D
  3
ACAD_MATERIAL
350
E
  3
ACAD_MLEADERSTYLE
350
F
  3
ACAD_MLINESTYLE
350
10
  3
ACAD_PLOTSETTINGS
350
11
  3
ACAD_PLOTSTYLENAME
350
12
  3
ACAD_SCALELIST
350
14
  3
ACAD_TABLESTYLE
350
15
  3
ACAD_VISUALSTYLE
350
16
  3
EZDXF_META
350
2D
  0
DICTIONARY
  5
B
330
A
100
AcDbDictionary
281
1
  0
DICTIONARY
  5
C
330
A
100
AcDbDictionary
281
1
  0
DICTIONARY
  5
D
330
A
100
AcDbDictionary
281
1
  3
Model
350
1A
  3
Layout1
350
1E
  0
DICTIONARY
  5
E
330
A
100
AcDbDictionary
281
1
  3
ByBlock
350
1F
  3
ByLayer
350
20
  3
Global
350
21
  0
DICTIONARY
  5
F
330
A
100
AcDbDictionary
281
1
  3
Standard
350
2C
  0
DICTIONARY
  5
10
330
A
100
AcDbDictionary
281
1
  3
Standard
350
22
  0
DICTIONARY
  5
11
330
A
100
AcDbDictionary
281
1
  0
ACDBDICTIONARYWDFLT
  5
12
330
A
100
AcDbDictionary
281
1
  3
Normal
350
13
100
AcDbDictionaryWithDefault
340
13
  0
ACDBPLACEHOLDER
  5
13
330
12
  0
DICTIONARY
  5
14
330
A
100
AcDbDictionary
281
1
  0
DICTIONARY
  5
15
330
A
100
AcDbDictionary
281
1
  0
DICTIONARY
  5
16
330
A
100
AcDbDictionary
281
1
  3
2dWireframe
350
5A
  3
Basic
350
5B
  3
Brighten
350
5C
  3
ColorChange
350
5D
  3
Conceptual
350
5E
  3
Dim
350
5F
  3
EdgeColorOff
350
60
  3
Facepattern
350
61
  3
Flat
350
62
  3
FlatWithEdges
350
63
  3
Gouraud
350
64
  3
GouraudWithEdges
350
65
  3
Hidden
350
66
  3
JitterOff
350
67
  3
Linepattern
350
68
  3
Modeling
350
69
  3
OverhangOff
350
6A
  3
Realistic
350
6B
  3
Shaded
350
6C
  3
Shaded with edges
350
6D
  3
Shades of Gray
350
6E
  3
Sketchy
350
6F
  3
Thicken
350
70
  3
Wireframe
350
71
  3
X-Ray
350
72
  0
LAYOUT
  5
1A
330
D
100
AcDbPlotSettings
  1

  4
A3
  6

 40
7.5
 41
20.0
 42
7.5
 43
20.0
 44
420.0
 45
297.0
 46
0.0
 47
0.0
 48
0.0
 49
0.0
140
0.0
141
0.0
142
1.0
143
1.0
 70
1024
 72
1
 73
0
 74
5
  7

 75
16
 76
0
 77
2
 78
300
147
1.0
148
0.0
149
0.0
100
AcDbLayout
  1
Model
 70
1
 71
0
 10
0.0
 20
0.0
 11
420.0
 21
297.0
 12
0.0
 22
0.0
 32
0.0
 14
1e+20
 24
1e+20
 34
1e+20
 15
-1e+20
 25
-1e+20
 35
-1e+20
146
0.0
 13
0.0
 23
0.0
 33
0.0
 16
1.0
 26
0.0
 36
0.0
 17
0.0
 27
1.0
 37
0.0
 76
1
330
17
  0
LAYOUT
  5
1E
330
D
100
AcDbPlotSettings
  1

  4
A3
  6

 40
7.5
 41
20.0
 42
7.5
 43
20.0
 44
420.0
 45
297.0
 46
0.0
 47
0.0
 48
0.0
 49
0.0
140
0.0
141
0.0
142
1.0
143
1.0
 70
0
 72
1
 73
0
 74
5
  7

 75
16
 76
0
 77
2
 78
300
147
1.0
148
0.0
149
0.0
100
AcDbLayout
  1
Layout1
 70
1
 71
1
 10
0.0
 20
0.0
 11
420.0
 21
297.0
 12
0.0
 22
0.0
 32
0.0
 14
1e+20
 24
1e+20
 34
1e+20
 15
-1e+20
 25
-1e+20
 35
-1e+20
146
0.0
 13
0.0
 23
0.0
 33
0.0
 16
1.0
 26
0.0
 36
0.0
 17
0.0
 27
1.0
 37
0.0
 76
1
330
1B
  0
MATERIAL
  5
1F
102
{ACAD_REACTORS
330
E
102
}
330
E
100
AcDbMaterial
  1
ByBlock
  2

 70
0
 40
1.0
 71
1
 41
1.0
 91
-1023410177
 42
1.0
 72
1
  3

 73
1
 74
1
 75
1
 44
0.5
 73
0
 45
1.0
 46
1.0
 77
1
  4

 78
1
 79
1
170
1
 48
1.0
171
1
  6

172
1
173
1
174
1
140
1.0
141
1.0
175
1
  7

176
1
177
1
178
1
143
1.0
179
1
  8

270
1
271
1
272
1
145
1.0
146
1.0
273
1
  9

274
1
275
1
276
1
 42
1.0
 72
1
  3

 73
1
 74
1
 75
1
 94
63
  0
MATERIAL
  5
20
102
{ACAD_REACTORS
330
E
102
}
330
E
100
AcDbMaterial
  1
ByLayer
  2

 70
0
 40
1.0
 71
1
 41
1.0
 91
-1023410177
 42
1.0
 72
1
  3

 73
1
 74
1
 75
1
 44
0.5
 73
0
 45
1.0
 46
1.0
 77
1
  4

 78
1
 79
1
170
1
 48
1.0
171
1
  6

172
1
173
1
174
1
140
1.0
141
1.0
175
1
  7

176
1
177
1
178
1
143
1.0
179
1
  8

270
1
271
1
272
1
145
1.0
146
1.0
273
1
  9

274
1
275
1
276
1
 42
1.0
 72
1
  3

 73
1
 74
1
 75
1
 94
63
  0
MATERIAL
  5
21
102
{ACAD_REACTORS
330
E
102
}
330
E
100
AcDbMaterial
  1
Global
  2

 70
0
 40
1.0
 71
1
 41
1.0
 91
-1023410177
 42
1.0
 72
1
  3

 73
1
 74
1
 75
1
 44
0.5
 73
0
 45
1.0
 46
1.0
 77
1
  4

 78
1
 79
1
170
1
 48
1.0
171
1
  6

172
1
173
1
174
1
140
1.0
141
1.0
175
1
  7

176
1
177
1
178
1
143
1.0
179
1
  8

270
1
271
1
272
1
145
1.0
146
1.0
273
1
  9

274
1
275
1
276
1
 42
1.0
 72
1
  3

 73
1
 74
1
 75
1
 94
63
  0
MLINESTYLE
  5
22
102
{ACAD_REACTORS
330
10
102
}
330
10
100
AcDbMlineStyle
  2
Standard
 70
0
  3

 62
256
 51
90.0
 52
90.0
 71
2
 49
0.5
 62
256
  6
BYLAYER
 49
-0.5
 62
256
  6
BYLAYER
  0
MLEADERSTYLE
  5
2C
102
{ACAD_REACTORS
330
F
102
}
330
F
100
AcDbMLeaderStyle
179
2
170
2
171
1
172
0
 90
2
 40
0.0
 41
0.0
173
1
 91
-1056964608
 92
-2
290
1
 42
2.0
291
1
 43
8.0
  3
Standard
 44
4.0
300

342
29
174
1
175
1
176
0
178
1
 93
-1056964608
 45
4.0
292
0
297
0
 46
4.0
 94
-1056964608
 47
1.0
 49
1.0
140
1.0
294
1
141
0.0
177
0
142
1.0
295
0
296
0
143
3.75
271
0
272
9
273
9
  0
DICTIONARY
  5
2D
330
A
100
AcDbDictionary
280
1
281
1
  3
CREATED_BY_EZDXF
350
2E
  3
WRITTEN_BY_EZDXF
350
CAE
  0
DICTIONARYVAR
  5
2E
330
2D
100
DictionaryVariables
280
0
  1
1.4.4 @ 2026-09-02T14:08:51.554407+00:00
  0
VISUALSTYLE
  5
5A
102
{ACAD_REACTORS
330
16
102
}
330
16
100
AcDbVisualStyle
  2
2dWireframe
 70
4
177
3
291
0
 70
58
 90
2
176
1
 90
2
176
1
 90
0
176
1
 90
0
176
1
 40
0.6
176
1
 40
30.0
176
1
 62
7
420
16777215
176
1
 90
1
176
1
 90
4
176
1
 62
7
176
1
 62
257
176
1
 90
1
176
1
 90
1
176
1
 40
1.0
176
1
 90
8
176
1
 62
7
176
1
 40
1.0
176
1
 90
1
176
1
 90
6
176
1
 90
2
176
1
 62
7
176
1
 90
5
176
1
 90
0
176
1
 90
0
176
1
290
0
176
1
 90
1
176
1
 40
0.0
176
1
 90
0
176
1
290
1
176
1
290
1
176
1
290
0
176
1
290
0
176
1
290
0
176
1
290
0
176
1
290
0
176
1
290
0
176
1
290
0
176
1
 90
50
176
1
 40
0.0
176
1
 40
1.0
176
1
 90
0
176
1
 62
18
420
0
176
1
 90
50
176
1
 90
3
176
1
 62
5
420
255
176
1
290
0
176
1
 90
50
176
1
 90
50
176
1
 90
50
176
1
290
0
176
1
 90
50
176
1
 62
256
176
0
 40
1.0
176
0
 90
2
176
1
  1
strokes_ogs.tif
176
1
290
0
176
1
 40
1.0
176
1
 40
1.0
176
1
  0
VISUALSTYLE
  5
5B
102
{ACAD_REACTORS
330
16
102
}
330
16
100
AcDbVisualStyle
  2
Basic
 70
7
177
3
291
1
 70
58
 90
2
176
1
 90
2
176
1
 90
0
176
1
 90
1
176
1
 40
0.6
176
1
 40
30.0
176
1
 62
7
420
16777215
176
1
 90
1
176
1
 90
4
176
1
 62
7
176
1
 62
257
176
1
 90
1
176
1
 90
1
176
1
 40
1.0
176
1
 90
8
176
1
 62
7
176
1
 40
1.0
176
1
 90
1
176
1
 90
6
176
1
 90
2
176
1
 62
7
176
1
 90
5
176
1
 90
0
176
1
 90
0
176
1
290
0
176
1
 90
1
176
1
 40
0.0
176
1
 90
0
176
1
290
0
176
1
290
1
176
1
290
1
176
1
290
0
176
1
290
0
176
1
290
0
176
1
290
0
176
1
290
0
176
1
290
0
176
1
 90
50
176
1
 40
0.0
176
1
 40
1.0
176
1
 90
0
176
1
 62
18
420
0
176
1
 90
50
176
1
 90
3
176
1
 62
5
420
255
176
1
290
0
176
1
 90
50
176
1
 90
50
176
1
 90
50
176
1
290
0
176
1
 90
50
176
1
 62
256
176
0
 40
1.0
176
0
 90
2
176
1
  1
strokes_ogs.tif
176
1
290
0
176
1
 40
1.0
176
1
 40
1.0
176
1
  0
VISUALSTYLE
  5
5C
102
{ACAD_REACTORS
330
16
102
}
330
16
100
AcDbVisualStyle
  2
Brighten
 70
12
177
3
291
1
 70
58
 90
2
176
1
 90
2
176
1
 90
0
176
1
 90
2
176
1
 40
0.6
176
1
 40
30.0
176
1
 62
7
420
16777215
176
1
 90
1
176
1
 90
4
176
1
 62
7
176
1
 62
257
176
1
 90
1
176
1
 90
1
176
1
 40
1.0
176
1
 90
8
176
1
 62
7
176
1
 40
1.0
176
1
 90
1
176
1
 90
6
176
1
 90
2
176
1
 62
7
176
1
 90
5
176
1
 90
0
176
1
 90
0
176
1
290
0
176
1
 90
1
176
1
 40
0.0
176
1
 90
0
176
1
290
0
176
1
290
1
176
1
290
1
176
1
290
0
176
1
290
0
176
1
290
0
176
1
290
0
176
1
290
0
176
1
290
0
176
1
 90
50
176
1
 40
0.0
176
1
 40
1.0
176
1
 90
0
176
1
 62
18
420
0
176
1
 90
50
176
1
 90
3
176
1
 62
5
420
255
176
1
290
0
176
1
 90
50
176
1
 90
50
176
1
 90
50
176
1
290
0
176
1
 90
50
176
1
 62
256
176
0
 40
1.0
176
0
 90
2
176
1
  1
strokes_ogs.tif
176
1
290
0
176
1
 40
1.0
176
1
 40
1.0
176
1
  0
VISUALSTYLE
  5
5D
102
{ACAD_REACTORS
330
16
102
}
330
16
100
AcDbVisualStyle
  2
ColorChange
 70
16
177
3
291
1
 70
58
 90
2
176
1
 90
2
176
1
 90
0
176
1
 90
2
176
1
 40
0.6
176
1
 40
30.0
176
1
 62
7
420
16777215
176
1
 90
1
176
1
 90
4
176
1
 62
7
176
1
 62
257
176
1
 90
1
176
1
 90
1
176
1
 40
1.0
176
1
 90
8
176
1
 62
7
176
1
 40
1.0
176
1
 90
1
176
1
 90
6
176
1
 90
2
176
1
 62
7
176
1
 90
5
176
1
 90
0
176
1
 90
0
176
1
290
0
176
1
 90
1
176
1
 40
0.0
176
1
 90
0
176
1
290
0
176
1
290
1
176
1
290
1
176
1
290
0
176
1
290
0
176
1
290
0
176
1
290
0
176
1
290
0
176
1
290
0
176
1
 90
50
176
1
 40
0.0
176
1
 40
1.0
176
1
 90
0
176
1
 62
18
420
0
176
1
 90
50
176
1
 90
3
176
1
 62
5
420
255
176
1
290
0
176
1
 90
50
176
1
 90
50
176
1
 90
50
176
1
290
0
176
1
 90
50
176
1
 62
256
176
0
 40
1.0
176
0
 90
2
176
1
  1
strokes_ogs.tif
176
1
290
0
176
1
 40
1.0
176
1
 40
1.0
176
1
  0
VISUALSTYLE
  5
5E
102
{ACAD_REACTORS
330
16
102
}
330
16
100
AcDbVisualStyle
  2
Conceptual
 70
9
177
3
291
0
 70
58
 90
2
176
1
 90
2
176
1
 90
0
176
1
 90
3
176
1
 40
0.6
176
1
 40
30.0
176
1
 62
7
420
16777215
176
1
 90
1
176
1
 90
4
176
1
 62
7
176
1
 62
257
176
1
 90
1
176
1
 90
1
176
1
 40
1.0
176
1
 90
8
176
1
 62
7
176
1
 40
1.0
176
1
 90
1
176
1
 90
6
176
1
 90
2
176
1
 62
7
176
1
 90
5
176
1
 90
0
176
1
 90
0
176
1
290
0
176
1
 90
1
176
1
 40
0.0
176
1
 90
0
176
1
290
0
176
1
290
1
176
1
290
1
176
1
290
0
176
1
290
0
176
1
290
0
176
1
290
0
176
1
290
0
176
1
290
0
176
1
 90
50
176
1
 40
0.0
176
1
 40
1.0
176
1
 90
0
176
1
 62
18
420
0
176
1
 90
50
176
1
 90
3
176
1
 62
5
420
255
176
1
290
0
176
1
 90
50
176
1
 90
50
176
1
 90
50
176
1
290
0
176
1
 90
50
176
1
 62
256
176
0
 40
1.0
176
0
 90
2
176
1
  1
strokes_ogs.tif
176
1
290
0
176
1
 40
1.0
176
1
 40
1.0
176
1
  0
VISUALSTYLE
  5
5F
102
{ACAD_REACTORS
330
16
102
}
330
16
100
AcDbVisualStyle
  2
Dim
 70
11
177
3
291
1
 70
58
 90
2
176
1
 90
2
176
1
 90
0
176
1
 90
2
176
1
 40
0.6
176
1
 40
30.0
176
1
 62
7
420
16777215
176
1
 90
1
176
1
 90
4
176
1
 62
7
176
1
 62
257
176
1
 90
1
176
1
 90
1
176
1
 40
1.0
176
1
 90
8
176
1
 62
7
176
1
 40
1.0
176
1
 90
1
176
1
 90
6
176
1
 90
2
176
1
 62
7
176
1
 90
5
176
1
 90
0
176
1
 90
0
176
1
290
0
176
1
 90
1
176
1
 40
0.0
176
1
 90
0
176
1
290
0
176
1
290
1
176
1
290
1
176
1
290
0
176
1
290
0
176
1
290
0
176
1
290
0
176
1
290
0
176
1
290
0
176
1
 90
50
176
1
 40
0.0
176
1
 40
1.0
176
1
 90
0
176
1
 62
18
420
0
176
1
 90
50
176
1
 90
3
176
1
 62
5
420
255
176
1
290
0
176
1
 90
50
176
1
 90
50
176
1
 90
50
176
1
290
0
176
1
 90
50
176
1
 62
256
176
0
 40
1.0
176
0
 90
2
176
1
  1
strokes_ogs.tif
176
1
290
0
176
1
 40
1.0
176
1
 40
1.0
176
1
  0
VISUALSTYLE
  5
60
102
{ACAD_REACTORS
330
16
102
}
330
16
100
AcDbVisualStyle
  2
EdgeColorOff
 70
22
177
3
291
1
 70
58
 90
2
176
1
 90
2
176
1
 90
0
176
1
 90
2
176
1
 40
0.6
176
1
 40
30.0
176
1
 62
7
420
16777215
176
1
 90
1
176
1
 90
4
176
1
 62
7
176
1
 62
257
176
1
 90
1
176
1
 90
1
176
1
 40
1.0
176
1
 90
8
176
1
 62
7
176
1
 40
1.0
176
1
 90
1
176
1
 90
6
176
1
 90
2
176
1
 62
7
176
1
 90
5
176
1
 90
0
176
1
 90
0
176
1
290
0
176
1
 90
1
176
1
 40
0.0
176
1
 90
0
176
1
290
0
176
1
290
1
176
1
290
1
176
1
290
0
176
1
290
0
176
1
290
0
176
1
290
0
176
1
290
0
176
1
290
0
176
1
 90
50
176
1
 40
0.0
176
1
 40
1.0
176
1
 90
0
176
1
 62
18
420
0
176
1
 90
50
176
1
 90
3
176
1
 62
5
420
255
176
1
290
0
176
1
 90
50
176
1
 90
50
176
1
 90
50
176
1
290
0
176
1
 90
50
176
1
 62
256
176
0
 40
1.0
176
0
 90
2
176
1
  1
strokes_ogs.tif
176
1
290
0
176
1
 40
1.0
176
1
 40
1.0
176
1
  0
VISUALSTYLE
  5
61
102
{ACAD_REACTORS
330
16
102
}
330
16
100
AcDbVisualStyle
  2
Facepattern
 70
15
177
3
291
1
 70
58
 90
2
176
1
 90
2
176
1
 90
0
176
1
 90
2
176
1
 40
0.6
176
1
 40
30.0
176
1
 62
7
420
16777215
176
1
 90
1
176
1
 90
4
176
1
 62
7
176
1
 62
257
176
1
 90
1
176
1
 90
1
176
1
 40
1.0
176
1
 90
8
176
1
 62
7
176
1
 40
1.0
176
1
 90
1
176
1
 90
6
176
1
 90
2
176
1
 62
7
176
1
 90
5
176
1
 90
0
176
1
 90
0
176
1
290
0
176
1
 90
1
176
1
 40
0.0
176
1
 90
0
176
1
290
0
176
1
290
1
176
1
290
1
176
1
290
0
176
1
290
0
176
1
290
0
176
1
290
0
176
1
290
0
176
1
290
0
176
1
 90
50
176
1
 40
0.0
176
1
 40
1.0
176
1
 90
0
176
1
 62
18
420
0
176
1
 90
50
176
1
 90
3
176
1
 62
5
420
255
176
1
290
0
176
1
 90
50
176
1
 90
50
176
1
 90
50
176
1
290
0
176
1
 90
50
176
1
 62
256
176
0
 40
1.0
176
0
 90
2
176
1
  1
strokes_ogs.tif
176
1
290
0
176
1
 40
1.0
176
1
 40
1.0
176
1
  0
VISUALSTYLE
  5
62
102
{ACAD_REACTORS
330
16
102
}
330
16
100
AcDbVisualStyle
  2
Flat
 70
0
177
3
291
1
 70
58
 90
2
176
1
 90
2
176
1
 90
0
176
1
 90
2
176
1
 40
0.6
176
1
 40
30.0
176
1
 62
7
420
16777215
176
1
 90
1
176
1
 90
4
176
1
 62
7
176
1
 62
257
176
1
 90
1
176
1
 90
1
176
1
 40
1.0
176
1
 90
8
176
1
 62
7
176
1
 40
1.0
176
1
 90
1
176
1
 90
6
176
1
 90
2
176
1
 62
7
176
1
 90
5
176
1
 90
0
176
1
 90
0
176
1
290
0
176
1
 90
1
176
1
 40
0.0
176
1
 90
0
176
1
290
0
176
1
290
1
176
1
290
1
176
1
290
0
176
1
290
0
176
1
290
0
176
1
290
0
176
1
290
0
176
1
290
0
176
1
 90
50
176
1
 40
0.0
176
1
 40
1.0
176
1
 90
0
176
1
 62
18
420
0
176
1
 90
50
176
1
 90
3
176
1
 62
5
420
255
176
1
290
0
176
1
 90
50
176
1
 90
50
176
1
 90
50
176
1
290
0
176
1
 90
50
176
1
 62
256
176
0
 40
1.0
176
0
 90
2
176
1
  1
strokes_ogs.tif
176
1
290
0
176
1
 40
1.0
176
1
 40
1.0
176
1
  0
VISUALSTYLE
  5
63
102
{ACAD_REACTORS
330
16
102
}
330
16
100
AcDbVisualStyle
  2
FlatWithEdges
 70
1
177
3
291
1
 70
58
 90
2
176
1
 90
2
176
1
 90
0
176
1
 90
2
176
1
 40
0.6
176
1
 40
30.0
176
1
 62
7
420
16777215
176
1
 90
1
176
1
 90
4
176
1
 62
7
176
1
 62
257
176
1
 90
1
176
1
 90
1
176
1
 40
1.0
176
1
 90
8
176
1
 62
7
176
1
 40
1.0
176
1
 90
1
176
1
 90
6
176
1
 90
2
176
1
 62
7
176
1
 90
5
176
1
 90
0
176
1
 90
0
176
1
290
0
176
1
 90
1
176
1
 40
0.0
176
1
 90
0
176
1
290
0
176
1
290
1
176
1
290
1
176
1
290
0
176
1
290
0
176
1
290
0
176
1
290
0
176
1
290
0
176
1
290
0
176
1
 90
50
176
1
 40
0.0
176
1
 40
1.0
176
1
 90
0
176
1
 62
18
420
0
176
1
 90
50
176
1
 90
3
176
1
 62
5
420
255
176
1
290
0
176
1
 90
50
176
1
 90
50
176
1
 90
50
176
1
290
0
176
1
 90
50
176
1
 62
256
176
0
 40
1.0
176
0
 90
2
176
1
  1
strokes_ogs.tif
176
1
290
0
176
1
 40
1.0
176
1
 40
1.0
176
1
  0
VISUALSTYLE
  5
64
102
{ACAD_REACTORS
330
16
102
}
330
16
100
AcDbVisualStyle
  2
Gouraud
 70
2
177
3
291
1
 70
58
 90
2
176
1
 90
2
176
1
 90
0
176
1
 90
2
176
1
 40
0.6
176
1
 40
30.0
176
1
 62
7
420
16777215
176
1
 90
1
176
1
 90
4
176
1
 62
7
176
1
 62
257
176
1
 90
1
176
1
 90
1
176
1
 40
1.0
176
1
 90
8
176
1
 62
7
176
1
 40
1.0
176
1
 90
1
176
1
 90
6
176
1
 90
2
176
1
 62
7
176
1
 90
5
176
1
 90
0
176
1
 90
0
176
1
290
0
176
1
 90
1
176
1
 40
0.0
176
1
 90
0
176
1
290
0
176
1
290
1
176
1
290
1
176
1
290
0
176
1
290
0
176
1
290
0
176
1
290
0
176
1
290
0
176
1
290
0
176
1
 90
50
176
1
 40
0.0
176
1
 40
1.0
176
1
 90
0
176
1
 62
18
420
0
176
1
 90
50
176
1
 90
3
176
1
 62
5
420
255
176
1
290
0
176
1
 90
50
176
1
 90
50
176
1
 90
50
176
1
290
0
176
1
 90
50
176
1
 62
256
176
0
 40
1.0
176
0
 90
2
176
1
  1
strokes_ogs.tif
176
1
290
0
176
1
 40
1.0
176
1
 40
1.0
176
1
  0
VISUALSTYLE
  5
65
102
{ACAD_REACTORS
330
16
102
}
330
16
100
AcDbVisualStyle
  2
GouraudWithEdges
 70
3
177
3
291
1
 70
58
 90
2
176
1
 90
2
176
1
 90
0
176
1
 90
2
176
1
 40
0.6
176
1
 40
30.0
176
1
 62
7
420
16777215
176
1
 90
1
176
1
 90
4
176
1
 62
7
176
1
 62
257
176
1
 90
1
176
1
 90
1
176
1
 40
1.0
176
1
 90
8
176
1
 62
7
176
1
 40
1.0
176
1
 90
1
176
1
 90
6
176
1
 90
2
176
1
 62
7
176
1
 90
5
176
1
 90
0
176
1
 90
0
176
1
290
0
176
1
 90
1
176
1
 40
0.0
176
1
 90
0
176
1
290
0
176
1
290
1
176
1
290
1
176
1
290
0
176
1
290
0
176
1
290
0
176
1
290
0
176
1
290
0
176
1
290
0
176
1
 90
50
176
1
 40
0.0
176
1
 40
1.0
176
1
 90
0
176
1
 62
18
420
0
176
1
 90
50
176
1
 90
3
176
1
 62
5
420
255
176
1
290
0
176
1
 90
50
176
1
 90
50
176
1
 90
50
176
1
290
0
176
1
 90
50
176
1
 62
256
176
0
 40
1.0
176
0
 90
2
176
1
  1
strokes_ogs.tif
176
1
290
0
176
1
 40
1.0
176
1
 40
1.0
176
1
  0
VISUALSTYLE
  5
66
102
{ACAD_REACTORS
330
16
102
}
330
16
100
AcDbVisualStyle
  2
Hidden
 70
6
177
3
291
0
 70
58
 90
2
176
1
 90
2
176
1
 90
0
176
1
 90
1
176
1
 40
0.6
176
1
 40
30.0
176
1
 62
7
420
16777215
176
1
 90
1
176
1
 90
4
176
1
 62
7
176
1
 62
257
176
1
 90
1
176
1
 90
1
176
1
 40
1.0
176
1
 90
8
176
1
 62
7
176
1
 40
1.0
176
1
 90
1
176
1
 90
6
176
1
 90
2
176
1
 62
7
176
1
 90
5
176
1
 90
0
176
1
 90
0
176
1
290
0
176
1
 90
1
176
1
 40
0.0
176
1
 90
0
176
1
290
0
176
1
290
1
176
1
290
1
176
1
290
0
176
1
290
0
176
1
290
0
176
1
290
0
176
1
290
0
176
1
290
0
176
1
 90
50
176
1
 40
0.0
176
1
 40
1.0
176
1
 90
0
176
1
 62
18
420
0
176
1
 90
50
176
1
 90
3
176
1
 62
5
420
255
176
1
290
0
176
1
 90
50
176
1
 90
50
176
1
 90
50
176
1
290
0
176
1
 90
50
176
1
 62
256
176
0
 40
1.0
176
0
 90
2
176
1
  1
strokes_ogs.tif
176
1
290
0
176
1
 40
1.0
176
1
 40
1.0
176
1
  0
VISUALSTYLE
  5
67
102
{ACAD_REACTORS
330
16
102
}
330
16
100
AcDbVisualStyle
  2
JitterOff
 70
20
177
3
291
1
 70
58
 90
2
176
1
 90
2
176
1
 90
0
176
1
 90
2
176
1
 40
0.6
176
1
 40
30.0
176
1
 62
7
420
16777215
176
1
 90
1
176
1
 90
4
176
1
 62
7
176
1
 62
257
176
1
 90
1
176
1
 90
1
176
1
 40
1.0
176
1
 90
8
176
1
 62
7
176
1
 40
1.0
176
1
 90
1
176
1
 90
6
176
1
 90
2
176
1
 62
7
176
1
 90
5
176
1
 90
0
176
1
 90
0
176
1
290
0
176
1
 90
1
176
1
 40
0.0
176
1
 90
0
176
1
290
0
176
1
290
1
176
1
290
1
176
1
290
0
176
1
290
0
176
1
290
0
176
1
290
0
176
1
290
0
176
1
290
0
176
1
 90
50
176
1
 40
0.0
176
1
 40
1.0
176
1
 90
0
176
1
 62
18
420
0
176
1
 90
50
176
1
 90
3
176
1
 62
5
420
255
176
1
290
0
176
1
 90
50
176
1
 90
50
176
1
 90
50
176
1
290
0
176
1
 90
50
176
1
 62
256
176
0
 40
1.0
176
0
 90
2
176
1
  1
strokes_ogs.tif
176
1
290
0
176
1
 40
1.0
176
1
 40
1.0
176
1
  0
VISUALSTYLE
  5
68
102
{ACAD_REACTORS
330
16
102
}
330
16
100
AcDbVisualStyle
  2
Linepattern
 70
14
177
3
291
1
 70
58
 90
2
176
1
 90
2
176
1
 90
0
176
1
 90
2
176
1
 40
0.6
176
1
 40
30.0
176
1
 62
7
420
16777215
176
1
 90
1
176
1
 90
4
176
1
 62
7
176
1
 62
257
176
1
 90
1
176
1
 90
1
176
1
 40
1.0
176
1
 90
8
176
1
 62
7
176
1
 40
1.0
176
1
 90
1
176
1
 90
6
176
1
 90
2
176
1
 62
7
176
1
 90
5
176
1
 90
0
176
1
 90
0
176
1
290
0
176
1
 90
1
176
1
 40
0.0
176
1
 90
0
176
1
290
0
176
1
290
1
176
1
290
1
176
1
290
0
176
1
290
0
176
1
290
0
176
1
290
0
176
1
290
0
176
1
290
0
176
1
 90
50
176
1
 40
0.0
176
1
 40
1.0
176
1
 90
0
176
1
 62
18
420
0
176
1
 90
50
176
1
 90
3
176
1
 62
5
420
255
176
1
290
0
176
1
 90
50
176
1
 90
50
176
1
 90
50
176
1
290
0
176
1
 90
50
176
1
 62
256
176
0
 40
1.0
176
0
 90
2
176
1
  1
strokes_ogs.tif
176
1
290
0
176
1
 40
1.0
176
1
 40
1.0
176
1
  0
VISUALSTYLE
  5
69
102
{ACAD_REACTORS
330
16
102
}
330
16
100
AcDbVisualStyle
  2
Modeling
 70
10
177
3
291
0
 70
58
 90
2
176
1
 90
2
176
1
 90
0
176
1
 90
2
176
1
 40
0.6
176
1
 40
30.0
176
1
 62
7
420
16777215
176
1
 90
1
176
1
 90
4
176
1
 62
7
176
1
 62
257
176
1
 90
1
176
1
 90
1
176
1
 40
1.0
176
1
 90
8
176
1
 62
7
176
1
 40
1.0
176
1
 90
1
176
1
 90
6
176
1
 90
2
176
1
 62
7
176
1
 90
5
176
1
 90
0
176
1
 90
0
176
1
290
0
176
1
 90
1
176
1
 40
0.0
176
1
 90
0
176
1
290
0
176
1
290
1
176
1
290
1
176
1
290
0
176
1
290
0
176
1
290
0
176
1
290
0
176
1
290
0
176
1
290
0
176
1
 90
50
176
1
 40
0.0
176
1
 40
1.0
176
1
 90
0
176
1
 62
18
420
0
176
1
 90
50
176
1
 90
3
176
1
 62
5
420
255
176
1
290
0
176
1
 90
50
176
1
 90
50
176
1
 90
50
176
1
290
0
176
1
 90
50
176
1
 62
256
176
0
 40
1.0
176
0
 90
2
176
1
  1
strokes_ogs.tif
176
1
290
0
176
1
 40
1.0
176
1
 40
1.0
176
1
  0
VISUALSTYLE
  5
6A
102
{ACAD_REACTORS
330
16
102
}
330
16
100
AcDbVisualStyle
  2
OverhangOff
 70
21
177
3
291
1
 70
58
 90
2
176
1
 90
2
176
1
 90
0
176
1
 90
2
176
1
 40
0.6
176
1
 40
30.0
176
1
 62
7
420
16777215
176
1
 90
1
176
1
 90
4
176
1
 62
7
176
1
 62
257
176
1
 90
1
176
1
 90
1
176
1
 40
1.0
176
1
 90
8
176
1
 62
7
176
1
 40
1.0
176
1
 90
1
176
1
 90
6
176
1
 90
2
176
1
 62
7
176
1
 90
5
176
1
 90
0
176
1
 90
0
176
1
290
0
176
1
 90
1
176
1
 40
0.0
176
1
 90
0
176
1
290
0
176
1
290
1
176
1
290
1
176
1
290
0
176
1
290
0
176
1
290
0
176
1
290
0
176
1
290
0
176
1
290
0
176
1
 90
50
176
1
 40
0.0
176
1
 40
1.0
176
1
 90
0
176
1
 62
18
420
0
176
1
 90
50
176
1
 90
3
176
1
 62
5
420
255
176
1
290
0
176
1
 90
50
176
1
 90
50
176
1
 90
50
176
1
290
0
176
1
 90
50
176
1
 62
256
176
0
 40
1.0
176
0
 90
2
176
1
  1
strokes_ogs.tif
176
1
290
0
176
1
 40
1.0
176
1
 40
1.0
176
1
  0
VISUALSTYLE
  5
6B
102
{ACAD_REACTORS
330
16
102
}
330
16
100
AcDbVisualStyle
  2
Realistic
 70
8
177
3
291
0
 70
58
 90
2
176
1
 90
2
176
1
 90
0
176
1
 90
2
176
1
 40
0.6
176
1
 40
30.0
176
1
 62
7
420
16777215
176
1
 90
1
176
1
 90
4
176
1
 62
7
176
1
 62
257
176
1
 90
1
176
1
 90
1
176
1
 40
1.0
176
1
 90
8
176
1
 62
7
176
1
 40
1.0
176
1
 90
1
176
1
 90
6
176
1
 90
2
176
1
 62
7
176
1
 90
5
176
1
 90
0
176
1
 90
0
176
1
290
0
176
1
 90
1
176
1
 40
0.0
176
1
 90
0
176
1
290
0
176
1
290
1
176
1
290
1
176
1
290
0
176
1
290
0
176
1
290
0
176
1
290
0
176
1
290
0
176
1
290
0
176
1
 90
50
176
1
 40
0.0
176
1
 40
1.0
176
1
 90
0
176
1
 62
18
420
0
176
1
 90
50
176
1
 90
3
176
1
 62
5
420
255
176
1
290
0
176
1
 90
50
176
1
 90
50
176
1
 90
50
176
1
290
0
176
1
 90
50
176
1
 62
256
176
0
 40
1.0
176
0
 90
2
176
1
  1
strokes_ogs.tif
176
1
290
0
176
1
 40
1.0
176
1
 40
1.0
176
1
  0
VISUALSTYLE
  5
6C
102
{ACAD_REACTORS
330
16
102
}
330
16
100
AcDbVisualStyle
  2
Shaded
 70
27
177
3
291
0
 70
58
 90
2
176
1
 90
2
176
1
 90
0
176
1
 90
2
176
1
 40
0.6
176
1
 40
30.0
176
1
 62
7
420
16777215
176
1
 90
1
176
1
 90
4
176
1
 62
7
176
1
 62
257
176
1
 90
1
176
1
 90
1
176
1
 40
1.0
176
1
 90
8
176
1
 62
7
176
1
 40
1.0
176
1
 90
1
176
1
 90
6
176
1
 90
2
176
1
 62
7
176
1
 90
5
176
1
 90
0
176
1
 90
0
176
1
290
0
176
1
 90
1
176
1
 40
0.0
176
1
 90
0
176
1
290
0
176
1
290
1
176
1
290
1
176
1
290
0
176
1
290
0
176
1
290
0
176
1
290
0
176
1
290
0
176
1
290
0
176
1
 90
50
176
1
 40
0.0
176
1
 40
1.0
176
1
 90
0
176
1
 62
18
420
0
176
1
 90
50
176
1
 90
3
176
1
 62
5
420
255
176
1
290
0
176
1
 90
50
176
1
 90
50
176
1
 90
50
176
1
290
0
176
1
 90
50
176
1
 62
256
176
0
 40
1.0
176
0
 90
2
176
1
  1
strokes_ogs.tif
176
1
290
0
176
1
 40
1.0
176
1
 40
1.0
176
1
  0
VISUALSTYLE
  5
6D
102
{ACAD_REACTORS
330
16
102
}
330
16
100
AcDbVisualStyle
  2
Shaded with edges
 70
26
177
3
291
0
 70
58
 90
2
176
1
 90
2
176
1
 90
0
176
1
 90
2
176
1
 40
0.6
176
1
 40
30.0
176
1
 62
7
420
16777215
176
1
 90
1
176
1
 90
4
176
1
 62
7
176
1
 62
257
176
1
 90
1
176
1
 90
1
176
1
 40
1.0
176
1
 90
8
176
1
 62
7
176
1
 40
1.0
176
1
 90
1
176
1
 90
6
176
1
 90
2
176
1
 62
7
176
1
 90
5
176
1
 90
0
176
1
 90
0
176
1
290
0
176
1
 90
1
176
1
 40
0.0
176
1
 90
0
176
1
290
0
176
1
290
1
176
1
290
1
176
1
290
0
176
1
290
0
176
1
290
0
176
1
290
0
176
1
290
0
176
1
290
0
176
1
 90
50
176
1
 40
0.0
176
1
 40
1.0
176
1
 90
0
176
1
 62
18
420
0
176
1
 90
50
176
1
 90
3
176
1
 62
5
420
255
176
1
290
0
176
1
 90
50
176
1
 90
50
176
1
 90
50
176
1
290
0
176
1
 90
50
176
1
 62
256
176
0
 40
1.0
176
0
 90
2
176
1
  1
strokes_ogs.tif
176
1
290
0
176
1
 40
1.0
176
1
 40
1.0
176
1
  0
VISUALSTYLE
  5
6E
102
{ACAD_REACTORS
330
16
102
}
330
16
100
AcDbVisualStyle
  2
Shades of Gray
 70
23
177
3
291
0
 70
58
 90
2
176
1
 90
2
176
1
 90
0
176
1
 90
2
176
1
 40
0.6
176
1
 40
30.0
176
1
 62
7
420
16777215
176
1
 90
1
176
1
 90
4
176
1
 62
7
176
1
 62
257
176
1
 90
1
176
1
 90
1
176
1
 40
1.0
176
1
 90
8
176
1
 62
7
176
1
 40
1.0
176
1
 90
1
176
1
 90
6
176
1
 90
2
176
1
 62
7
176
1
 90
5
176
1
 90
0
176
1
 90
0
176
1
290
0
176
1
 90
1
176
1
 40
0.0
176
1
 90
0
176
1
290
0
176
1
290
1
176
1
290
1
176
1
290
0
176
1
290
0
176
1
290
0
176
1
290
0
176
1
290
0
176
1
290
0
176
1
 90
50
176
1
 40
0.0
176
1
 40
1.0
176
1
 90
0
176
1
 62
18
420
0
176
1
 90
50
176
1
 90
3
176
1
 62
5
420
255
176
1
290
0
176
1
 90
50
176
1
 90
50
176
1
 90
50
176
1
290
0
176
1
 90
50
176
1
 62
256
176
0
 40
1.0
176
0
 90
2
176
1
  1
strokes_ogs.tif
176
1
290
0
176
1
 40
1.0
176
1
 40
1.0
176
1
  0
VISUALSTYLE
  5
6F
102
{ACAD_REACTORS
330
16
102
}
330
16
100
AcDbVisualStyle
  2
Sketchy
 70
24
177
3
291
0
 70
58
 90
2
176
1
 90
2
176
1
 90
0
176
1
 90
1
176
1
 40
0.6
176
1
 40
30.0
176
1
 62
7
420
16777215
176
1
 90
1
176
1
 90
4
176
1
 62
7
176
1
 62
257
176
1
 90
1
176
1
 90
1
176
1
 40
1.0
176
1
 90
8
176
1
 62
7
176
1
 40
1.0
176
1
 90
1
176
1
 90
6
176
1
 90
2
176
1
 62
7
176
1
 90
5
176
1
 90
0
176
1
 90
0
176
1
290
0
176
1
 90
1
176
1
 40
0.0
176
1
 90
0
176
1
290
0
176
1
290
1
176
1
290
1
176
1
290
0
176
1
290
0
176
1
290
0
176
1
290
0
176
1
290
0
176
1
290
0
176
1
 90
50
176
1
 40
0.0
176
1
 40
1.0
176
1
 90
0
176
1
 62
18
420
0
176
1
 90
50
176
1
 90
3
176
1
 62
5
420
255
176
1
290
0
176
1
 90
50
176
1
 90
50
176
1
 90
50
176
1
290
0
176
1
 90
50
176
1
 62
256
176
0
 40
1.0
176
0
 90
2
176
1
  1
strokes_ogs.tif
176
1
290
0
176
1
 40
1.0
176
1
 40
1.0
176
1
  0
VISUALSTYLE
  5
70
102
{ACAD_REACTORS
330
16
102
}
330
16
100
AcDbVisualStyle
  2
Thicken
 70
13
177
3
291
1
 70
58
 90
2
176
1
 90
2
176
1
 90
0
176
1
 90
2
176
1
 40
0.6
176
1
 40
30.0
176
1
 62
7
420
16777215
176
1
 90
1
176
1
 90
4
176
1
 62
7
176
1
 62
257
176
1
 90
1
176
1
 90
1
176
1
 40
1.0
176
1
 90
8
176
1
 62
7
176
1
 40
1.0
176
1
 90
1
176
1
 90
6
176
1
 90
2
176
1
 62
7
176
1
 90
5
176
1
 90
0
176
1
 90
0
176
1
290
0
176
1
 90
1
176
1
 40
0.0
176
1
 90
0
176
1
290
0
176
1
290
1
176
1
290
1
176
1
290
0
176
1
290
0
176
1
290
0
176
1
290
0
176
1
290
0
176
1
290
0
176
1
 90
50
176
1
 40
0.0
176
1
 40
1.0
176
1
 90
0
176
1
 62
18
420
0
176
1
 90
50
176
1
 90
3
176
1
 62
5
420
255
176
1
290
0
176
1
 90
50
176
1
 90
50
176
1
 90
50
176
1
290
0
176
1
 90
50
176
1
 62
256
176
0
 40
1.0
176
0
 90
2
176
1
  1
strokes_ogs.tif
176
1
290
0
176
1
 40
1.0
176
1
 40
1.0
176
1
  0
VISUALSTYLE
  5
71
102
{ACAD_REACTORS
330
16
102
}
330
16
100
AcDbVisualStyle
  2
Wireframe
 70
5
177
3
291
0
 70
58
 90
2
176
1
 90
2
176
1
 90
0
176
1
 90
0
176
1
 40
0.6
176
1
 40
30.0
176
1
 62
7
420
16777215
176
1
 90
1
176
1
 90
4
176
1
 62
7
176
1
 62
257
176
1
 90
1
176
1
 90
1
176
1
 40
1.0
176
1
 90
8
176
1
 62
7
176
1
 40
1.0
176
1
 90
1
176
1
 90
6
176
1
 90
2
176
1
 62
7
176
1
 90
5
176
1
 90
0
176
1
 90
0
176
1
290
0
176
1
 90
1
176
1
 40
0.0
176
1
 90
0
176
1
290
0
176
1
290
1
176
1
290
1
176
1
290
0
176
1
290
0
176
1
290
0
176
1
290
0
176
1
290
0
176
1
290
0
176
1
 90
50
176
1
 40
0.0
176
1
 40
1.0
176
1
 90
0
176
1
 62
18
420
0
176
1
 90
50
176
1
 90
3
176
1
 62
5
420
255
176
1
290
0
176
1
 90
50
176
1
 90
50
176
1
 90
50
176
1
290
0
176
1
 90
50
176
1
 62
256
176
0
 40
1.0
176
0
 90
2
176
1
  1
strokes_ogs.tif
176
1
290
0
176
1
 40
1.0
176
1
 40
1.0
176
1
  0
VISUALSTYLE
  5
72
102
{ACAD_REACTORS
330
16
102
}
330
16
100
AcDbVisualStyle
  2
X-Ray
 70
25
177
3
291
0
 70
58
 90
2
176
1
 90
2
176
1
 90
0
176
1
 90
2
176
1
 40
0.5
176
1
 40
30.0
176
1
 62
7
420
16777215
176
1
 90
1
176
1
 90
4
176
1
 62
7
176
1
 62
257
176
1
 90
1
176
1
 90
1
176
1
 40
1.0
176
1
 90
8
176
1
 62
7
176
1
 40
1.0
176
1
 90
1
176
1
 90
6
176
1
 90
2
176
1
 62
7
176
1
 90
5
176
1
 90
0
176
1
 90
0
176
1
290
0
176
1
 90
1
176
1
 40
0.0
176
1
 90
0
176
1
290
0
176
1
290
1
176
1
290
1
176
1
290
0
176
1
290
0
176
1
290
0
176
1
290
0
176
1
290
0
176
1
290
0
176
1
 90
50
176
1
 40
0.0
176
1
 40
1.0
176
1
 90
0
176
1
 62
18
420
0
176
1
 90
50
176
1
 90
3
176
1
 62
5
420
255
176
1
290
0
176
1
 90
50
176
1
 90
50
176
1
 90
50
176
1
290
0
176
1
 90
50
176
1
 62
256
176
0
 40
1.0
176
0
 90
2
176
1
  1
strokes_ogs.tif
176
1
290
0
176
1
 40
1.0
176
1
 40
1.0
176
1
  0
DICTIONARYVAR
  5
CAE
330
2D
100
DictionaryVariables
280
0
  1
1.4.4 @ 2026-09-02T14:08:51.912714+00:00
  0
ENDSEC
  0
EOF
